09:17:46 │ INFO    │ pipeline.storage.db │ Database connected: /Users/yatharth/job_hunt/data/startups.db
09:17:46 │ INFO    │ pipeline │ Using source: Y Combinator
09:17:47 │ INFO    │ httpx │ HTTP Request: POST https://45bwzj1sgc-dsn.algolia.net/1/indexes/*/queries "HTTP/1.1 200 OK"
09:17:48 │ INFO    │ pipeline.scrapers.yc.algolia_client │ Algolia: 4228 total hits across 10 pages
09:17:48 │ INFO    │ httpx │ HTTP Request: POST https://45bwzj1sgc-dsn.algolia.net/1/indexes/*/queries "HTTP/1.1 200 OK"
09:17:48 │ INFO    │ pipeline.scrapers.yc.algolia_client │ Algolia: fetched page 2/10 (200 hits so far)
09:17:49 │ INFO    │ httpx │ HTTP Request: POST https://45bwzj1sgc-dsn.algolia.net/1/indexes/*/queries "HTTP/1.1 200 OK"
09:17:49 │ INFO    │ pipeline.scrapers.yc.algolia_client │ Algolia: fetched page 3/10 (300 hits so far)
09:17:49 │ INFO    │ httpx │ HTTP Request: POST https://45bwzj1sgc-dsn.algolia.net/1/indexes/*/queries "HTTP/1.1 200 OK"
09:17:49 │ INFO    │ pipeline.scrapers.yc.algolia_client │ Algolia: fetched page 4/10 (400 hits so far)
09:17:50 │ INFO    │ httpx │ HTTP Request: POST https://45bwzj1sgc-dsn.algolia.net/1/indexes/*/queries "HTTP/1.1 200 OK"
09:17:50 │ INFO    │ pipeline.scrapers.yc.algolia_client │ Algolia: fetched page 5/10 (500 hits so far)
09:17:50 │ INFO    │ httpx │ HTTP Request: POST https://45bwzj1sgc-dsn.algolia.net/1/indexes/*/queries "HTTP/1.1 200 OK"
09:17:50 │ INFO    │ pipeline.scrapers.yc.algolia_client │ Algolia: fetched page 6/10 (600 hits so far)
09:17:51 │ INFO    │ httpx │ HTTP Request: POST https://45bwzj1sgc-dsn.algolia.net/1/indexes/*/queries "HTTP/1.1 200 OK"
09:17:51 │ INFO    │ pipeline.scrapers.yc.algolia_client │ Algolia: fetched page 7/10 (700 hits so far)
09:17:51 │ INFO    │ httpx │ HTTP Request: POST https://45bwzj1sgc-dsn.algolia.net/1/indexes/*/queries "HTTP/1.1 200 OK"
09:17:51 │ INFO    │ pipeline.scrapers.yc.algolia_client │ Algolia: fetched page 8/10 (800 hits so far)
09:17:52 │ INFO    │ httpx │ HTTP Request: POST https://45bwzj1sgc-dsn.algolia.net/1/indexes/*/queries "HTTP/1.1 200 OK"
09:17:52 │ INFO    │ pipeline.scrapers.yc.algolia_client │ Algolia: fetched page 9/10 (900 hits so far)
09:17:52 │ INFO    │ httpx │ HTTP Request: POST https://45bwzj1sgc-dsn.algolia.net/1/indexes/*/queries "HTTP/1.1 200 OK"
09:17:52 │ INFO    │ pipeline.scrapers.yc.algolia_client │ Algolia: fetched page 10/10 (1000 hits so far)
09:17:52 │ INFO    │ pipeline.scrapers.yc.algolia_client │ Algolia: fetched 1000 companies total
09:17:52 │ INFO    │ pipeline │ Fetched 1000 active companies.
09:17:52 │ INFO    │ pipeline │ Filtered to 276 hiring companies.
09:17:52 │ INFO    │ pipeline │ Resolving job boards...
09:17:53 │ INFO    │ httpx │ HTTP Request: HEAD http://www.algolia.com "HTTP/1.1 301 Moved Permanently"
09:17:53 │ INFO    │ httpx │ HTTP Request: HEAD https://www.clipboardworks.com/careers "HTTP/1.1 200 OK"
09:17:53 │ INFO    │ httpx │ HTTP Request: HEAD https://www.algolia.com/ "HTTP/1.1 403 Forbidden"
09:17:53 │ INFO    │ httpx │ HTTP Request: HEAD https://www.faire.com/ "HTTP/1.1 403 Forbidden"
09:17:53 │ INFO    │ httpx │ HTTP Request: HEAD https://www.clipboardworks.com/careers "HTTP/1.1 200 OK"
09:17:53 │ INFO    │ httpx │ HTTP Request: HEAD http://www.algolia.com "HTTP/1.1 301 Moved Permanently"
09:17:53 │ INFO    │ httpx │ HTTP Request: HEAD https://gusto.com "HTTP/1.1 403 Forbidden"
09:17:53 │ INFO    │ httpx │ HTTP Request: HEAD http://www.checkr.com "HTTP/1.1 301 Moved Permanently"
09:17:53 │ INFO    │ httpx │ HTTP Request: HEAD https://www.algolia.com/ "HTTP/1.1 403 Forbidden"
09:17:53 │ INFO    │ httpx │ HTTP Request: GET http://www.algolia.com "HTTP/1.1 301 Moved Permanently"
09:17:53 │ INFO    │ httpx │ HTTP Request: GET https://api.ashbyhq.com/posting-api/job-board/deel "HTTP/1.1 200 OK"
09:17:53 │ INFO    │ httpx │ HTTP Request: HEAD https://www.clipboardworks.com/careers/careers "HTTP/1.1 404 Not Found"
09:17:53 │ INFO    │ httpx │ HTTP Request: GET https://www.algolia.com/ "HTTP/1.1 403 Forbidden"
09:17:53 │ INFO    │ httpx │ HTTP Request: HEAD https://www.faire.com/ "HTTP/1.1 403 Forbidden"
09:17:53 │ INFO    │ httpx │ HTTP Request: HEAD https://gusto.com "HTTP/1.1 403 Forbidden"
09:17:54 │ INFO    │ httpx │ HTTP Request: HEAD https://www.checkr.com/ "HTTP/1.1 301 Moved Permanently"
09:17:54 │ INFO    │ httpx │ HTTP Request: GET https://api.greenhouse.io/v1/boards/go1-au/jobs "HTTP/1.1 404 Not Found"
09:17:54 │ INFO    │ httpx │ HTTP Request: GET https://api.greenhouse.io/v1/boards/flock-safety/jobs "HTTP/1.1 404 Not Found"
09:17:54 │ INFO    │ httpx │ HTTP Request: HEAD https://www.clipboardworks.com/careers/jobs "HTTP/1.1 404 Not Found"
09:17:54 │ INFO    │ httpx │ HTTP Request: GET https://api.greenhouse.io/v1/boards/algolia/jobs "HTTP/1.1 200 OK"
09:17:54 │ INFO    │ pipeline.enrichment.job_resolver │ Algolia: Tier 1 (greenhouse) → 40 jobs
09:17:54 │ INFO    │ httpx │ HTTP Request: GET https://www.faire.com/ "HTTP/1.1 403 Forbidden"
09:17:54 │ INFO    │ httpx │ HTTP Request: GET https://gusto.com "HTTP/1.1 403 Forbidden"
09:17:54 │ INFO    │ httpx │ HTTP Request: HEAD https://www.clipboardworks.com/careers/work-with-us "HTTP/1.1 404 Not Found"
09:17:54 │ INFO    │ httpx │ HTTP Request: HEAD https://go1.com "HTTP/1.1 301 Moved Permanently"
09:17:54 │ INFO    │ httpx │ HTTP Request: GET https://www.clipboardworks.com/careers "HTTP/1.1 200 OK"
09:17:54 │ INFO    │ httpx │ HTTP Request: HEAD https://www.deel.com/ "HTTP/1.1 200 OK"
09:17:54 │ INFO    │ httpx │ HTTP Request: HEAD http://www.flocksafety.com "HTTP/1.1 301 Moved Permanently"
09:17:54 │ INFO    │ httpx │ HTTP Request: HEAD https://www.deel.com/ "HTTP/1.1 200 OK"
09:17:54 │ INFO    │ httpx │ HTTP Request: GET https://api.greenhouse.io/v1/boards/faire/jobs "HTTP/1.1 200 OK"
09:17:54 │ INFO    │ pipeline.enrichment.job_resolver │ Faire: Tier 1 (greenhouse) → 72 jobs
09:17:54 │ INFO    │ httpx │ HTTP Request: HEAD http://www.odeko.com "HTTP/1.1 301 Moved Permanently"
09:17:54 │ INFO    │ httpx │ HTTP Request: HEAD https://www.goatgroup.com/ "HTTP/1.1 200 OK"
09:17:54 │ INFO    │ httpx │ HTTP Request: HEAD https://www.deel.com/careers "HTTP/1.1 308 Permanent Redirect"
09:17:55 │ INFO    │ httpx │ HTTP Request: HEAD https://podium.com "HTTP/1.1 307 Temporary Redirect"
09:17:55 │ INFO    │ httpx │ HTTP Request: HEAD https://www.deel.com/careers/ "HTTP/1.1 200 OK"
09:17:55 │ INFO    │ httpx │ HTTP Request: HEAD https://www.flocksafety.com/ "HTTP/1.1 200 OK"
09:17:55 │ INFO    │ httpx │ HTTP Request: GET https://www.deel.com/ "HTTP/1.1 200 OK"
09:17:55 │ INFO    │ httpx │ HTTP Request: HEAD http://www.flocksafety.com "HTTP/1.1 301 Moved Permanently"
09:17:55 │ INFO    │ httpx │ HTTP Request: HEAD https://www.goatgroup.com/ "HTTP/1.1 200 OK"
09:17:55 │ INFO    │ httpx │ HTTP Request: GET https://api.greenhouse.io/v1/boards/gusto/jobs "HTTP/1.1 200 OK"
09:17:55 │ INFO    │ pipeline.enrichment.job_resolver │ Gusto: Tier 1 (greenhouse) → 85 jobs
09:17:55 │ INFO    │ httpx │ HTTP Request: HEAD https://www.flocksafety.com/ "HTTP/1.1 200 OK"
09:17:55 │ INFO    │ httpx │ HTTP Request: GET https://api.ashbyhq.com/posting-api/job-board/clipboard "HTTP/1.1 200 OK"
09:17:55 │ INFO    │ pipeline.enrichment.job_resolver │ Clipboard: Tier 1 (ashby) → 32 jobs
09:17:55 │ INFO    │ httpx │ HTTP Request: HEAD http://www.flocksafety.com/careers "HTTP/1.1 301 Moved Permanently"
09:17:55 │ INFO    │ httpx │ HTTP Request: HEAD https://www.flocksafety.com/careers "HTTP/1.1 200 OK"
09:17:55 │ INFO    │ httpx │ HTTP Request: HEAD https://www.podium.com/ "HTTP/1.1 200 OK"
09:17:55 │ INFO    │ httpx │ HTTP Request: HEAD https://www.odeko.com/ "HTTP/1.1 301 Moved Permanently"
09:17:55 │ INFO    │ httpx │ HTTP Request: GET http://www.flocksafety.com "HTTP/1.1 301 Moved Permanently"
09:17:55 │ INFO    │ httpx │ HTTP Request: HEAD https://www.flexport.com/careers/jobs/ "HTTP/1.1 200 OK"
09:17:55 │ INFO    │ httpx │ HTTP Request: GET https://api.greenhouse.io/v1/boards/deel/jobs "HTTP/1.1 404 Not Found"
09:17:55 │ INFO    │ httpx │ HTTP Request: HEAD https://podium.com "HTTP/1.1 307 Temporary Redirect"
09:17:55 │ INFO    │ httpx │ HTTP Request: HEAD https://razorpay.com "HTTP/1.1 200 OK"
09:17:55 │ INFO    │ httpx │ HTTP Request: HEAD http://www.rappi.com "HTTP/1.1 301 Moved Permanently"
09:17:55 │ INFO    │ httpx │ HTTP Request: GET https://www.flocksafety.com/ "HTTP/1.1 200 OK"
09:17:55 │ INFO    │ httpx │ HTTP Request: HEAD https://razorpay.com "HTTP/1.1 200 OK"
09:17:55 │ INFO    │ httpx │ HTTP Request: HEAD https://www.flexport.com/careers/jobs/ "HTTP/1.1 200 OK"
09:17:55 │ INFO    │ httpx │ HTTP Request: HEAD https://razorpay.com/careers "HTTP/1.1 406 Not Acceptable"
09:17:56 │ INFO    │ httpx │ HTTP Request: GET https://api.greenhouse.io/v1/boards/flock-safety/jobs "HTTP/1.1 404 Not Found"
09:17:56 │ INFO    │ httpx │ HTTP Request: HEAD https://www.podium.com/ "HTTP/1.1 200 OK"
09:17:56 │ INFO    │ httpx │ HTTP Request: HEAD https://podium.com/careers "HTTP/1.1 307 Temporary Redirect"
09:17:56 │ INFO    │ httpx │ HTTP Request: HEAD https://razorpay.com/jobs "HTTP/1.1 302 Moved Temporarily"
09:17:56 │ INFO    │ httpx │ HTTP Request: HEAD https://www.go1.com/ "HTTP/1.1 200 OK"
09:17:56 │ INFO    │ httpx │ HTTP Request: HEAD https://go1.com "HTTP/1.1 301 Moved Permanently"
09:17:56 │ INFO    │ httpx │ HTTP Request: HEAD https://razorpay.com/jobs/ "HTTP/1.1 406 Not Acceptable"
09:17:56 │ INFO    │ httpx │ HTTP Request: HEAD https://www.goatgroup.com/careers "HTTP/1.1 200 OK"
09:17:56 │ INFO    │ httpx │ HTTP Request: GET https://api.greenhouse.io/v1/boards/flocksafety/jobs "HTTP/1.1 404 Not Found"
09:17:56 │ INFO    │ httpx │ HTTP Request: HEAD https://razorpay.com/work-with-us "HTTP/1.1 406 Not Acceptable"
09:17:56 │ INFO    │ httpx │ HTTP Request: HEAD https://www.rappi.com/ "HTTP/1.1 302 Moved Temporarily"
09:17:56 │ INFO    │ httpx │ HTTP Request: HEAD https://odeko.com/ "HTTP/1.1 200 OK"
09:17:56 │ INFO    │ httpx │ HTTP Request: HEAD https://checkr.com/ "HTTP/1.1 200 OK"
09:17:56 │ INFO    │ httpx │ HTTP Request: GET https://razorpay.com "HTTP/1.1 200 OK"
09:17:56 │ INFO    │ httpx │ HTTP Request: HEAD http://www.odeko.com "HTTP/1.1 301 Moved Permanently"
09:17:56 │ INFO    │ httpx │ HTTP Request: HEAD http://www.checkr.com "HTTP/1.1 301 Moved Permanently"
09:17:56 │ INFO    │ httpx │ HTTP Request: HEAD https://www.podium.com/careers "HTTP/1.1 200 OK"
09:17:56 │ INFO    │ httpx │ HTTP Request: HEAD https://www.checkr.com/ "HTTP/1.1 301 Moved Permanently"
09:17:56 │ INFO    │ httpx │ HTTP Request: HEAD https://www.go1.com/ "HTTP/1.1 200 OK"
09:17:56 │ INFO    │ httpx │ HTTP Request: GET https://podium.com "HTTP/1.1 307 Temporary Redirect"
09:17:56 │ INFO    │ httpx │ HTTP Request: HEAD https://go1.com/careers "HTTP/1.1 301 Moved Permanently"
09:17:56 │ INFO    │ httpx │ HTTP Request: HEAD https://checkr.com/ "HTTP/1.1 200 OK"
09:17:56 │ INFO    │ httpx │ HTTP Request: GET https://www.goatgroup.com/ "HTTP/1.1 200 OK"
09:17:56 │ INFO    │ httpx │ HTTP Request: GET https://www.podium.com/ "HTTP/1.1 200 OK"
09:17:56 │ INFO    │ httpx │ HTTP Request: HEAD https://www.go1.com/careers "HTTP/1.1 200 OK"
09:17:56 │ INFO    │ httpx │ HTTP Request: GET https://api.greenhouse.io/v1/boards/flock_safety/jobs "HTTP/1.1 404 Not Found"
09:17:57 │ INFO    │ httpx │ HTTP Request: GET https://go1.com "HTTP/1.1 301 Moved Permanently"
09:17:57 │ INFO    │ httpx │ HTTP Request: HEAD http://www.checkr.com/careers "HTTP/1.1 301 Moved Permanently"
09:17:57 │ INFO    │ httpx │ HTTP Request: HEAD https://www.checkr.com/careers "HTTP/1.1 301 Moved Permanently"
09:17:57 │ INFO    │ httpx │ HTTP Request: HEAD https://www.flexport.com/careers/jobs/careers "HTTP/1.1 404 Not Found"
09:17:57 │ INFO    │ httpx │ HTTP Request: HEAD https://checkr.com/careers "HTTP/1.1 301 Moved Permanently"
09:17:57 │ INFO    │ httpx │ HTTP Request: GET https://api.lever.co/v0/postings/deel "HTTP/1.1 404 Not Found"
09:17:57 │ INFO    │ httpx │ HTTP Request: GET https://api.greenhouse.io/v1/boards/razorpay/jobs "HTTP/1.1 404 Not Found"
09:17:57 │ INFO    │ httpx │ HTTP Request: GET https://api.greenhouse.io/v1/boards/podium/jobs "HTTP/1.1 404 Not Found"
09:17:57 │ INFO    │ httpx │ HTTP Request: HEAD https://checkr.com/company/careers "HTTP/1.1 200 OK"
09:17:57 │ INFO    │ httpx │ HTTP Request: GET https://api.greenhouse.io/v1/boards/goat-group/jobs "HTTP/1.1 404 Not Found"
09:17:57 │ INFO    │ httpx │ HTTP Request: HEAD https://www.odeko.com/ "HTTP/1.1 301 Moved Permanently"
09:17:57 │ INFO    │ httpx │ HTTP Request: HEAD https://www.deel.com/ "HTTP/1.1 200 OK"
09:17:57 │ INFO    │ httpx │ HTTP Request: HEAD https://www.flexport.com/careers/jobs/jobs "HTTP/1.1 404 Not Found"
09:17:57 │ INFO    │ httpx │ HTTP Request: GET http://www.checkr.com "HTTP/1.1 301 Moved Permanently"
09:17:57 │ INFO    │ httpx │ HTTP Request: GET https://www.go1.com/ "HTTP/1.1 200 OK"
09:17:57 │ INFO    │ httpx │ HTTP Request: HEAD https://www.rappi.com.mx/ "HTTP/1.1 200 OK"
09:17:57 │ INFO    │ httpx │ HTTP Request: HEAD http://www.rappi.com "HTTP/1.1 301 Moved Permanently"
09:17:57 │ INFO    │ httpx │ HTTP Request: GET https://www.checkr.com/ "HTTP/1.1 301 Moved Permanently"
09:17:57 │ INFO    │ httpx │ HTTP Request: GET https://checkr.com/ "HTTP/1.1 200 OK"
09:17:57 │ INFO    │ httpx │ HTTP Request: HEAD https://www.rappi.com/ "HTTP/1.1 302 Moved Temporarily"
09:17:57 │ INFO    │ httpx │ HTTP Request: HEAD https://www.rappi.com.mx/ "HTTP/1.1 200 OK"
09:17:57 │ INFO    │ httpx │ HTTP Request: HEAD https://www.deel.com/careers "HTTP/1.1 308 Permanent Redirect"
09:17:57 │ INFO    │ httpx │ HTTP Request: HEAD https://www.deel.com/careers/ "HTTP/1.1 200 OK"
09:17:57 │ INFO    │ httpx │ HTTP Request: HEAD http://www.rappi.com/careers "HTTP/1.1 301 Moved Permanently"
09:17:58 │ INFO    │ httpx │ HTTP Request: GET https://www.deel.com/careers/ "HTTP/1.1 200 OK"
09:17:58 │ INFO    │ httpx │ HTTP Request: HEAD https://www.rappi.com/careers "HTTP/1.1 302 Moved Temporarily"
09:17:58 │ INFO    │ httpx │ HTTP Request: HEAD https://www.rappi.com.mx/ "HTTP/1.1 200 OK"
09:17:58 │ INFO    │ httpx │ HTTP Request: HEAD https://www.flexport.com/careers/jobs/work-with-us "HTTP/1.1 404 Not Found"
09:17:58 │ INFO    │ httpx │ HTTP Request: GET https://api.lever.co/v0/postings/flock-safety "HTTP/1.1 404 Not Found"
09:17:58 │ INFO    │ httpx │ HTTP Request: GET http://www.rappi.com "HTTP/1.1 301 Moved Permanently"
09:17:58 │ INFO    │ pipeline.enrichment.job_resolver │ Deel: Tier 4 (manual_visit)
09:17:58 │ INFO    │ httpx │ HTTP Request: GET https://www.flexport.com/careers/jobs/ "HTTP/1.1 200 OK"
09:17:58 │ INFO    │ httpx │ HTTP Request: GET https://api.greenhouse.io/v1/boards/go1/jobs "HTTP/1.1 404 Not Found"
09:17:58 │ INFO    │ httpx │ HTTP Request: GET https://www.rappi.com/ "HTTP/1.1 302 Moved Temporarily"
09:17:58 │ INFO    │ httpx │ HTTP Request: GET https://api.greenhouse.io/v1/boards/checkr/jobs "HTTP/1.1 200 OK"
09:17:58 │ INFO    │ pipeline.enrichment.job_resolver │ Checkr: Tier 1 (greenhouse) → 55 jobs
09:17:58 │ INFO    │ httpx │ HTTP Request: GET https://api.lever.co/v0/postings/flocksafety "HTTP/1.1 404 Not Found"
09:17:58 │ INFO    │ httpx │ HTTP Request: HEAD https://odeko.com/ "HTTP/1.1 200 OK"
09:17:58 │ INFO    │ httpx │ HTTP Request: HEAD http://www.odeko.com/careers "HTTP/1.1 301 Moved Permanently"
09:17:58 │ INFO    │ httpx │ HTTP Request: GET https://api.lever.co/v0/postings/podium "HTTP/1.1 404 Not Found"
09:17:58 │ INFO    │ httpx │ HTTP Request: GET https://api.lever.co/v0/postings/razorpay "HTTP/1.1 404 Not Found"
09:17:58 │ INFO    │ httpx │ HTTP Request: GET https://api.greenhouse.io/v1/boards/rippling/jobs "HTTP/1.1 404 Not Found"
09:17:58 │ INFO    │ httpx │ HTTP Request: GET https://api.lever.co/v0/postings/flock_safety "HTTP/1.1 404 Not Found"
09:17:58 │ INFO    │ httpx │ HTTP Request: GET https://api.greenhouse.io/v1/boards/job-boards/jobs "HTTP/1.1 404 Not Found"
09:17:58 │ INFO    │ httpx │ HTTP Request: HEAD https://podium.com "HTTP/1.1 307 Temporary Redirect"
09:17:58 │ INFO    │ httpx │ HTTP Request: GET https://api.greenhouse.io/v1/boards/scaleai/jobs "HTTP/1.1 200 OK"
09:17:58 │ INFO    │ httpx │ HTTP Request: GET https://api.greenhouse.io/v1/boards/goatgroup/jobs "HTTP/1.1 200 OK"
09:17:58 │ INFO    │ pipeline.enrichment.job_resolver │ GOAT Group: Tier 1 (greenhouse) → 24 jobs
09:17:58 │ INFO    │ httpx │ HTTP Request: HEAD https://razorpay.com "HTTP/1.1 200 OK"
09:17:58 │ INFO    │ httpx │ HTTP Request: HEAD https://razorpay.com/careers "HTTP/1.1 406 Not Acceptable"
09:17:59 │ INFO    │ pipeline.enrichment.job_resolver │ Scale AI: Tier 1 (greenhouse) → 215 jobs
09:17:59 │ INFO    │ httpx │ HTTP Request: HEAD https://www.podium.com/ "HTTP/1.1 200 OK"
09:17:59 │ INFO    │ httpx │ HTTP Request: GET https://api.greenhouse.io/v1/boards/flexport/jobs "HTTP/1.1 200 OK"
09:17:59 │ INFO    │ pipeline.enrichment.job_resolver │ Flexport: Tier 1 (greenhouse) → 152 jobs
09:17:59 │ INFO    │ httpx │ HTTP Request: HEAD http://www.flocksafety.com "HTTP/1.1 301 Moved Permanently"
09:17:59 │ INFO    │ httpx │ HTTP Request: HEAD https://razorpay.com/jobs "HTTP/1.1 406 Not Acceptable"
09:17:59 │ INFO    │ httpx │ HTTP Request: HEAD https://podium.com/careers "HTTP/1.1 307 Temporary Redirect"
09:17:59 │ INFO    │ httpx │ HTTP Request: GET https://www.rappi.com.mx/ "HTTP/1.1 200 OK"
09:17:59 │ INFO    │ httpx │ HTTP Request: HEAD http://shipbob.com "HTTP/1.1 301 Moved Permanently"
09:17:59 │ INFO    │ httpx │ HTTP Request: HEAD https://www.podium.com/careers "HTTP/1.1 200 OK"
09:17:59 │ INFO    │ httpx │ HTTP Request: HEAD https://razorpay.com/work-with-us "HTTP/1.1 406 Not Acceptable"
09:17:59 │ INFO    │ pipeline.enrichment.job_resolver │ Razorpay: Tier 4 (manual_visit)
09:17:59 │ INFO    │ httpx │ HTTP Request: GET https://www.podium.com/careers "HTTP/1.1 200 OK"
09:17:59 │ INFO    │ pipeline.enrichment.job_resolver │ Podium: Tier 4 (manual_visit)
09:17:59 │ INFO    │ httpx │ HTTP Request: HEAD http://rippling.com/ "HTTP/1.1 301 Moved Permanently"
09:17:59 │ INFO    │ httpx │ HTTP Request: HEAD http://stripe.com "HTTP/1.1 301 Moved Permanently"
09:17:59 │ INFO    │ httpx │ HTTP Request: GET https://api.lever.co/v0/postings/go1 "HTTP/1.1 404 Not Found"
09:17:59 │ INFO    │ httpx │ HTTP Request: HEAD https://www.odeko.com/careers "HTTP/1.1 301 Moved Permanently"
09:17:59 │ INFO    │ httpx │ HTTP Request: HEAD https://www.flocksafety.com/ "HTTP/1.1 200 OK"
09:17:59 │ INFO    │ httpx │ HTTP Request: GET https://api.greenhouse.io/v1/boards/rappi/jobs "HTTP/1.1 404 Not Found"
09:17:59 │ INFO    │ httpx │ HTTP Request: HEAD http://www.flocksafety.com/careers "HTTP/1.1 301 Moved Permanently"
09:17:59 │ INFO    │ httpx │ HTTP Request: HEAD http://smartasset.com "HTTP/1.1 301 Moved Permanently"
09:17:59 │ INFO    │ httpx │ HTTP Request: HEAD https://shipbob.com/ "HTTP/1.1 301 Moved Permanently"
09:17:59 │ INFO    │ httpx │ HTTP Request: HEAD https://www.flocksafety.com/careers "HTTP/1.1 200 OK"
09:17:59 │ INFO    │ httpx │ HTTP Request: HEAD https://odeko.com/careers "HTTP/1.1 404 Not Found"
09:17:59 │ INFO    │ httpx │ HTTP Request: GET https://www.flocksafety.com/careers "HTTP/1.1 200 OK"
09:17:59 │ INFO    │ httpx │ HTTP Request: HEAD http://www.odeko.com/jobs "HTTP/1.1 301 Moved Permanently"
09:17:59 │ INFO    │ pipeline.enrichment.job_resolver │ Flock Safety: Tier 2 (html_heuristic) → 4 jobs
09:17:59 │ INFO    │ httpx │ HTTP Request: HEAD https://www.whatnot.com "HTTP/1.1 403 Forbidden"
09:17:59 │ INFO    │ httpx │ HTTP Request: HEAD https://go1.com "HTTP/1.1 301 Moved Permanently"
09:18:00 │ INFO    │ httpx │ HTTP Request: HEAD https://rippling.com/ "HTTP/1.1 301 Moved Permanently"
09:18:00 │ INFO    │ httpx │ HTTP Request: HEAD http://zapier.com "HTTP/1.1 301 Moved Permanently"
09:18:00 │ INFO    │ httpx │ HTTP Request: HEAD https://stripe.com/ "HTTP/1.1 307 Temporary Redirect"
09:18:00 │ INFO    │ httpx │ HTTP Request: HEAD https://www.odeko.com/jobs "HTTP/1.1 301 Moved Permanently"
09:18:00 │ INFO    │ httpx │ HTTP Request: HEAD https://www.shipbob.com/ "HTTP/1.1 200 OK"
09:18:00 │ INFO    │ httpx │ HTTP Request: HEAD http://shipbob.com "HTTP/1.1 301 Moved Permanently"
09:18:00 │ INFO    │ httpx │ HTTP Request: HEAD https://zapier.com/ "HTTP/1.1 200 OK"
09:18:00 │ INFO    │ httpx │ HTTP Request: HEAD https://www.whatnot.com "HTTP/1.1 403 Forbidden"
09:18:00 │ INFO    │ httpx │ HTTP Request: HEAD https://shipbob.com/ "HTTP/1.1 301 Moved Permanently"
09:18:00 │ INFO    │ httpx │ HTTP Request: HEAD http://zapier.com "HTTP/1.1 301 Moved Permanently"
09:18:00 │ INFO    │ httpx │ HTTP Request: HEAD https://odeko.com/jobs "HTTP/1.1 404 Not Found"
09:18:00 │ INFO    │ httpx │ HTTP Request: HEAD https://www.shipbob.com/ "HTTP/1.1 200 OK"
09:18:00 │ INFO    │ httpx │ HTTP Request: HEAD http://www.odeko.com/work-with-us "HTTP/1.1 301 Moved Permanently"
09:18:00 │ INFO    │ httpx │ HTTP Request: HEAD http://shipbob.com/careers "HTTP/1.1 301 Moved Permanently"
09:18:00 │ INFO    │ httpx │ HTTP Request: HEAD https://webflow.com "HTTP/1.1 200 OK"
09:18:00 │ INFO    │ httpx │ HTTP Request: HEAD https://shipbob.com/careers "HTTP/1.1 301 Moved Permanently"
09:18:00 │ INFO    │ httpx │ HTTP Request: HEAD https://zapier.com/ "HTTP/1.1 200 OK"
09:18:00 │ INFO    │ httpx │ HTTP Request: HEAD https://stripe.com/in "HTTP/1.1 200 OK"
09:18:00 │ INFO    │ httpx │ HTTP Request: HEAD http://zapier.com/careers "HTTP/1.1 301 Moved Permanently"
09:18:00 │ INFO    │ httpx │ HTTP Request: HEAD https://www.rippling.com/ "HTTP/1.1 200 OK"
09:18:00 │ INFO    │ httpx │ HTTP Request: HEAD http://stripe.com "HTTP/1.1 301 Moved Permanently"
09:18:00 │ INFO    │ httpx │ HTTP Request: HEAD https://www.go1.com/ "HTTP/1.1 200 OK"
09:18:00 │ INFO    │ httpx │ HTTP Request: HEAD https://www.odeko.com/work-with-us "HTTP/1.1 301 Moved Permanently"
09:18:00 │ INFO    │ httpx │ HTTP Request: HEAD http://rippling.com/ "HTTP/1.1 301 Moved Permanently"
09:18:00 │ INFO    │ httpx │ HTTP Request: GET https://www.whatnot.com "HTTP/1.1 403 Forbidden"
09:18:00 │ INFO    │ httpx │ HTTP Request: HEAD https://go1.com/careers "HTTP/1.1 301 Moved Permanently"
09:18:00 │ INFO    │ httpx │ HTTP Request: HEAD https://webflow.com "HTTP/1.1 200 OK"
09:18:00 │ INFO    │ httpx │ HTTP Request: HEAD https://rippling.com/ "HTTP/1.1 301 Moved Permanently"
09:18:00 │ INFO    │ httpx │ HTTP Request: HEAD https://odeko.com/work-with-us "HTTP/1.1 404 Not Found"
09:18:00 │ INFO    │ httpx │ HTTP Request: GET https://api.lever.co/v0/postings/rappi "HTTP/1.1 404 Not Found"
09:18:00 │ INFO    │ httpx │ HTTP Request: HEAD https://zapier.com/careers "HTTP/1.1 404 Not Found"
09:18:00 │ INFO    │ httpx │ HTTP Request: GET http://www.odeko.com "HTTP/1.1 301 Moved Permanently"
09:18:00 │ INFO    │ httpx │ HTTP Request: HEAD https://www.rippling.com/ "HTTP/1.1 200 OK"
09:18:00 │ INFO    │ httpx │ HTTP Request: HEAD https://www.shipbob.com/careers "HTTP/1.1 301 Moved Permanently"
09:18:00 │ INFO    │ httpx │ HTTP Request: HEAD http://zapier.com/jobs "HTTP/1.1 301 Moved Permanently"
09:18:00 │ INFO    │ httpx │ HTTP Request: HEAD https://webflow.com/careers "HTTP/1.1 301 Moved Permanently"
09:18:00 │ INFO    │ httpx │ HTTP Request: HEAD https://stripe.com/ "HTTP/1.1 307 Temporary Redirect"
09:18:01 │ INFO    │ httpx │ HTTP Request: HEAD https://www.shipbob.com/careers/ "HTTP/1.1 200 OK"
09:18:01 │ INFO    │ httpx │ HTTP Request: HEAD https://smartasset.com/ "HTTP/1.1 200 OK"
09:18:01 │ INFO    │ httpx │ HTTP Request: GET http://shipbob.com "HTTP/1.1 301 Moved Permanently"
09:18:01 │ INFO    │ httpx │ HTTP Request: HEAD https://www.go1.com/careers "HTTP/1.1 200 OK"
09:18:01 │ INFO    │ httpx │ HTTP Request: GET https://www.odeko.com/ "HTTP/1.1 301 Moved Permanently"
09:18:01 │ INFO    │ httpx │ HTTP Request: HEAD https://zapier.com/jobs "HTTP/1.1 200 OK"
09:18:01 │ INFO    │ httpx │ HTTP Request: HEAD http://rippling.com/careers "HTTP/1.1 301 Moved Permanently"
09:18:01 │ INFO    │ httpx │ HTTP Request: GET https://shipbob.com/ "HTTP/1.1 301 Moved Permanently"
09:18:01 │ INFO    │ httpx │ HTTP Request: GET https://api.greenhouse.io/v1/boards/whatnot/jobs "HTTP/1.1 404 Not Found"
09:18:01 │ INFO    │ httpx │ HTTP Request: GET http://zapier.com "HTTP/1.1 301 Moved Permanently"
09:18:01 │ INFO    │ httpx │ HTTP Request: GET https://www.shipbob.com/ "HTTP/1.1 200 OK"
09:18:01 │ INFO    │ httpx │ HTTP Request: HEAD http://smartasset.com "HTTP/1.1 301 Moved Permanently"
09:18:01 │ INFO    │ httpx │ HTTP Request: HEAD http://www.rappi.com "HTTP/1.1 301 Moved Permanently"
09:18:01 │ INFO    │ httpx │ HTTP Request: GET https://odeko.com/ "HTTP/1.1 200 OK"
09:18:01 │ INFO    │ httpx │ HTTP Request: GET https://zapier.com/ "HTTP/1.1 200 OK"
09:18:01 │ INFO    │ httpx │ HTTP Request: HEAD https://webflow.com/company/careers "HTTP/1.1 200 OK"
09:18:01 │ INFO    │ httpx │ HTTP Request: HEAD https://smartasset.com/ "HTTP/1.1 200 OK"
09:18:01 │ INFO    │ httpx │ HTTP Request: GET https://www.go1.com/careers "HTTP/1.1 200 OK"
09:18:01 │ INFO    │ httpx │ HTTP Request: HEAD https://stripe.com/in "HTTP/1.1 200 OK"
09:18:01 │ INFO    │ pipeline.enrichment.job_resolver │ Go1: Tier 4 (manual_visit)
09:18:01 │ INFO    │ httpx │ HTTP Request: HEAD https://rippling.com/careers "HTTP/1.1 301 Moved Permanently"
09:18:01 │ INFO    │ httpx │ HTTP Request: GET https://webflow.com "HTTP/1.1 200 OK"
09:18:01 │ INFO    │ httpx │ HTTP Request: HEAD http://stripe.com/careers "HTTP/1.1 301 Moved Permanently"
09:18:01 │ INFO    │ httpx │ HTTP Request: HEAD http://smartasset.com/careers "HTTP/1.1 301 Moved Permanently"
09:18:01 │ INFO    │ httpx │ HTTP Request: HEAD https://www.rippling.com/careers "HTTP/1.1 200 OK"
09:18:01 │ INFO    │ httpx │ HTTP Request: HEAD https://www.rappi.com/ "HTTP/1.1 302 Moved Temporarily"
09:18:01 │ INFO    │ httpx │ HTTP Request: GET https://api.greenhouse.io/v1/boards/shipbob/jobs "HTTP/1.1 404 Not Found"
09:18:01 │ INFO    │ httpx │ HTTP Request: GET https://api.greenhouse.io/v1/boards/odeko/jobs "HTTP/1.1 200 OK"
09:18:01 │ INFO    │ pipeline.enrichment.job_resolver │ Odeko: Tier 1 (greenhouse) → 23 jobs
09:18:01 │ INFO    │ httpx │ HTTP Request: GET http://rippling.com/ "HTTP/1.1 301 Moved Permanently"
09:18:01 │ INFO    │ httpx │ HTTP Request: GET https://api.greenhouse.io/v1/boards/zapier/jobs "HTTP/1.1 404 Not Found"
09:18:01 │ INFO    │ httpx │ HTTP Request: GET https://rippling.com/ "HTTP/1.1 301 Moved Permanently"
09:18:01 │ INFO    │ httpx │ HTTP Request: HEAD https://stripe.com/careers "HTTP/1.1 307 Temporary Redirect"
09:18:02 │ INFO    │ httpx │ HTTP Request: HEAD https://smartasset.com/careers "HTTP/1.1 200 OK"
09:18:02 │ INFO    │ httpx │ HTTP Request: HEAD http://www.tovala.com "HTTP/1.0 308 Permanent Redirect"
09:18:02 │ INFO    │ httpx │ HTTP Request: GET https://www.rippling.com/ "HTTP/1.1 200 OK"
09:18:02 │ INFO    │ httpx │ HTTP Request: HEAD https://www.rappi.com.mx/ "HTTP/1.1 200 OK"
09:18:02 │ INFO    │ httpx │ HTTP Request: GET http://smartasset.com "HTTP/1.1 301 Moved Permanently"
09:18:02 │ INFO    │ httpx │ HTTP Request: HEAD http://www.rappi.com/careers "HTTP/1.1 301 Moved Permanently"
09:18:02 │ INFO    │ httpx │ HTTP Request: HEAD https://www.rappi.com/careers "HTTP/1.1 302 Moved Temporarily"
09:18:02 │ INFO    │ httpx │ HTTP Request: GET https://api.lever.co/v0/postings/whatnot "HTTP/1.1 404 Not Found"
09:18:02 │ INFO    │ httpx │ HTTP Request: HEAD https://www.rappi.com.mx/ "HTTP/1.1 200 OK"
09:18:02 │ INFO    │ httpx │ HTTP Request: HEAD https://stripe.com/in/careers "HTTP/1.1 200 OK"
09:18:02 │ INFO    │ httpx │ HTTP Request: GET http://stripe.com "HTTP/1.1 301 Moved Permanently"
09:18:02 │ INFO    │ httpx │ HTTP Request: HEAD http://www.bymason.com "HTTP/1.1 301 Moved Permanently"
09:18:02 │ INFO    │ httpx │ HTTP Request: HEAD https://www.tovala.com/ "HTTP/1.1 200 OK"
09:18:02 │ INFO    │ httpx │ HTTP Request: HEAD https://www.whatnot.com "HTTP/1.1 403 Forbidden"
09:18:02 │ INFO    │ pipeline.enrichment.job_resolver │ Whatnot: Tier 4 (manual_visit)
09:18:02 │ INFO    │ httpx │ HTTP Request: HEAD http://www.tovala.com "HTTP/1.0 308 Permanent Redirect"
09:18:02 │ INFO    │ httpx │ HTTP Request: GET https://stripe.com/ "HTTP/1.1 307 Temporary Redirect"
09:18:02 │ INFO    │ httpx │ HTTP Request: GET https://api.lever.co/v0/postings/shipbob "HTTP/1.1 404 Not Found"
09:18:02 │ INFO    │ httpx │ HTTP Request: HEAD https://www.tovala.com/ "HTTP/1.1 200 OK"
09:18:02 │ INFO    │ httpx │ HTTP Request: GET https://api.greenhouse.io/v1/boards/rippling/jobs "HTTP/1.1 404 Not Found"
09:18:03 │ INFO    │ httpx │ HTTP Request: GET https://stripe.com/in "HTTP/1.1 200 OK"
09:18:03 │ INFO    │ httpx │ HTTP Request: HEAD http://www.tovala.com/careers "HTTP/1.0 308 Permanent Redirect"
09:18:03 │ INFO    │ httpx │ HTTP Request: HEAD https://www.tovala.com/careers "HTTP/1.1 307 Temporary Redirect"
09:18:03 │ INFO    │ httpx │ HTTP Request: GET https://api.lever.co/v0/postings/zapier "HTTP/1.1 404 Not Found"
09:18:03 │ INFO    │ httpx │ HTTP Request: GET https://smartasset.com/ "HTTP/1.1 200 OK"
09:18:03 │ INFO    │ httpx │ HTTP Request: HEAD https://www.bymason.com/ "HTTP/1.1 200 OK"
09:18:03 │ INFO    │ httpx │ HTTP Request: HEAD http://www.bymason.com "HTTP/1.1 301 Moved Permanently"
09:18:03 │ INFO    │ httpx │ HTTP Request: HEAD http://shipbob.com "HTTP/1.1 301 Moved Permanently"
09:18:03 │ INFO    │ httpx │ HTTP Request: HEAD http://zapier.com "HTTP/1.1 301 Moved Permanently"
09:18:03 │ INFO    │ httpx │ HTTP Request: HEAD https://www.bymason.com/ "HTTP/1.1 200 OK"
09:18:03 │ INFO    │ httpx │ HTTP Request: GET https://api.greenhouse.io/v1/boards/webflow/jobs "HTTP/1.1 200 OK"
09:18:03 │ INFO    │ pipeline.enrichment.job_resolver │ Webflow: Tier 1 (greenhouse) → 28 jobs
09:18:03 │ INFO    │ httpx │ HTTP Request: HEAD http://www.bymason.com/careers "HTTP/1.1 301 Moved Permanently"
09:18:03 │ INFO    │ httpx │ HTTP Request: GET https://www.rappi.com.mx/ "HTTP/1.1 200 OK"
09:18:03 │ INFO    │ pipeline.enrichment.job_resolver │ Rappi: Tier 4 (manual_visit)
09:18:03 │ INFO    │ httpx │ HTTP Request: HEAD https://shipbob.com/ "HTTP/1.1 301 Moved Permanently"
09:18:03 │ INFO    │ httpx │ HTTP Request: HEAD https://zapier.com/ "HTTP/1.1 200 OK"
09:18:03 │ INFO    │ httpx │ HTTP Request: HEAD http://zapier.com/careers "HTTP/1.1 301 Moved Permanently"
09:18:03 │ INFO    │ httpx │ HTTP Request: GET https://api.greenhouse.io/v1/boards/stripe/jobs "HTTP/1.1 200 OK"
09:18:03 │ INFO    │ httpx │ HTTP Request: HEAD https://jobs.lever.co/tovala "HTTP/1.1 200 OK"
09:18:03 │ INFO    │ httpx │ HTTP Request: HEAD https://www.bymason.com/careers "HTTP/1.1 404 Not Found"
09:18:03 │ INFO    │ httpx │ HTTP Request: HEAD https://zapier.com/careers "HTTP/1.1 404 Not Found"
09:18:03 │ INFO    │ httpx │ HTTP Request: HEAD http://www.bymason.com/jobs "HTTP/1.1 301 Moved Permanently"
09:18:03 │ INFO    │ httpx │ HTTP Request: HEAD http://zapier.com/jobs "HTTP/1.1 301 Moved Permanently"
09:18:04 │ INFO    │ pipeline.enrichment.job_resolver │ Stripe: Tier 1 (greenhouse) → 548 jobs
09:18:04 │ INFO    │ httpx │ HTTP Request: HEAD https://www.deepgram.com "HTTP/1.1 301 Moved Permanently"
09:18:04 │ INFO    │ httpx │ HTTP Request: HEAD https://www.shipbob.com/ "HTTP/1.1 200 OK"
09:18:04 │ INFO    │ httpx │ HTTP Request: HEAD http://shipbob.com/careers "HTTP/1.1 301 Moved Permanently"
09:18:04 │ INFO    │ httpx │ HTTP Request: HEAD https://zapier.com/jobs "HTTP/1.1 200 OK"
09:18:04 │ INFO    │ httpx │ HTTP Request: HEAD http://soundboks.com "HTTP/1.1 301 Moved Permanently"
09:18:04 │ INFO    │ httpx │ HTTP Request: GET https://api.lever.co/v0/postings/rippling "HTTP/1.1 404 Not Found"
09:18:04 │ INFO    │ httpx │ HTTP Request: HEAD https://shipbob.com/careers "HTTP/1.1 301 Moved Permanently"
09:18:04 │ INFO    │ httpx │ HTTP Request: GET https://api.greenhouse.io/v1/boards/smartasset/jobs "HTTP/1.1 200 OK"
09:18:04 │ INFO    │ pipeline.enrichment.job_resolver │ SmartAsset: Tier 1 (greenhouse) → 5 jobs
09:18:04 │ INFO    │ httpx │ HTTP Request: HEAD https://www.shipbob.com/careers "HTTP/1.1 301 Moved Permanently"
09:18:04 │ INFO    │ httpx │ HTTP Request: HEAD https://lattice.com "HTTP/1.1 200 OK"
09:18:04 │ INFO    │ httpx │ HTTP Request: GET https://zapier.com/jobs "HTTP/1.1 200 OK"
09:18:04 │ INFO    │ httpx │ HTTP Request: HEAD https://lattice.com "HTTP/1.1 200 OK"
09:18:04 │ INFO    │ httpx │ HTTP Request: HEAD https://www.shipbob.com/careers/ "HTTP/1.1 200 OK"
09:18:04 │ INFO    │ httpx │ HTTP Request: HEAD https://www.bymason.com/jobs "HTTP/1.1 404 Not Found"
09:18:04 │ INFO    │ pipeline.enrichment.job_resolver │ Zapier: Tier 4 (manual_visit)
09:18:04 │ INFO    │ httpx │ HTTP Request: HEAD https://lattice.com/careers "HTTP/1.1 200 OK"
09:18:04 │ INFO    │ httpx │ HTTP Request: GET https://www.shipbob.com/careers/ "HTTP/1.1 200 OK"
09:18:04 │ INFO    │ httpx │ HTTP Request: HEAD http://mux.com "HTTP/1.0 308 Permanent Redirect"
09:18:04 │ INFO    │ httpx │ HTTP Request: GET https://lattice.com "HTTP/1.1 200 OK"
09:18:04 │ INFO    │ httpx │ HTTP Request: HEAD http://www.bymason.com/work-with-us "HTTP/1.1 301 Moved Permanently"
09:18:04 │ INFO    │ pipeline.enrichment.job_resolver │ ShipBob: Tier 4 (manual_visit)
09:18:04 │ INFO    │ httpx │ HTTP Request: HEAD http://rippling.com/ "HTTP/1.1 301 Moved Permanently"
09:18:04 │ INFO    │ httpx │ HTTP Request: HEAD https://mux.com/ "HTTP/1.1 308 Permanent Redirect"
09:18:04 │ INFO    │ httpx │ HTTP Request: HEAD https://deepgram.com/ "HTTP/1.1 200 OK"
09:18:04 │ INFO    │ httpx │ HTTP Request: HEAD http://eightsleep.com "HTTP/1.0 308 Permanent Redirect"
09:18:05 │ INFO    │ httpx │ HTTP Request: HEAD http://humaninterest.com "HTTP/1.1 301 Moved Permanently"
09:18:05 │ INFO    │ httpx │ HTTP Request: HEAD http://www.isonohealth.com "HTTP/1.1 301 Moved Permanently"
09:18:05 │ INFO    │ httpx │ HTTP Request: HEAD https://www.deepgram.com "HTTP/1.1 301 Moved Permanently"
09:18:05 │ INFO    │ httpx │ HTTP Request: HEAD https://www.bymason.com/work-with-us "HTTP/1.1 404 Not Found"
09:18:05 │ INFO    │ httpx │ HTTP Request: GET http://www.bymason.com "HTTP/1.1 301 Moved Permanently"
09:18:05 │ INFO    │ httpx │ HTTP Request: HEAD https://eightsleep.com/ "HTTP/1.1 308 Permanent Redirect"
09:18:05 │ INFO    │ httpx │ HTTP Request: HEAD https://soundboks.com/ "HTTP/1.1 200 OK"
09:18:05 │ INFO    │ httpx │ HTTP Request: GET https://api.greenhouse.io/v1/boards/lattice/jobs "HTTP/1.1 200 OK"
09:18:05 │ INFO    │ pipeline.enrichment.job_resolver │ Lattice: Tier 1 (greenhouse) → 7 jobs
09:18:05 │ INFO    │ httpx │ HTTP Request: GET https://www.bymason.com/ "HTTP/1.1 200 OK"
09:18:05 │ INFO    │ httpx │ HTTP Request: HEAD https://deepgram.com/ "HTTP/1.1 200 OK"
09:18:05 │ INFO    │ httpx │ HTTP Request: HEAD http://soundboks.com "HTTP/1.1 301 Moved Permanently"
09:18:05 │ INFO    │ httpx │ HTTP Request: HEAD https://www.mux.com/ "HTTP/1.1 200 OK"
09:18:05 │ INFO    │ httpx │ HTTP Request: HEAD https://www.deepgram.com/careers "HTTP/1.1 301 Moved Permanently"
09:18:05 │ INFO    │ httpx │ HTTP Request: HEAD http://mux.com "HTTP/1.0 308 Permanent Redirect"
09:18:05 │ INFO    │ httpx │ HTTP Request: HEAD https://soundboks.com/ "HTTP/1.1 200 OK"
09:18:05 │ INFO    │ httpx │ HTTP Request: HEAD https://mux.com/ "HTTP/1.1 308 Permanent Redirect"
09:18:05 │ INFO    │ httpx │ HTTP Request: HEAD http://soundboks.com/careers "HTTP/1.1 301 Moved Permanently"
09:18:05 │ INFO    │ httpx │ HTTP Request: HEAD https://rippling.com/ "HTTP/1.1 301 Moved Permanently"
09:18:05 │ INFO    │ httpx │ HTTP Request: HEAD https://www.mux.com/ "HTTP/1.1 200 OK"
09:18:05 │ INFO    │ httpx │ HTTP Request: HEAD http://instawork.com "HTTP/1.1 301 Moved Permanently"
09:18:05 │ INFO    │ httpx │ HTTP Request: GET https://api.lever.co/v0/postings/tovala "HTTP/1.1 200 OK"
09:18:05 │ INFO    │ httpx │ HTTP Request: GET https://api.greenhouse.io/v1/boards/mason/jobs "HTTP/1.1 404 Not Found"
09:18:05 │ INFO    │ httpx │ HTTP Request: HEAD http://mux.com/careers "HTTP/1.0 308 Permanent Redirect"
09:18:05 │ INFO    │ httpx │ HTTP Request: HEAD https://www.eightsleep.com/ "HTTP/1.1 200 OK"
09:18:05 │ INFO    │ httpx │ HTTP Request: HEAD https://mux.com/careers "HTTP/1.1 308 Permanent Redirect"
09:18:05 │ INFO    │ httpx │ HTTP Request: HEAD https://www.rippling.com/ "HTTP/1.1 200 OK"
09:18:05 │ INFO    │ httpx │ HTTP Request: HEAD https://deepgram.com/careers "HTTP/1.1 200 OK"
09:18:05 │ INFO    │ httpx │ HTTP Request: HEAD https://soundboks.com/careers "HTTP/1.1 404 Not Found"
09:18:05 │ INFO    │ httpx │ HTTP Request: HEAD https://www.mux.com/careers "HTTP/1.1 404 Not Found"
09:18:05 │ INFO    │ httpx │ HTTP Request: HEAD http://eightsleep.com "HTTP/1.0 308 Permanent Redirect"
09:18:05 │ INFO    │ httpx │ HTTP Request: HEAD http://rippling.com/careers "HTTP/1.1 301 Moved Permanently"
09:18:05 │ INFO    │ httpx │ HTTP Request: HEAD http://soundboks.com/jobs "HTTP/1.1 301 Moved Permanently"
09:18:05 │ INFO    │ httpx │ HTTP Request: GET https://www.deepgram.com "HTTP/1.1 301 Moved Permanently"
09:18:05 │ INFO    │ httpx │ HTTP Request: HEAD https://eightsleep.com/ "HTTP/1.1 308 Permanent Redirect"
09:18:05 │ INFO    │ httpx │ HTTP Request: HEAD http://mux.com/jobs "HTTP/1.0 308 Permanent Redirect"
09:18:05 │ INFO    │ httpx │ HTTP Request: HEAD https://rippling.com/careers "HTTP/1.1 301 Moved Permanently"
09:18:05 │ INFO    │ httpx │ HTTP Request: HEAD https://mux.com/jobs "HTTP/1.1 308 Permanent Redirect"
09:18:05 │ INFO    │ httpx │ HTTP Request: GET https://deepgram.com/ "HTTP/1.1 200 OK"
09:18:05 │ INFO    │ httpx │ HTTP Request: HEAD https://www.eightsleep.com/ "HTTP/1.1 200 OK"
09:18:05 │ INFO    │ httpx │ HTTP Request: HEAD https://soundboks.com/jobs "HTTP/1.1 404 Not Found"
09:18:06 │ INFO    │ httpx │ HTTP Request: HEAD https://www.rippling.com/careers "HTTP/1.1 200 OK"
09:18:06 │ INFO    │ httpx │ HTTP Request: HEAD http://soundboks.com/work-with-us "HTTP/1.1 301 Moved Permanently"
09:18:06 │ INFO    │ httpx │ HTTP Request: HEAD https://instawork.com/ "HTTP/1.1 301 Moved Permanently"
09:18:06 │ INFO    │ httpx │ HTTP Request: HEAD http://eightsleep.com/careers "HTTP/1.0 308 Permanent Redirect"
09:18:06 │ INFO    │ httpx │ HTTP Request: GET https://www.rippling.com/careers "HTTP/1.1 200 OK"
09:18:06 │ INFO    │ httpx │ HTTP Request: HEAD https://eightsleep.com/careers "HTTP/1.1 308 Permanent Redirect"
09:18:06 │ INFO    │ httpx │ HTTP Request: HEAD https://soundboks.com/work-with-us "HTTP/1.1 404 Not Found"
09:18:06 │ INFO    │ httpx │ HTTP Request: HEAD http://www.isonohealth.com "HTTP/1.1 301 Moved Permanently"
09:18:06 │ INFO    │ httpx │ HTTP Request: HEAD https://www.mux.com/jobs "HTTP/1.1 200 OK"
09:18:06 │ INFO    │ pipeline.enrichment.job_resolver │ Rippling: Tier 4 (manual_visit)
09:18:06 │ INFO    │ httpx │ HTTP Request: GET http://mux.com "HTTP/1.0 308 Permanent Redirect"
09:18:06 │ INFO    │ httpx │ HTTP Request: GET http://soundboks.com "HTTP/1.1 301 Moved Permanently"
09:18:06 │ INFO    │ httpx │ HTTP Request: GET https://mux.com/ "HTTP/1.1 308 Permanent Redirect"
09:18:06 │ INFO    │ pipeline.enrichment.job_resolver │ Tovala: Tier 1 (lever) → 10 jobs
09:18:06 │ INFO    │ httpx │ HTTP Request: GET https://www.mux.com/ "HTTP/1.1 200 OK"
09:18:06 │ INFO    │ httpx │ HTTP Request: GET https://soundboks.com/ "HTTP/1.1 200 OK"
09:18:06 │ INFO    │ httpx │ HTTP Request: GET https://api.greenhouse.io/v1/boards/deepgram/jobs "HTTP/1.1 404 Not Found"
09:18:06 │ INFO    │ httpx │ HTTP Request: GET https://api.lever.co/v0/postings/mason "HTTP/1.1 404 Not Found"
09:18:06 │ INFO    │ httpx │ HTTP Request: HEAD https://www.eightsleep.com/careers "HTTP/1.1 200 OK"
09:18:06 │ INFO    │ httpx │ HTTP Request: HEAD https://www.instawork.com/ "HTTP/1.1 200 OK"
09:18:06 │ INFO    │ httpx │ HTTP Request: HEAD http://bitmovin.com "HTTP/1.1 301 Moved Permanently"
09:18:06 │ INFO    │ httpx │ HTTP Request: HEAD http://instawork.com "HTTP/1.1 301 Moved Permanently"
09:18:06 │ INFO    │ httpx │ HTTP Request: GET http://eightsleep.com "HTTP/1.0 308 Permanent Redirect"
09:18:07 │ INFO    │ httpx │ HTTP Request: GET https://eightsleep.com/ "HTTP/1.1 308 Permanent Redirect"
09:18:07 │ INFO    │ httpx │ HTTP Request: GET https://www.eightsleep.com/ "HTTP/1.1 200 OK"
09:18:07 │ INFO    │ httpx │ HTTP Request: GET https://api.greenhouse.io/v1/boards/mux/jobs "HTTP/1.1 404 Not Found"
09:18:07 │ INFO    │ httpx │ HTTP Request: GET https://api.greenhouse.io/v1/boards/soundboks/jobs "HTTP/1.1 404 Not Found"
09:18:07 │ INFO    │ httpx │ HTTP Request: HEAD http://www.bymason.com "HTTP/1.1 301 Moved Permanently"
09:18:07 │ INFO    │ httpx │ HTTP Request: HEAD https://bitmovin.com/ "HTTP/1.1 403 Forbidden"
09:18:07 │ INFO    │ httpx │ HTTP Request: HEAD https://instawork.com/ "HTTP/1.1 301 Moved Permanently"
09:18:07 │ INFO    │ httpx │ HTTP Request: HEAD http://bitmovin.com "HTTP/1.1 301 Moved Permanently"
09:18:07 │ INFO    │ httpx │ HTTP Request: HEAD https://www.instawork.com/ "HTTP/1.1 200 OK"
09:18:07 │ INFO    │ httpx │ HTTP Request: HEAD https://www.xendit.co/ "HTTP/1.1 301 Moved Permanently"
09:18:07 │ INFO    │ httpx │ HTTP Request: HEAD https://humaninterest.com/ "HTTP/1.1 200 OK"
09:18:07 │ INFO    │ httpx │ HTTP Request: HEAD http://instawork.com/careers "HTTP/1.1 301 Moved Permanently"
09:18:07 │ INFO    │ httpx │ HTTP Request: HEAD http://humaninterest.com "HTTP/1.1 301 Moved Permanently"
09:18:07 │ INFO    │ httpx │ HTTP Request: HEAD https://www.xendit.co/en/ "HTTP/1.1 200 OK"
09:18:07 │ INFO    │ httpx │ HTTP Request: GET http://www.isonohealth.com "HTTP/1.1 301 Moved Permanently"
09:18:07 │ INFO    │ httpx │ HTTP Request: HEAD https://www.bymason.com/ "HTTP/1.1 200 OK"
09:18:07 │ INFO    │ httpx │ HTTP Request: HEAD http://www.bymason.com/careers "HTTP/1.1 301 Moved Permanently"
09:18:07 │ INFO    │ httpx │ HTTP Request: GET https://api.greenhouse.io/v1/boards/eight-sleep/jobs "HTTP/1.1 404 Not Found"
09:18:07 │ INFO    │ httpx │ HTTP Request: HEAD https://bitmovin.com/ "HTTP/1.1 403 Forbidden"
09:18:07 │ INFO    │ httpx │ HTTP Request: HEAD https://www.bymason.com/careers "HTTP/1.1 404 Not Found"
09:18:07 │ INFO    │ httpx │ HTTP Request: GET http://bitmovin.com "HTTP/1.1 301 Moved Permanently"
09:18:07 │ INFO    │ httpx │ HTTP Request: HEAD http://www.bymason.com/jobs "HTTP/1.1 301 Moved Permanently"
09:18:07 │ INFO    │ httpx │ HTTP Request: HEAD https://www.bymason.com/jobs "HTTP/1.1 404 Not Found"
09:18:07 │ INFO    │ httpx │ HTTP Request: HEAD http://www.bymason.com/work-with-us "HTTP/1.1 301 Moved Permanently"
09:18:07 │ INFO    │ httpx │ HTTP Request: HEAD https://www.bymason.com/work-with-us "HTTP/1.1 404 Not Found"
09:18:07 │ INFO    │ pipeline.enrichment.job_resolver │ Mason: Tier 4 (manual_visit)
09:18:07 │ INFO    │ httpx │ HTTP Request: HEAD https://instawork.com/careers "HTTP/1.1 301 Moved Permanently"
09:18:07 │ INFO    │ httpx │ HTTP Request: GET https://api.lever.co/v0/postings/deepgram "HTTP/1.1 404 Not Found"
09:18:07 │ INFO    │ httpx │ HTTP Request: GET https://api.greenhouse.io/v1/boards/eightsleep/jobs "HTTP/1.1 404 Not Found"
09:18:07 │ INFO    │ httpx │ HTTP Request: HEAD https://www.xendit.co/ "HTTP/1.1 301 Moved Permanently"
09:18:08 │ INFO    │ httpx │ HTTP Request: HEAD https://www.xendit.co/en/ "HTTP/1.1 200 OK"
09:18:08 │ INFO    │ httpx │ HTTP Request: GET https://bitmovin.com/ "HTTP/1.1 403 Forbidden"
09:18:08 │ INFO    │ httpx │ HTTP Request: HEAD https://www.instawork.com/careers "HTTP/1.1 200 OK"
09:18:08 │ INFO    │ httpx │ HTTP Request: GET http://instawork.com "HTTP/1.1 301 Moved Permanently"
09:18:08 │ INFO    │ httpx │ HTTP Request: GET https://api.lever.co/v0/postings/mux "HTTP/1.1 404 Not Found"
09:18:08 │ INFO    │ httpx │ HTTP Request: HEAD http://mux.com "HTTP/1.0 308 Permanent Redirect"
09:18:08 │ INFO    │ httpx │ HTTP Request: GET https://api.lever.co/v0/postings/soundboks "HTTP/1.1 404 Not Found"
09:18:08 │ INFO    │ httpx │ HTTP Request: GET https://api.greenhouse.io/v1/boards/bitmovin/jobs "HTTP/1.1 200 OK"
09:18:08 │ INFO    │ pipeline.enrichment.job_resolver │ Bitmovin: Tier 1 (greenhouse) → 9 jobs
09:18:08 │ INFO    │ httpx │ HTTP Request: HEAD https://www.xendit.co/careers "HTTP/1.1 301 Moved Permanently"
09:18:08 │ INFO    │ httpx │ HTTP Request: HEAD https://www.deepgram.com "HTTP/1.1 301 Moved Permanently"
09:18:08 │ INFO    │ httpx │ HTTP Request: HEAD https://mux.com/ "HTTP/1.1 308 Permanent Redirect"
09:18:08 │ INFO    │ httpx │ HTTP Request: GET https://api.greenhouse.io/v1/boards/eight_sleep/jobs "HTTP/1.1 404 Not Found"
09:18:08 │ INFO    │ httpx │ HTTP Request: GET https://instawork.com/ "HTTP/1.1 301 Moved Permanently"
09:18:08 │ INFO    │ httpx │ HTTP Request: GET https://www.instawork.com/ "HTTP/1.1 200 OK"
09:18:08 │ INFO    │ httpx │ HTTP Request: GET https://api.greenhouse.io/v1/boards/isono-health/jobs "HTTP/1.1 404 Not Found"
09:18:08 │ INFO    │ httpx │ HTTP Request: HEAD http://soundboks.com "HTTP/1.1 301 Moved Permanently"
09:18:08 │ INFO    │ httpx │ HTTP Request: HEAD https://www.xendit.co/careers/ "HTTP/1.1 301 Moved Permanently"
09:18:08 │ INFO    │ httpx │ HTTP Request: HEAD https://deepgram.com/ "HTTP/1.1 200 OK"
09:18:08 │ INFO    │ httpx │ HTTP Request: HEAD https://www.mux.com/ "HTTP/1.1 200 OK"
09:18:09 │ INFO    │ httpx │ HTTP Request: GET https://api.greenhouse.io/v1/boards/isonohealth/jobs "HTTP/1.1 404 Not Found"
09:18:09 │ INFO    │ httpx │ HTTP Request: HEAD https://www.xendit.co/en/careers/ "HTTP/1.1 200 OK"
09:18:09 │ INFO    │ httpx │ HTTP Request: HEAD https://www.deepgram.com/careers "HTTP/1.1 301 Moved Permanently"
09:18:09 │ INFO    │ httpx │ HTTP Request: GET https://api.greenhouse.io/v1/boards/instawork/jobs "HTTP/1.1 200 OK"
09:18:09 │ INFO    │ httpx │ HTTP Request: HEAD http://mux.com/careers "HTTP/1.0 308 Permanent Redirect"
09:18:09 │ INFO    │ pipeline.enrichment.job_resolver │ Instawork: Tier 1 (greenhouse) → 47 jobs
09:18:09 │ INFO    │ httpx │ HTTP Request: HEAD https://mux.com/careers "HTTP/1.1 308 Permanent Redirect"
09:18:09 │ INFO    │ httpx │ HTTP Request: HEAD https://deepgram.com/careers "HTTP/1.1 200 OK"
09:18:09 │ INFO    │ httpx │ HTTP Request: HEAD https://www.mux.com/careers "HTTP/1.1 404 Not Found"
09:18:09 │ INFO    │ httpx │ HTTP Request: HEAD https://soundboks.com/ "HTTP/1.1 200 OK"
09:18:09 │ INFO    │ httpx │ HTTP Request: GET https://deepgram.com/careers "HTTP/1.1 200 OK"
09:18:09 │ INFO    │ httpx │ HTTP Request: HEAD http://soundboks.com/careers "HTTP/1.1 301 Moved Permanently"
09:18:09 │ INFO    │ httpx │ HTTP Request: HEAD https://circlemedical.com "HTTP/1.1 301 Moved Permanently"
09:18:09 │ INFO    │ httpx │ HTTP Request: HEAD http://mux.com/jobs "HTTP/1.0 308 Permanent Redirect"
09:18:09 │ INFO    │ httpx │ HTTP Request: GET https://www.xendit.co/ "HTTP/1.1 301 Moved Permanently"
09:18:09 │ INFO    │ httpx │ HTTP Request: HEAD https://mux.com/jobs "HTTP/1.1 308 Permanent Redirect"
09:18:09 │ INFO    │ httpx │ HTTP Request: HEAD https://soundboks.com/careers "HTTP/1.1 404 Not Found"
09:18:09 │ INFO    │ httpx │ HTTP Request: HEAD https://www.mux.com/jobs "HTTP/1.1 200 OK"
09:18:09 │ INFO    │ pipeline.enrichment.job_resolver │ Deepgram: Tier 4 (manual_visit)
09:18:09 │ INFO    │ httpx │ HTTP Request: GET https://www.xendit.co/en/ "HTTP/1.1 200 OK"
09:18:09 │ INFO    │ httpx │ HTTP Request: HEAD http://soundboks.com/jobs "HTTP/1.1 301 Moved Permanently"
09:18:09 │ INFO    │ httpx │ HTTP Request: GET https://www.mux.com/jobs "HTTP/1.1 200 OK"
09:18:09 │ INFO    │ httpx │ HTTP Request: GET https://api.greenhouse.io/v1/boards/isono_health/jobs "HTTP/1.1 404 Not Found"
09:18:09 │ INFO    │ pipeline.enrichment.job_resolver │ Mux: Tier 4 (manual_visit)
09:18:09 │ INFO    │ httpx │ HTTP Request: HEAD https://soundboks.com/jobs "HTTP/1.1 404 Not Found"
09:18:09 │ INFO    │ httpx │ HTTP Request: HEAD http://go.givecampus.com "HTTP/1.1 403 Forbidden"
09:18:09 │ INFO    │ httpx │ HTTP Request: HEAD http://soundboks.com/work-with-us "HTTP/1.1 301 Moved Permanently"
09:18:09 │ INFO    │ httpx │ HTTP Request: HEAD https://humaninterest.com/ "HTTP/1.1 200 OK"
09:18:09 │ INFO    │ httpx │ HTTP Request: HEAD http://humaninterest.com/careers "HTTP/1.1 301 Moved Permanently"
09:18:10 │ INFO    │ httpx │ HTTP Request: HEAD https://soundboks.com/work-with-us "HTTP/1.1 404 Not Found"
09:18:10 │ INFO    │ pipeline.enrichment.job_resolver │ SOUNDBOKS: Tier 4 (manual_visit)
09:18:10 │ INFO    │ httpx │ HTTP Request: HEAD http://go.givecampus.com "HTTP/1.1 403 Forbidden"
09:18:10 │ INFO    │ httpx │ HTTP Request: HEAD http://dripcapital.com "HTTP/1.1 301 Moved Permanently"
09:18:10 │ INFO    │ httpx │ HTTP Request: HEAD https://humaninterest.com/careers "HTTP/1.1 308 Permanent Redirect"
09:18:10 │ INFO    │ httpx │ HTTP Request: GET https://api.greenhouse.io/v1/boards/xendit/jobs "HTTP/1.1 200 OK"
09:18:10 │ INFO    │ pipeline.enrichment.job_resolver │ Xendit: Tier 1 (greenhouse) → 25 jobs
09:18:10 │ INFO    │ httpx │ HTTP Request: HEAD http://vergegenomics.com "HTTP/1.1 301 Moved Permanently"
09:18:10 │ INFO    │ httpx │ HTTP Request: GET https://api.lever.co/v0/postings/eight-sleep "HTTP/1.1 404 Not Found"
09:18:10 │ INFO    │ httpx │ HTTP Request: GET http://go.givecampus.com "HTTP/1.1 403 Forbidden"
09:18:10 │ INFO    │ httpx │ HTTP Request: HEAD https://shapescale.com "HTTP/1.1 202 Accepted"
09:18:10 │ INFO    │ httpx │ HTTP Request: HEAD https://humaninterest.com/careers/ "HTTP/1.1 200 OK"
09:18:10 │ INFO    │ httpx │ HTTP Request: HEAD https://www.circlemedical.com/ "HTTP/1.1 200 OK"
09:18:10 │ INFO    │ httpx │ HTTP Request: GET http://humaninterest.com "HTTP/1.1 301 Moved Permanently"
09:18:10 │ INFO    │ httpx │ HTTP Request: GET https://api.lever.co/v0/postings/eightsleep "HTTP/1.1 404 Not Found"
09:18:10 │ INFO    │ httpx │ HTTP Request: HEAD https://circlemedical.com "HTTP/1.1 301 Moved Permanently"
09:18:10 │ INFO    │ httpx │ HTTP Request: GET https://api.lever.co/v0/postings/isono-health "HTTP/1.1 404 Not Found"
09:18:10 │ INFO    │ httpx │ HTTP Request: GET https://api.greenhouse.io/v1/boards/givecampus/jobs "HTTP/1.1 200 OK"
09:18:10 │ INFO    │ pipeline.enrichment.job_resolver │ GiveCampus: Tier 1 (greenhouse) → 12 jobs
09:18:10 │ INFO    │ httpx │ HTTP Request: HEAD https://shapescale.com "HTTP/1.1 202 Accepted"
09:18:11 │ INFO    │ httpx │ HTTP Request: HEAD https://www.circlemedical.com/ "HTTP/1.1 200 OK"
09:18:11 │ INFO    │ httpx │ HTTP Request: GET https://api.lever.co/v0/postings/eight_sleep "HTTP/1.1 404 Not Found"
09:18:11 │ INFO    │ httpx │ HTTP Request: GET https://api.lever.co/v0/postings/isonohealth "HTTP/1.1 404 Not Found"
09:18:11 │ INFO    │ httpx │ HTTP Request: HEAD https://vergelabs.com/ "HTTP/1.1 200 OK"
09:18:11 │ INFO    │ httpx │ HTTP Request: HEAD https://circlemedical.com/careers "HTTP/1.1 301 Moved Permanently"
09:18:11 │ INFO    │ httpx │ HTTP Request: HEAD http://eightsleep.com "HTTP/1.0 308 Permanent Redirect"
09:18:11 │ INFO    │ httpx │ HTTP Request: HEAD https://agilemd.com "HTTP/1.1 301 Moved Permanently"
09:18:11 │ INFO    │ httpx │ HTTP Request: HEAD http://vergegenomics.com "HTTP/1.1 301 Moved Permanently"
09:18:11 │ INFO    │ httpx │ HTTP Request: HEAD https://www.dripcapital.com/ "HTTP/1.1 200 OK"
09:18:11 │ INFO    │ httpx │ HTTP Request: HEAD https://www.circlemedical.com/careers "HTTP/1.1 200 OK"
09:18:11 │ INFO    │ httpx │ HTTP Request: GET https://humaninterest.com/ "HTTP/1.1 200 OK"
09:18:11 │ INFO    │ httpx │ HTTP Request: HEAD https://eightsleep.com/ "HTTP/1.1 308 Permanent Redirect"
09:18:11 │ INFO    │ httpx │ HTTP Request: HEAD https://vergelabs.com/ "HTTP/1.1 200 OK"
09:18:11 │ INFO    │ httpx │ HTTP Request: GET https://api.lever.co/v0/postings/isono_health "HTTP/1.1 404 Not Found"
09:18:11 │ INFO    │ httpx │ HTTP Request: GET https://circlemedical.com "HTTP/1.1 301 Moved Permanently"
09:18:11 │ INFO    │ httpx │ HTTP Request: HEAD http://vergegenomics.com/careers "HTTP/1.1 301 Moved Permanently"
09:18:11 │ INFO    │ httpx │ HTTP Request: HEAD https://www.eightsleep.com/ "HTTP/1.1 200 OK"
09:18:11 │ INFO    │ httpx │ HTTP Request: HEAD https://www.branch8.com "HTTP/1.1 301 Moved Permanently"
09:18:11 │ INFO    │ httpx │ HTTP Request: HEAD http://dripcapital.com "HTTP/1.1 301 Moved Permanently"
09:18:11 │ INFO    │ httpx │ HTTP Request: HEAD https://vergelabs.com/careers "HTTP/1.1 404 Not Found"
09:18:11 │ INFO    │ httpx │ HTTP Request: HEAD https://www.dripcapital.com/ "HTTP/1.1 200 OK"
09:18:11 │ INFO    │ httpx │ HTTP Request: HEAD http://eightsleep.com/careers "HTTP/1.0 308 Permanent Redirect"
09:18:11 │ INFO    │ httpx │ HTTP Request: HEAD http://vergegenomics.com/jobs "HTTP/1.1 301 Moved Permanently"
09:18:11 │ INFO    │ httpx │ HTTP Request: GET https://www.circlemedical.com/ "HTTP/1.1 200 OK"
09:18:11 │ INFO    │ httpx │ HTTP Request: HEAD https://eightsleep.com/careers "HTTP/1.1 308 Permanent Redirect"
09:18:11 │ INFO    │ httpx │ HTTP Request: HEAD https://shapescale.com/careers "HTTP/1.1 202 Accepted"
09:18:11 │ INFO    │ httpx │ HTTP Request: HEAD https://vergelabs.com/jobs "HTTP/1.1 404 Not Found"
09:18:12 │ INFO    │ httpx │ HTTP Request: HEAD http://vergegenomics.com/work-with-us "HTTP/1.1 301 Moved Permanently"
09:18:12 │ INFO    │ httpx │ HTTP Request: HEAD http://dripcapital.com/careers "HTTP/1.1 301 Moved Permanently"
09:18:12 │ INFO    │ httpx │ HTTP Request: GET https://api.greenhouse.io/v1/boards/human-interest/jobs "HTTP/1.1 404 Not Found"
09:18:12 │ INFO    │ httpx │ HTTP Request: HEAD https://shapescale.com/jobs "HTTP/1.1 202 Accepted"
09:18:12 │ INFO    │ httpx │ HTTP Request: HEAD https://www.eightsleep.com/careers "HTTP/1.1 200 OK"
09:18:12 │ INFO    │ httpx │ HTTP Request: HEAD https://reachpower.com "HTTP/1.1 403 Forbidden"
09:18:12 │ INFO    │ httpx │ HTTP Request: HEAD https://www.agilemd.com/ "HTTP/1.1 200 OK"
09:18:12 │ INFO    │ httpx │ HTTP Request: HEAD http://www.isonohealth.com "HTTP/1.1 301 Moved Permanently"
09:18:12 │ INFO    │ httpx │ HTTP Request: GET https://www.eightsleep.com/careers "HTTP/1.1 200 OK"
09:18:12 │ INFO    │ httpx │ HTTP Request: HEAD https://vergelabs.com/work-with-us "HTTP/1.1 404 Not Found"
09:18:12 │ INFO    │ pipeline.enrichment.job_resolver │ Eight Sleep: Tier 4 (manual_visit)
09:18:12 │ INFO    │ httpx │ HTTP Request: GET http://vergegenomics.com "HTTP/1.1 301 Moved Permanently"
09:18:12 │ INFO    │ httpx │ HTTP Request: GET https://api.greenhouse.io/v1/boards/humaninterest/jobs "HTTP/1.1 200 OK"
09:18:12 │ INFO    │ pipeline.enrichment.job_resolver │ Human Interest: Tier 1 (greenhouse) → 64 jobs
09:18:12 │ INFO    │ httpx │ HTTP Request: HEAD https://shapescale.com/work-with-us "HTTP/1.1 202 Accepted"
09:18:12 │ INFO    │ httpx │ HTTP Request: HEAD https://agilemd.com "HTTP/1.1 301 Moved Permanently"
09:18:12 │ INFO    │ httpx │ HTTP Request: HEAD https://reachpower.com "HTTP/1.1 403 Forbidden"
09:18:12 │ INFO    │ httpx │ HTTP Request: GET https://api.greenhouse.io/v1/boards/circle-medical/jobs "HTTP/1.1 404 Not Found"
09:18:12 │ INFO    │ httpx │ HTTP Request: GET https://vergelabs.com/ "HTTP/1.1 200 OK"
09:18:12 │ INFO    │ httpx │ HTTP Request: HEAD https://branch8.com/ "HTTP/1.1 200 OK"
09:18:12 │ INFO    │ httpx │ HTTP Request: GET https://shapescale.com "HTTP/1.1 202 Accepted"
09:18:12 │ INFO    │ httpx │ HTTP Request: HEAD https://www.branch8.com "HTTP/1.1 301 Moved Permanently"
09:18:12 │ INFO    │ httpx │ HTTP Request: GET https://api.greenhouse.io/v1/boards/circlemedical/jobs "HTTP/1.1 404 Not Found"
09:18:12 │ INFO    │ httpx │ HTTP Request: HEAD https://www.agilemd.com/ "HTTP/1.1 200 OK"
09:18:12 │ INFO    │ httpx │ HTTP Request: GET https://reachpower.com "HTTP/1.1 403 Forbidden"
09:18:12 │ INFO    │ httpx │ HTTP Request: HEAD https://www.dripcapital.com/careers "HTTP/1.1 301 Moved Permanently"
09:18:12 │ INFO    │ httpx │ HTTP Request: HEAD http://gemnote.com "HTTP/1.1 301 Moved Permanently"
09:18:12 │ INFO    │ httpx │ HTTP Request: HEAD https://branch8.com/ "HTTP/1.1 200 OK"
09:18:13 │ INFO    │ httpx │ HTTP Request: HEAD https://www.snapmagic.com "HTTP/1.1 200 OK"
09:18:13 │ INFO    │ httpx │ HTTP Request: HEAD https://www.snapmagic.com "HTTP/1.1 200 OK"
09:18:13 │ INFO    │ pipeline.enrichment.job_resolver │ iSono Health: Tier 4 (manual_visit)
09:18:13 │ INFO    │ httpx │ HTTP Request: HEAD https://www.branch8.com/careers "HTTP/1.1 301 Moved Permanently"
09:18:13 │ INFO    │ httpx │ HTTP Request: GET https://api.greenhouse.io/v1/boards/circle_medical/jobs "HTTP/1.1 404 Not Found"
09:18:13 │ INFO    │ httpx │ HTTP Request: GET https://api.greenhouse.io/v1/boards/shape-shapescale/jobs "HTTP/1.1 404 Not Found"
09:18:13 │ INFO    │ httpx │ HTTP Request: HEAD https://agilemd.com/careers "HTTP/1.1 301 Moved Permanently"
09:18:13 │ INFO    │ httpx │ HTTP Request: HEAD http://www.dripcapital.com/careers/ "HTTP/1.1 301 Moved Permanently"
09:18:13 │ INFO    │ httpx │ HTTP Request: GET https://api.greenhouse.io/v1/boards/reach/jobs "HTTP/1.1 404 Not Found"
09:18:13 │ INFO    │ httpx │ HTTP Request: HEAD https://branch8.com/careers "HTTP/1.1 301 Moved Permanently"
09:18:13 │ INFO    │ httpx │ HTTP Request: GET https://api.ashbyhq.com/posting-api/job-board/verge-genomics "HTTP/1.1 200 OK"
09:18:13 │ INFO    │ pipeline.enrichment.job_resolver │ Verge Genomics: Tier 1 (ashby) → 1 jobs
09:18:13 │ INFO    │ httpx │ HTTP Request: HEAD https://gemnote.com/ "HTTP/1.1 301 Moved Permanently"
09:18:13 │ INFO    │ httpx │ HTTP Request: GET https://api.greenhouse.io/v1/boards/shapeshapescale/jobs "HTTP/1.1 404 Not Found"
09:18:13 │ INFO    │ httpx │ HTTP Request: HEAD https://www.dripcapital.com/careers/ "HTTP/1.1 200 OK"
09:18:13 │ INFO    │ httpx │ HTTP Request: HEAD http://ironcladapp.com "HTTP/1.1 301 Moved Permanently"
09:18:13 │ INFO    │ httpx │ HTTP Request: HEAD https://www.agilemd.com/careers "HTTP/1.1 404 Not Found"
09:18:13 │ INFO    │ httpx │ HTTP Request: HEAD https://www.snapmagic.com/careers "HTTP/1.1 404 Not Found"
09:18:13 │ INFO    │ httpx │ HTTP Request: GET http://dripcapital.com "HTTP/1.1 301 Moved Permanently"
09:18:13 │ INFO    │ httpx │ HTTP Request: GET https://www.dripcapital.com/ "HTTP/1.1 200 OK"
09:18:13 │ INFO    │ httpx │ HTTP Request: HEAD https://agilemd.com/jobs "HTTP/1.1 301 Moved Permanently"
09:18:13 │ INFO    │ httpx │ HTTP Request: HEAD https://branch8.com/contact "HTTP/1.1 200 OK"
09:18:13 │ INFO    │ httpx │ HTTP Request: HEAD https://ironcladapp.com/ "HTTP/1.1 200 OK"
09:18:13 │ INFO    │ httpx │ HTTP Request: HEAD http://newstoryhomes.org "HTTP/1.1 301 Moved Permanently"
09:18:14 │ INFO    │ httpx │ HTTP Request: HEAD http://ironcladapp.com "HTTP/1.1 301 Moved Permanently"
09:18:14 │ INFO    │ httpx │ HTTP Request: GET https://www.branch8.com "HTTP/1.1 301 Moved Permanently"
09:18:14 │ INFO    │ httpx │ HTTP Request: GET https://api.greenhouse.io/v1/boards/shape_shapescale/jobs "HTTP/1.1 404 Not Found"
09:18:14 │ INFO    │ httpx │ HTTP Request: HEAD https://www.snapmagic.com/jobs "HTTP/1.1 404 Not Found"
09:18:14 │ INFO    │ httpx │ HTTP Request: GET https://api.greenhouse.io/v1/boards/drip-capital/jobs "HTTP/1.1 404 Not Found"
09:18:14 │ INFO    │ httpx │ HTTP Request: GET https://branch8.com/ "HTTP/1.1 200 OK"
09:18:14 │ INFO    │ httpx │ HTTP Request: HEAD https://www.agilemd.com/jobs "HTTP/1.1 404 Not Found"
09:18:14 │ INFO    │ httpx │ HTTP Request: HEAD https://ironcladapp.com/ "HTTP/1.1 200 OK"
09:18:14 │ INFO    │ httpx │ HTTP Request: HEAD http://ironcladapp.com/careers "HTTP/1.1 301 Moved Permanently"
09:18:14 │ INFO    │ httpx │ HTTP Request: GET https://api.greenhouse.io/v1/boards/dripcapital/jobs "HTTP/1.1 404 Not Found"
09:18:14 │ INFO    │ httpx │ HTTP Request: GET https://api.lever.co/v0/postings/circle-medical "HTTP/1.1 404 Not Found"
09:18:14 │ INFO    │ httpx │ HTTP Request: GET https://api.lever.co/v0/postings/reach "HTTP/1.1 404 Not Found"
09:18:14 │ INFO    │ httpx │ HTTP Request: GET https://api.greenhouse.io/v1/boards/branch8/jobs "HTTP/1.1 404 Not Found"
09:18:14 │ INFO    │ httpx │ HTTP Request: HEAD https://agilemd.com/work-with-us "HTTP/1.1 301 Moved Permanently"
09:18:14 │ INFO    │ httpx │ HTTP Request: HEAD https://www.snapmagic.com/work-with-us "HTTP/1.1 404 Not Found"
09:18:14 │ INFO    │ httpx │ HTTP Request: HEAD https://ironcladapp.com/careers "HTTP/1.1 200 OK"
09:18:14 │ INFO    │ httpx │ HTTP Request: HEAD https://www.gemnote.com/ "HTTP/1.1 200 OK"
09:18:14 │ INFO    │ httpx │ HTTP Request: GET https://www.snapmagic.com "HTTP/1.1 200 OK"
09:18:14 │ INFO    │ httpx │ HTTP Request: GET https://api.greenhouse.io/v1/boards/drip_capital/jobs "HTTP/1.1 404 Not Found"
09:18:14 │ INFO    │ httpx │ HTTP Request: GET http://ironcladapp.com "HTTP/1.1 301 Moved Permanently"
09:18:14 │ INFO    │ httpx │ HTTP Request: GET https://api.lever.co/v0/postings/circlemedical "HTTP/1.1 404 Not Found"
09:18:14 │ INFO    │ httpx │ HTTP Request: HEAD http://gemnote.com "HTTP/1.1 301 Moved Permanently"
09:18:14 │ INFO    │ httpx │ HTTP Request: HEAD https://www.agilemd.com/work-with-us "HTTP/1.1 404 Not Found"
09:18:15 │ INFO    │ httpx │ HTTP Request: HEAD https://gemnote.com/ "HTTP/1.1 301 Moved Permanently"
09:18:15 │ INFO    │ httpx │ HTTP Request: GET https://ironcladapp.com/ "HTTP/1.1 200 OK"
09:18:15 │ INFO    │ httpx │ HTTP Request: GET https://api.lever.co/v0/postings/circle_medical "HTTP/1.1 404 Not Found"
09:18:15 │ INFO    │ httpx │ HTTP Request: HEAD https://newstoryhomes.org/ "HTTP/1.1 301 Moved Permanently"
09:18:15 │ INFO    │ httpx │ HTTP Request: GET https://agilemd.com "HTTP/1.1 301 Moved Permanently"
09:18:15 │ INFO    │ httpx │ HTTP Request: GET https://api.lever.co/v0/postings/shape-shapescale "HTTP/1.1 404 Not Found"
09:18:15 │ INFO    │ httpx │ HTTP Request: HEAD https://www.gemnote.com/ "HTTP/1.1 200 OK"
09:18:15 │ INFO    │ httpx │ HTTP Request: GET https://api.ashbyhq.com/posting-api/job-board/snapmagic "HTTP/1.1 200 OK"
09:18:15 │ INFO    │ pipeline.enrichment.job_resolver │ SnapMagic: Tier 1 (ashby) → 5 jobs
09:18:15 │ INFO    │ httpx │ HTTP Request: HEAD http://gemnote.com/careers "HTTP/1.1 301 Moved Permanently"
09:18:15 │ INFO    │ httpx │ HTTP Request: GET https://api.lever.co/v0/postings/shapeshapescale "HTTP/1.1 404 Not Found"
09:18:15 │ INFO    │ httpx │ HTTP Request: GET https://www.agilemd.com/ "HTTP/1.1 200 OK"
09:18:15 │ INFO    │ httpx │ HTTP Request: HEAD https://www.newstoryhomes.org/ "HTTP/1.1 200 OK"
09:18:15 │ INFO    │ httpx │ HTTP Request: HEAD https://circlemedical.com "HTTP/1.1 301 Moved Permanently"
09:18:15 │ INFO    │ httpx │ HTTP Request: HEAD https://gemnote.com/careers "HTTP/1.1 301 Moved Permanently"
09:18:15 │ INFO    │ httpx │ HTTP Request: HEAD http://newstoryhomes.org "HTTP/1.1 301 Moved Permanently"
09:18:15 │ INFO    │ httpx │ HTTP Request: HEAD http://lugg.com "HTTP/1.0 308 Permanent Redirect"
09:18:15 │ INFO    │ httpx │ HTTP Request: GET https://api.greenhouse.io/v1/boards/ironclad/jobs "HTTP/1.1 404 Not Found"
09:18:15 │ INFO    │ httpx │ HTTP Request: GET https://api.lever.co/v0/postings/branch8 "HTTP/1.1 404 Not Found"
09:18:15 │ INFO    │ httpx │ HTTP Request: GET https://api.lever.co/v0/postings/shape_shapescale "HTTP/1.1 404 Not Found"
09:18:15 │ INFO    │ httpx │ HTTP Request: GET https://api.lever.co/v0/postings/drip-capital "HTTP/1.1 404 Not Found"
09:18:15 │ INFO    │ httpx │ HTTP Request: GET https://api.greenhouse.io/v1/boards/agilemd/jobs "HTTP/1.1 404 Not Found"
09:18:16 │ INFO    │ httpx │ HTTP Request: HEAD https://newstoryhomes.org/ "HTTP/1.1 301 Moved Permanently"
09:18:16 │ INFO    │ httpx │ HTTP Request: GET https://api.lever.co/v0/postings/dripcapital "HTTP/1.1 404 Not Found"
09:18:16 │ INFO    │ httpx │ HTTP Request: HEAD https://www.newstoryhomes.org/ "HTTP/1.1 200 OK"
09:18:16 │ INFO    │ httpx │ HTTP Request: HEAD http://newstoryhomes.org/careers "HTTP/1.1 301 Moved Permanently"
09:18:16 │ INFO    │ httpx │ HTTP Request: GET https://api.lever.co/v0/postings/drip_capital "HTTP/1.1 404 Not Found"
09:18:16 │ INFO    │ httpx │ HTTP Request: HEAD https://www.gemnote.com/careers "HTTP/1.1 200 OK"
09:18:16 │ INFO    │ httpx │ HTTP Request: HEAD https://www.branch8.com "HTTP/1.1 301 Moved Permanently"
09:18:16 │ INFO    │ httpx │ HTTP Request: GET http://gemnote.com "HTTP/1.1 301 Moved Permanently"
09:18:16 │ INFO    │ httpx │ HTTP Request: HEAD https://www.circlemedical.com/ "HTTP/1.1 200 OK"
09:18:16 │ INFO    │ httpx │ HTTP Request: HEAD https://newstoryhomes.org/careers "HTTP/1.1 301 Moved Permanently"
09:18:16 │ INFO    │ httpx │ HTTP Request: GET https://gemnote.com/ "HTTP/1.1 301 Moved Permanently"
09:18:16 │ INFO    │ httpx │ HTTP Request: HEAD https://circlemedical.com/careers "HTTP/1.1 301 Moved Permanently"
09:18:16 │ INFO    │ httpx │ HTTP Request: GET https://api.lever.co/v0/postings/ironclad "HTTP/1.1 404 Not Found"
09:18:16 │ INFO    │ httpx │ HTTP Request: HEAD https://www.newstoryhomes.org/careers "HTTP/1.1 200 OK"
09:18:16 │ INFO    │ httpx │ HTTP Request: GET http://newstoryhomes.org "HTTP/1.1 301 Moved Permanently"
09:18:16 │ INFO    │ httpx │ HTTP Request: HEAD https://www.circlemedical.com/careers "HTTP/1.1 200 OK"
09:18:16 │ INFO    │ httpx │ HTTP Request: HEAD http://ironcladapp.com "HTTP/1.1 301 Moved Permanently"
09:18:17 │ INFO    │ httpx │ HTTP Request: HEAD https://reachpower.com "HTTP/1.1 403 Forbidden"
09:18:17 │ INFO    │ pipeline.enrichment.job_resolver │ Reach: Tier 4 (manual_visit)
09:18:17 │ INFO    │ httpx │ HTTP Request: HEAD https://shapescale.com "HTTP/1.1 202 Accepted"
09:18:17 │ INFO    │ httpx │ HTTP Request: HEAD http://dripcapital.com "HTTP/1.1 301 Moved Permanently"
09:18:17 │ INFO    │ httpx │ HTTP Request: GET https://api.lever.co/v0/postings/agilemd "HTTP/1.1 404 Not Found"
09:18:17 │ INFO    │ httpx │ HTTP Request: GET https://www.circlemedical.com/careers "HTTP/1.1 200 OK"
09:18:17 │ INFO    │ pipeline.enrichment.job_resolver │ Circle Medical: Tier 4 (manual_visit)
09:18:17 │ INFO    │ httpx │ HTTP Request: HEAD https://branch8.com/ "HTTP/1.1 200 OK"
09:18:17 │ INFO    │ httpx │ HTTP Request: GET https://www.gemnote.com/ "HTTP/1.1 200 OK"
09:18:17 │ INFO    │ httpx │ HTTP Request: HEAD https://shapescale.com/careers "HTTP/1.1 202 Accepted"
09:18:17 │ INFO    │ httpx │ HTTP Request: HEAD https://www.branch8.com/careers "HTTP/1.1 301 Moved Permanently"
09:18:17 │ INFO    │ httpx │ HTTP Request: GET https://newstoryhomes.org/ "HTTP/1.1 301 Moved Permanently"
09:18:17 │ INFO    │ httpx │ HTTP Request: GET https://www.newstoryhomes.org/ "HTTP/1.1 200 OK"
09:18:17 │ INFO    │ httpx │ HTTP Request: HEAD https://www.dripcapital.com/ "HTTP/1.1 200 OK"
09:18:17 │ INFO    │ httpx │ HTTP Request: HEAD https://branch8.com/careers "HTTP/1.1 301 Moved Permanently"
09:18:17 │ INFO    │ httpx │ HTTP Request: HEAD https://shapescale.com/jobs "HTTP/1.1 202 Accepted"
09:18:17 │ INFO    │ httpx │ HTTP Request: HEAD https://ironcladapp.com/ "HTTP/1.1 200 OK"
09:18:17 │ INFO    │ httpx │ HTTP Request: HEAD http://ironcladapp.com/careers "HTTP/1.1 301 Moved Permanently"
09:18:17 │ INFO    │ httpx │ HTTP Request: HEAD https://branch8.com/contact "HTTP/1.1 200 OK"
09:18:17 │ INFO    │ httpx │ HTTP Request: GET https://api.greenhouse.io/v1/boards/gemnote/jobs "HTTP/1.1 404 Not Found"
09:18:17 │ INFO    │ httpx │ HTTP Request: GET https://branch8.com/contact "HTTP/1.1 200 OK"
09:18:17 │ INFO    │ pipeline.enrichment.job_resolver │ Branch8: Tier 4 (manual_visit)
09:18:17 │ INFO    │ httpx │ HTTP Request: HEAD http://dripcapital.com/careers "HTTP/1.1 301 Moved Permanently"
09:18:17 │ INFO    │ httpx │ HTTP Request: HEAD https://shapescale.com/work-with-us "HTTP/1.1 202 Accepted"
09:18:17 │ INFO    │ pipeline.enrichment.job_resolver │ Shape (ShapeScale): Tier 4 (manual_visit)
09:18:17 │ INFO    │ httpx │ HTTP Request: GET https://api.greenhouse.io/v1/boards/new-story/jobs "HTTP/1.1 404 Not Found"
09:18:17 │ INFO    │ httpx │ HTTP Request: HEAD http://mashgin.com "HTTP/1.1 301 Moved Permanently"
09:18:17 │ INFO    │ httpx │ HTTP Request: HEAD https://ironcladapp.com/careers "HTTP/1.1 200 OK"
09:18:18 │ INFO    │ httpx │ HTTP Request: HEAD https://agilemd.com "HTTP/1.1 301 Moved Permanently"
09:18:18 │ INFO    │ httpx │ HTTP Request: HEAD https://www.quartzy.com "HTTP/1.1 200 OK"
09:18:18 │ INFO    │ httpx │ HTTP Request: HEAD https://www.dripcapital.com/careers "HTTP/1.1 301 Moved Permanently"
09:18:18 │ INFO    │ httpx │ HTTP Request: GET https://api.greenhouse.io/v1/boards/newstory/jobs "HTTP/1.1 404 Not Found"
09:18:18 │ INFO    │ httpx │ HTTP Request: HEAD https://www.quartzy.com "HTTP/1.1 200 OK"
09:18:18 │ INFO    │ httpx │ HTTP Request: HEAD http://www.tara.ai "HTTP/1.1 200 OK"
09:18:18 │ INFO    │ httpx │ HTTP Request: HEAD http://www.tara.ai "HTTP/1.1 200 OK"
09:18:18 │ INFO    │ httpx │ HTTP Request: HEAD http://www.tara.ai/careers "HTTP/1.1 200 OK"
09:18:18 │ INFO    │ httpx │ HTTP Request: GET http://www.tara.ai "HTTP/1.1 200 OK"
09:18:18 │ INFO    │ httpx │ HTTP Request: HEAD https://lugg.com/ "HTTP/1.1 200 OK"
09:18:18 │ INFO    │ httpx │ HTTP Request: HEAD https://www.quartzy.com/careers "HTTP/1.1 200 OK"
09:18:18 │ INFO    │ httpx │ HTTP Request: GET https://api.greenhouse.io/v1/boards/new_story/jobs "HTTP/1.1 404 Not Found"
09:18:18 │ INFO    │ httpx │ HTTP Request: HEAD https://www.tab.travel "HTTP/1.1 302 Moved Temporarily"
09:18:18 │ INFO    │ httpx │ HTTP Request: HEAD http://www.dripcapital.com/careers/ "HTTP/1.1 301 Moved Permanently"
09:18:18 │ INFO    │ httpx │ HTTP Request: GET https://www.quartzy.com "HTTP/1.1 200 OK"
09:18:18 │ INFO    │ httpx │ HTTP Request: HEAD http://lugg.com "HTTP/1.0 308 Permanent Redirect"
09:18:18 │ INFO    │ httpx │ HTTP Request: HEAD https://mashgin.com/ "HTTP/1.1 301 Moved Permanently"
09:18:18 │ INFO    │ httpx │ HTTP Request: HEAD https://www.dripcapital.com/careers/ "HTTP/1.1 200 OK"
09:18:18 │ INFO    │ httpx │ HTTP Request: GET https://api.greenhouse.io/v1/boards/tara-ai/jobs "HTTP/1.1 404 Not Found"
09:18:18 │ INFO    │ httpx │ HTTP Request: GET https://api.lever.co/v0/postings/gemnote "HTTP/1.1 404 Not Found"
09:18:18 │ INFO    │ httpx │ HTTP Request: GET https://api.greenhouse.io/v1/boards/quartzy/jobs "HTTP/1.1 404 Not Found"
09:18:18 │ INFO    │ httpx │ HTTP Request: GET https://www.dripcapital.com/careers/ "HTTP/1.1 200 OK"
09:18:18 │ INFO    │ pipeline.enrichment.job_resolver │ Drip Capital: Tier 4 (manual_visit)
09:18:18 │ INFO    │ httpx │ HTTP Request: GET https://ironcladapp.com/careers "HTTP/1.1 200 OK"
09:18:18 │ INFO    │ httpx │ HTTP Request: HEAD https://business.tab.travel/ "HTTP/1.1 302 Found"
09:18:18 │ INFO    │ httpx │ HTTP Request: HEAD https://www.mashgin.com/ "HTTP/1.1 200 OK"
09:18:19 │ INFO    │ httpx │ HTTP Request: GET https://api.greenhouse.io/v1/boards/taraai/jobs "HTTP/1.1 404 Not Found"
09:18:19 │ INFO    │ httpx │ HTTP Request: HEAD http://mashgin.com "HTTP/1.1 301 Moved Permanently"
09:18:19 │ INFO    │ httpx │ HTTP Request: HEAD https://www.agilemd.com/ "HTTP/1.1 200 OK"
09:18:19 │ INFO    │ httpx │ HTTP Request: HEAD https://business.tab.travel/?cc=in "HTTP/1.1 200 OK"
09:18:19 │ INFO    │ httpx │ HTTP Request: HEAD https://www.tab.travel "HTTP/1.1 302 Moved Temporarily"
09:18:19 │ INFO    │ httpx │ HTTP Request: HEAD https://lugg.com/ "HTTP/1.1 200 OK"
09:18:19 │ INFO    │ httpx │ HTTP Request: HEAD https://business.tab.travel/ "HTTP/1.1 302 Found"
09:18:19 │ INFO    │ httpx │ HTTP Request: HEAD http://gemnote.com "HTTP/1.1 301 Moved Permanently"
09:18:19 │ INFO    │ httpx │ HTTP Request: HEAD http://lugg.com/careers "HTTP/1.0 308 Permanent Redirect"
09:18:19 │ INFO    │ pipeline.enrichment.job_resolver │ Ironclad: Tier 4 (manual_visit)
09:18:19 │ INFO    │ httpx │ HTTP Request: HEAD https://business.tab.travel/?cc=in "HTTP/1.1 200 OK"
09:18:19 │ INFO    │ httpx │ HTTP Request: HEAD https://agilemd.com/careers "HTTP/1.1 301 Moved Permanently"
09:18:19 │ INFO    │ httpx │ HTTP Request: HEAD https://www.tab.travel/careers "HTTP/1.1 302 Moved Temporarily"
09:18:19 │ INFO    │ httpx │ HTTP Request: HEAD https://business.tab.travel/ "HTTP/1.1 302 Found"
09:18:19 │ INFO    │ httpx │ HTTP Request: HEAD http://streak.com "HTTP/1.1 301 Moved Permanently"
09:18:19 │ INFO    │ httpx │ HTTP Request: HEAD https://mashgin.com/ "HTTP/1.1 301 Moved Permanently"
09:18:19 │ INFO    │ httpx │ HTTP Request: HEAD https://business.tab.travel/?cc=in "HTTP/1.1 200 OK"
09:18:19 │ INFO    │ httpx │ HTTP Request: HEAD https://www.mashgin.com/ "HTTP/1.1 200 OK"
09:18:19 │ INFO    │ httpx │ HTTP Request: GET https://www.tab.travel "HTTP/1.1 302 Moved Temporarily"
09:18:19 │ INFO    │ httpx │ HTTP Request: GET https://business.tab.travel/ "HTTP/1.1 302 Found"
09:18:19 │ INFO    │ httpx │ HTTP Request: GET https://business.tab.travel/?cc=in "HTTP/1.1 200 OK"
09:18:19 │ INFO    │ httpx │ HTTP Request: GET https://api.lever.co/v0/postings/new-story "HTTP/1.1 404 Not Found"
09:18:19 │ INFO    │ httpx │ HTTP Request: HEAD http://mashgin.com/careers "HTTP/1.1 301 Moved Permanently"
09:18:19 │ INFO    │ httpx │ HTTP Request: HEAD https://gemnote.com/ "HTTP/1.1 301 Moved Permanently"
09:18:19 │ INFO    │ httpx │ HTTP Request: GET https://api.greenhouse.io/v1/boards/tara_ai/jobs "HTTP/1.1 404 Not Found"
09:18:19 │ INFO    │ httpx │ HTTP Request: HEAD https://www.agilemd.com/careers "HTTP/1.1 404 Not Found"
09:18:19 │ INFO    │ httpx │ HTTP Request: HEAD https://lugg.com/careers "HTTP/1.1 404 Not Found"
09:18:19 │ INFO    │ httpx │ HTTP Request: GET https://api.lever.co/v0/postings/newstory "HTTP/1.1 404 Not Found"
09:18:19 │ INFO    │ httpx │ HTTP Request: HEAD https://streak.com/ "HTTP/1.1 301 Moved Permanently"
09:18:20 │ INFO    │ httpx │ HTTP Request: HEAD https://agilemd.com/jobs "HTTP/1.1 301 Moved Permanently"
09:18:20 │ INFO    │ httpx │ HTTP Request: HEAD http://lugg.com/jobs "HTTP/1.0 308 Permanent Redirect"
09:18:20 │ INFO    │ httpx │ HTTP Request: HEAD https://mashgin.com/careers "HTTP/1.1 301 Moved Permanently"
09:18:20 │ INFO    │ httpx │ HTTP Request: HEAD https://www.mashgin.com/careers "HTTP/1.1 200 OK"
09:18:20 │ INFO    │ httpx │ HTTP Request: HEAD http://giveffect.com "HTTP/1.1 301 Moved Permanently"
09:18:20 │ INFO    │ httpx │ HTTP Request: GET http://mashgin.com "HTTP/1.1 301 Moved Permanently"
09:18:20 │ INFO    │ httpx │ HTTP Request: GET https://api.lever.co/v0/postings/new_story "HTTP/1.1 404 Not Found"
09:18:20 │ INFO    │ httpx │ HTTP Request: GET https://api.greenhouse.io/v1/boards/tab/jobs "HTTP/1.1 404 Not Found"
09:18:20 │ INFO    │ httpx │ HTTP Request: GET https://api.lever.co/v0/postings/quartzy "HTTP/1.1 200 OK"
09:18:20 │ INFO    │ httpx │ HTTP Request: HEAD https://www.gemnote.com/ "HTTP/1.1 200 OK"
09:18:20 │ INFO    │ httpx │ HTTP Request: HEAD https://www.agilemd.com/jobs "HTTP/1.1 404 Not Found"
09:18:20 │ INFO    │ httpx │ HTTP Request: HEAD http://gemnote.com/careers "HTTP/1.1 301 Moved Permanently"
09:18:20 │ INFO    │ pipeline.enrichment.job_resolver │ Quartzy: Tier 1 (lever) → 2 jobs
09:18:20 │ INFO    │ httpx │ HTTP Request: GET https://mashgin.com/ "HTTP/1.1 301 Moved Permanently"
09:18:20 │ INFO    │ httpx │ HTTP Request: HEAD https://lugg.com/jobs "HTTP/1.1 404 Not Found"
09:18:20 │ INFO    │ httpx │ HTTP Request: HEAD https://agilemd.com/work-with-us "HTTP/1.1 301 Moved Permanently"
09:18:20 │ INFO    │ httpx │ HTTP Request: HEAD http://newstoryhomes.org "HTTP/1.1 301 Moved Permanently"
09:18:20 │ INFO    │ httpx │ HTTP Request: HEAD https://gemnote.com/careers "HTTP/1.1 301 Moved Permanently"
09:18:20 │ INFO    │ httpx │ HTTP Request: GET https://www.mashgin.com/ "HTTP/1.1 200 OK"
09:18:20 │ INFO    │ httpx │ HTTP Request: HEAD http://lugg.com/work-with-us "HTTP/1.0 308 Permanent Redirect"
09:18:20 │ INFO    │ httpx │ HTTP Request: GET https://api.lever.co/v0/postings/tara-ai "HTTP/1.1 404 Not Found"
09:18:21 │ INFO    │ httpx │ HTTP Request: HEAD https://www.gemnote.com/careers "HTTP/1.1 200 OK"
09:18:21 │ INFO    │ httpx │ HTTP Request: HEAD https://www.agilemd.com/work-with-us "HTTP/1.1 404 Not Found"
09:18:21 │ INFO    │ pipeline.enrichment.job_resolver │ AgileMD: Tier 4 (manual_visit)
09:18:21 │ INFO    │ httpx │ HTTP Request: HEAD https://www.streak.com/ "HTTP/1.1 200 OK"
09:18:21 │ INFO    │ httpx │ HTTP Request: HEAD http://streak.com "HTTP/1.1 301 Moved Permanently"
09:18:21 │ INFO    │ httpx │ HTTP Request: GET https://api.greenhouse.io/v1/boards/mashgin/jobs "HTTP/1.1 404 Not Found"
09:18:21 │ INFO    │ httpx │ HTTP Request: HEAD https://streak.com/ "HTTP/1.1 301 Moved Permanently"
09:18:21 │ INFO    │ httpx │ HTTP Request: HEAD https://tempo.fit/ "HTTP/1.1 200 OK"
09:18:21 │ INFO    │ httpx │ HTTP Request: HEAD https://www.streak.com/ "HTTP/1.1 200 OK"
09:18:21 │ INFO    │ httpx │ HTTP Request: HEAD http://streak.com/careers "HTTP/1.1 301 Moved Permanently"
09:18:21 │ INFO    │ httpx │ HTTP Request: HEAD https://streak.com/careers "HTTP/1.1 301 Moved Permanently"
09:18:21 │ INFO    │ httpx │ HTTP Request: HEAD https://lugg.com/work-with-us "HTTP/1.1 404 Not Found"
09:18:21 │ INFO    │ httpx │ HTTP Request: HEAD https://tempo.fit/ "HTTP/1.1 200 OK"
09:18:21 │ INFO    │ httpx │ HTTP Request: GET https://www.gemnote.com/careers "HTTP/1.1 200 OK"
09:18:21 │ INFO    │ pipeline.enrichment.job_resolver │ Gemnote: Tier 2 (html_heuristic) → 122 jobs
09:18:21 │ INFO    │ httpx │ HTTP Request: HEAD https://newstoryhomes.org/ "HTTP/1.1 301 Moved Permanently"
09:18:21 │ INFO    │ httpx │ HTTP Request: HEAD https://tempo.fit/careers "HTTP/1.1 200 OK"
09:18:21 │ INFO    │ httpx │ HTTP Request: HEAD https://onesignal.com "HTTP/1.1 200 OK"
09:18:21 │ INFO    │ httpx │ HTTP Request: HEAD https://www.giveffect.com/ "HTTP/1.1 200 OK"
09:18:21 │ INFO    │ httpx │ HTTP Request: GET http://lugg.com "HTTP/1.0 308 Permanent Redirect"
09:18:21 │ INFO    │ httpx │ HTTP Request: HEAD https://onesignal.com "HTTP/1.1 200 OK"
09:18:21 │ INFO    │ httpx │ HTTP Request: GET https://api.lever.co/v0/postings/tab "HTTP/1.1 404 Not Found"
09:18:21 │ INFO    │ httpx │ HTTP Request: GET https://tempo.fit/ "HTTP/1.1 200 OK"
09:18:21 │ INFO    │ httpx │ HTTP Request: HEAD http://giveffect.com "HTTP/1.1 301 Moved Permanently"
09:18:21 │ INFO    │ httpx │ HTTP Request: HEAD https://www.newstoryhomes.org/ "HTTP/1.1 200 OK"
09:18:21 │ INFO    │ httpx │ HTTP Request: HEAD http://newstoryhomes.org/careers "HTTP/1.1 301 Moved Permanently"
09:18:21 │ INFO    │ httpx │ HTTP Request: HEAD https://getmagic.com/ "HTTP/1.1 200 OK"
09:18:21 │ INFO    │ httpx │ HTTP Request: HEAD https://www.tab.travel "HTTP/1.1 302 Moved Temporarily"
09:18:22 │ INFO    │ httpx │ HTTP Request: HEAD https://getmagic.com/ "HTTP/1.1 200 OK"
09:18:22 │ INFO    │ httpx │ HTTP Request: GET https://api.greenhouse.io/v1/boards/tempo/jobs "HTTP/1.1 200 OK"
09:18:22 │ INFO    │ pipeline.enrichment.job_resolver │ Tempo: Tier 1 (greenhouse) → 3 jobs
09:18:22 │ INFO    │ httpx │ HTTP Request: HEAD https://www.giveffect.com/ "HTTP/1.1 200 OK"
09:18:22 │ INFO    │ httpx │ HTTP Request: GET https://api.lever.co/v0/postings/taraai "HTTP/1.1 404 Not Found"
09:18:22 │ INFO    │ httpx │ HTTP Request: GET https://lugg.com/ "HTTP/1.1 200 OK"
09:18:22 │ INFO    │ httpx │ HTTP Request: HEAD https://www.streak.com/careers "HTTP/1.1 200 OK"
09:18:22 │ INFO    │ httpx │ HTTP Request: GET http://streak.com "HTTP/1.1 301 Moved Permanently"
09:18:22 │ INFO    │ httpx │ HTTP Request: GET https://streak.com/ "HTTP/1.1 301 Moved Permanently"
09:18:22 │ INFO    │ httpx │ HTTP Request: HEAD https://newstoryhomes.org/careers "HTTP/1.1 301 Moved Permanently"
09:18:22 │ INFO    │ httpx │ HTTP Request: GET https://www.streak.com/ "HTTP/1.1 200 OK"
09:18:22 │ INFO    │ httpx │ HTTP Request: HEAD http://giveffect.com/careers "HTTP/1.1 301 Moved Permanently"
09:18:22 │ INFO    │ httpx │ HTTP Request: HEAD https://www.newstoryhomes.org/careers "HTTP/1.1 200 OK"
09:18:22 │ INFO    │ httpx │ HTTP Request: HEAD https://business.tab.travel/ "HTTP/1.1 302 Found"
09:18:22 │ INFO    │ httpx │ HTTP Request: GET https://www.newstoryhomes.org/careers "HTTP/1.1 200 OK"
09:18:22 │ INFO    │ pipeline.enrichment.job_resolver │ New Story: Tier 2 (html_heuristic) → 10 jobs
09:18:22 │ INFO    │ httpx │ HTTP Request: HEAD https://getmagic.com/careers "HTTP/1.1 403 Forbidden"
09:18:22 │ INFO    │ httpx │ HTTP Request: HEAD https://business.tab.travel/?cc=in "HTTP/1.1 200 OK"
09:18:22 │ INFO    │ httpx │ HTTP Request: HEAD https://www.tab.travel/careers "HTTP/1.1 302 Moved Temporarily"
09:18:22 │ INFO    │ httpx │ HTTP Request: HEAD https://business.tab.travel/ "HTTP/1.1 302 Found"
09:18:22 │ INFO    │ httpx │ HTTP Request: HEAD https://business.tab.travel/?cc=in "HTTP/1.1 200 OK"
09:18:22 │ INFO    │ httpx │ HTTP Request: GET https://api.lever.co/v0/postings/tara_ai "HTTP/1.1 404 Not Found"
09:18:22 │ INFO    │ httpx │ HTTP Request: HEAD https://www.giveffect.com/careers "HTTP/1.1 200 OK"
09:18:22 │ INFO    │ httpx │ HTTP Request: GET https://api.greenhouse.io/v1/boards/lugg/jobs "HTTP/1.1 404 Not Found"
09:18:22 │ INFO    │ httpx │ HTTP Request: GET https://api.lever.co/v0/postings/mashgin "HTTP/1.1 200 OK"
09:18:22 │ INFO    │ httpx │ HTTP Request: GET https://business.tab.travel/?cc=in "HTTP/1.1 200 OK"
09:18:22 │ INFO    │ httpx │ HTTP Request: HEAD http://www.tara.ai "HTTP/1.1 200 OK"
09:18:22 │ INFO    │ httpx │ HTTP Request: GET https://api.greenhouse.io/v1/boards/streak/jobs "HTTP/1.1 404 Not Found"
09:18:23 │ INFO    │ pipeline.enrichment.job_resolver │ Tab: Tier 4 (manual_visit)
09:18:23 │ INFO    │ httpx │ HTTP Request: HEAD http://www.tara.ai/careers "HTTP/1.1 200 OK"
09:18:23 │ INFO    │ httpx │ HTTP Request: HEAD http://qventus.com "HTTP/1.1 301 Moved Permanently"
09:18:23 │ INFO    │ httpx │ HTTP Request: HEAD https://getmagic.com/jobs "HTTP/1.1 301 Moved Permanently"
09:18:23 │ INFO    │ httpx │ HTTP Request: GET http://giveffect.com "HTTP/1.1 301 Moved Permanently"
09:18:23 │ INFO    │ httpx │ HTTP Request: GET http://www.tara.ai/careers "HTTP/1.1 200 OK"
09:18:23 │ INFO    │ pipeline.enrichment.job_resolver │ Tara AI: Tier 4 (manual_visit)
09:18:23 │ INFO    │ httpx │ HTTP Request: HEAD https://onesignal.com/careers "HTTP/1.1 200 OK"
09:18:23 │ INFO    │ httpx │ HTTP Request: GET https://onesignal.com "HTTP/1.1 200 OK"
09:18:23 │ INFO    │ httpx │ HTTP Request: HEAD http://hackerrank.com "HTTP/1.1 301 Moved Permanently"
09:18:23 │ INFO    │ httpx │ HTTP Request: HEAD http://apollographql.com/ "HTTP/1.1 301 Moved Permanently"
09:18:23 │ INFO    │ httpx │ HTTP Request: GET https://www.giveffect.com/ "HTTP/1.1 200 OK"
09:18:23 │ INFO    │ httpx │ HTTP Request: HEAD http://getmagic.com/careers/ "HTTP/1.1 301 Moved Permanently"
09:18:23 │ INFO    │ pipeline.enrichment.job_resolver │ Mashgin: Tier 1 (lever) → 19 jobs
09:18:23 │ INFO    │ httpx │ HTTP Request: HEAD https://getmagic.com/careers/ "HTTP/1.1 200 OK"
09:18:23 │ INFO    │ httpx │ HTTP Request: GET https://getmagic.com/ "HTTP/1.1 200 OK"
09:18:23 │ INFO    │ httpx │ HTTP Request: HEAD https://apollographql.com/ "HTTP/1.1 301 Moved Permanently"
09:18:23 │ INFO    │ httpx │ HTTP Request: GET https://api.greenhouse.io/v1/boards/onesignal/jobs "HTTP/1.1 404 Not Found"
09:18:23 │ INFO    │ httpx │ HTTP Request: HEAD https://www.hackerrank.com/ "HTTP/1.1 403 Forbidden"
09:18:24 │ INFO    │ httpx │ HTTP Request: HEAD https://picnic.ai "HTTP/1.1 200 OK"
09:18:24 │ INFO    │ httpx │ HTTP Request: HEAD http://www.hive.co "HTTP/1.1 301 Moved Permanently"
09:18:24 │ INFO    │ httpx │ HTTP Request: HEAD https://picnic.ai "HTTP/1.1 200 OK"
09:18:24 │ INFO    │ httpx │ HTTP Request: HEAD https://picnic.ai/careers "HTTP/1.1 200 OK"
09:18:24 │ INFO    │ httpx │ HTTP Request: GET https://api.greenhouse.io/v1/boards/magic/jobs "HTTP/1.1 200 OK"
09:18:24 │ INFO    │ httpx │ HTTP Request: HEAD https://qventus.com/ "HTTP/1.1 301 Moved Permanently"
09:18:24 │ INFO    │ httpx │ HTTP Request: GET https://api.lever.co/v0/postings/lugg "HTTP/1.1 404 Not Found"
09:18:24 │ INFO    │ httpx │ HTTP Request: GET https://picnic.ai "HTTP/1.1 200 OK"
09:18:24 │ INFO    │ httpx │ HTTP Request: HEAD http://hackerrank.com "HTTP/1.1 301 Moved Permanently"
09:18:24 │ INFO    │ httpx │ HTTP Request: HEAD http://lugg.com "HTTP/1.0 308 Permanent Redirect"
09:18:24 │ INFO    │ httpx │ HTTP Request: HEAD https://www.qventus.com/ "HTTP/1.1 403 Forbidden"
09:18:24 │ INFO    │ httpx │ HTTP Request: GET https://api.greenhouse.io/v1/boards/giveffect/jobs "HTTP/1.1 404 Not Found"
09:18:24 │ INFO    │ httpx │ HTTP Request: GET https://api.greenhouse.io/v1/boards/picnicai/jobs "HTTP/1.1 200 OK"
09:18:24 │ INFO    │ httpx │ HTTP Request: HEAD https://www.hackerrank.com/ "HTTP/1.1 403 Forbidden"
09:18:24 │ INFO    │ httpx │ HTTP Request: HEAD http://qventus.com "HTTP/1.1 301 Moved Permanently"
09:18:24 │ INFO    │ httpx │ HTTP Request: GET http://hackerrank.com "HTTP/1.1 301 Moved Permanently"
09:18:25 │ INFO    │ httpx │ HTTP Request: HEAD https://lugg.com/ "HTTP/1.1 200 OK"
09:18:25 │ INFO    │ httpx │ HTTP Request: HEAD https://qventus.com/ "HTTP/1.1 301 Moved Permanently"
09:18:25 │ INFO    │ httpx │ HTTP Request: HEAD https://www.hive.co/ "HTTP/1.1 200 OK"
09:18:25 │ INFO    │ httpx │ HTTP Request: GET https://api.lever.co/v0/postings/onesignal "HTTP/1.1 404 Not Found"
09:18:25 │ INFO    │ httpx │ HTTP Request: HEAD http://lugg.com/careers "HTTP/1.0 308 Permanent Redirect"
09:18:25 │ INFO    │ httpx │ HTTP Request: HEAD https://www.qventus.com/ "HTTP/1.1 403 Forbidden"
09:18:25 │ INFO    │ httpx │ HTTP Request: GET https://api.lever.co/v0/postings/magic "HTTP/1.1 404 Not Found"
09:18:25 │ INFO    │ httpx │ HTTP Request: GET https://www.hackerrank.com/ "HTTP/1.1 403 Forbidden"
09:18:25 │ INFO    │ httpx │ HTTP Request: GET https://api.lever.co/v0/postings/streak "HTTP/1.1 404 Not Found"
09:18:25 │ INFO    │ httpx │ HTTP Request: HEAD http://www.hive.co "HTTP/1.1 301 Moved Permanently"
09:18:25 │ INFO    │ httpx │ HTTP Request: HEAD https://www.apollographql.com/ "HTTP/1.1 200 OK"
09:18:25 │ INFO    │ httpx │ HTTP Request: HEAD http://apollographql.com/ "HTTP/1.1 301 Moved Permanently"
09:18:25 │ INFO    │ httpx │ HTTP Request: GET http://qventus.com "HTTP/1.1 301 Moved Permanently"
09:18:25 │ INFO    │ httpx │ HTTP Request: HEAD https://onesignal.com "HTTP/1.1 200 OK"
09:18:25 │ INFO    │ httpx │ HTTP Request: HEAD https://apollographql.com/ "HTTP/1.1 301 Moved Permanently"
09:18:25 │ INFO    │ httpx │ HTTP Request: HEAD https://onesignal.com/careers "HTTP/1.1 200 OK"
09:18:25 │ INFO    │ httpx │ HTTP Request: GET https://onesignal.com/careers "HTTP/1.1 200 OK"
09:18:25 │ INFO    │ pipeline.enrichment.job_resolver │ OneSignal: Tier 2 (html_heuristic) → 2 jobs
09:18:25 │ INFO    │ httpx │ HTTP Request: HEAD https://www.hive.co/ "HTTP/1.1 200 OK"
09:18:25 │ INFO    │ httpx │ HTTP Request: GET https://api.greenhouse.io/v1/boards/hackerrank/jobs "HTTP/1.1 200 OK"
09:18:25 │ INFO    │ pipeline.enrichment.job_resolver │ HackerRank: Tier 1 (greenhouse) → 33 jobs
09:18:25 │ INFO    │ httpx │ HTTP Request: GET https://api.lever.co/v0/postings/giveffect "HTTP/1.1 404 Not Found"
09:18:25 │ INFO    │ httpx │ HTTP Request: GET https://api.lever.co/v0/postings/picnicai "HTTP/1.1 404 Not Found"
09:18:25 │ INFO    │ httpx │ HTTP Request: HEAD http://streak.com "HTTP/1.1 301 Moved Permanently"
09:18:25 │ INFO    │ httpx │ HTTP Request: GET https://qventus.com/ "HTTP/1.1 301 Moved Permanently"
09:18:25 │ INFO    │ httpx │ HTTP Request: HEAD https://getmagic.com/ "HTTP/1.1 200 OK"
09:18:25 │ INFO    │ httpx │ HTTP Request: GET https://www.qventus.com/ "HTTP/1.1 403 Forbidden"
09:18:25 │ INFO    │ httpx │ HTTP Request: HEAD https://picnic.ai "HTTP/1.1 200 OK"
09:18:25 │ INFO    │ httpx │ HTTP Request: HEAD https://lugg.com/careers "HTTP/1.1 404 Not Found"
09:18:26 │ INFO    │ httpx │ HTTP Request: HEAD https://picnic.ai/careers "HTTP/1.1 200 OK"
09:18:26 │ INFO    │ httpx │ HTTP Request: HEAD http://www.hive.co/careers "HTTP/1.1 301 Moved Permanently"
09:18:26 │ INFO    │ httpx │ HTTP Request: GET https://picnic.ai/careers "HTTP/1.1 200 OK"
09:18:26 │ INFO    │ pipeline.enrichment.job_resolver │ PicnicAI: Tier 2 (html_heuristic) → 1 jobs
09:18:26 │ INFO    │ httpx │ HTTP Request: HEAD http://lugg.com/jobs "HTTP/1.0 308 Permanent Redirect"
09:18:26 │ INFO    │ httpx │ HTTP Request: HEAD https://streak.com/ "HTTP/1.1 301 Moved Permanently"
09:18:26 │ INFO    │ httpx │ HTTP Request: HEAD https://www.ycombinator.com "HTTP/1.1 200 OK"
09:18:26 │ INFO    │ httpx │ HTTP Request: HEAD https://getmagic.com/careers "HTTP/1.1 403 Forbidden"
09:18:26 │ INFO    │ httpx │ HTTP Request: HEAD https://www.apollographql.com/ "HTTP/1.1 200 OK"
09:18:26 │ INFO    │ httpx │ HTTP Request: GET https://api.greenhouse.io/v1/boards/qventus/jobs "HTTP/1.1 200 OK"
09:18:26 │ INFO    │ pipeline.enrichment.job_resolver │ Qventus: Tier 1 (greenhouse) → 26 jobs
09:18:26 │ INFO    │ httpx │ HTTP Request: HEAD http://apollographql.com/careers "HTTP/1.1 301 Moved Permanently"
09:18:26 │ INFO    │ httpx │ HTTP Request: HEAD https://www.hive.co/careers "HTTP/1.1 200 OK"
09:18:26 │ INFO    │ httpx │ HTTP Request: HEAD https://apollographql.com/careers "HTTP/1.1 301 Moved Permanently"
09:18:26 │ INFO    │ httpx │ HTTP Request: HEAD http://giveffect.com "HTTP/1.1 301 Moved Permanently"
09:18:26 │ INFO    │ httpx │ HTTP Request: HEAD http://noorahealth.org "HTTP/1.1 301 Moved Permanently"
09:18:26 │ INFO    │ httpx │ HTTP Request: HEAD https://www.streak.com/ "HTTP/1.1 200 OK"
09:18:26 │ INFO    │ httpx │ HTTP Request: HEAD https://www.ycombinator.com "HTTP/1.1 200 OK"
09:18:26 │ INFO    │ httpx │ HTTP Request: HEAD http://streak.com/careers "HTTP/1.1 301 Moved Permanently"
09:18:26 │ INFO    │ httpx │ HTTP Request: HEAD https://getmagic.com/jobs "HTTP/1.1 301 Moved Permanently"
09:18:26 │ INFO    │ httpx │ HTTP Request: GET http://www.hive.co "HTTP/1.1 301 Moved Permanently"
09:18:26 │ INFO    │ httpx │ HTTP Request: HEAD https://streak.com/careers "HTTP/1.1 301 Moved Permanently"
09:18:26 │ INFO    │ httpx │ HTTP Request: HEAD https://piinpoint.com "HTTP/1.1 301 Moved Permanently"
09:18:26 │ INFO    │ httpx │ HTTP Request: HEAD http://www.cambly.com "HTTP/1.1 301 Moved Permanently"
09:18:26 │ INFO    │ httpx │ HTTP Request: HEAD https://www.ycombinator.com/careers "HTTP/1.1 200 OK"
09:18:27 │ INFO    │ httpx │ HTTP Request: GET https://www.hive.co/ "HTTP/1.1 200 OK"
09:18:27 │ INFO    │ httpx │ HTTP Request: HEAD http://getmagic.com/careers/ "HTTP/1.1 301 Moved Permanently"
09:18:27 │ INFO    │ httpx │ HTTP Request: HEAD https://lugg.com/jobs "HTTP/1.1 404 Not Found"
09:18:27 │ INFO    │ httpx │ HTTP Request: HEAD https://getmagic.com/careers/ "HTTP/1.1 200 OK"
09:18:27 │ INFO    │ httpx │ HTTP Request: HEAD https://www.streak.com/careers "HTTP/1.1 200 OK"
09:18:27 │ INFO    │ httpx │ HTTP Request: GET https://getmagic.com/careers/ "HTTP/1.1 200 OK"
09:18:27 │ INFO    │ httpx │ HTTP Request: HEAD http://lugg.com/work-with-us "HTTP/1.0 308 Permanent Redirect"
09:18:27 │ INFO    │ pipeline.enrichment.job_resolver │ Magic: Tier 4 (manual_visit)
09:18:27 │ INFO    │ httpx │ HTTP Request: HEAD https://www.apollographql.com/careers "HTTP/1.1 200 OK"
09:18:27 │ INFO    │ httpx │ HTTP Request: GET http://apollographql.com/ "HTTP/1.1 301 Moved Permanently"
09:18:27 │ INFO    │ httpx │ HTTP Request: HEAD https://www.cambly.com/ "HTTP/1.1 302 Found"
09:18:27 │ INFO    │ httpx │ HTTP Request: GET https://www.ycombinator.com "HTTP/1.1 200 OK"
09:18:27 │ INFO    │ httpx │ HTTP Request: GET https://apollographql.com/ "HTTP/1.1 301 Moved Permanently"
09:18:27 │ INFO    │ httpx │ HTTP Request: GET https://www.streak.com/careers "HTTP/1.1 200 OK"
09:18:27 │ INFO    │ pipeline.enrichment.job_resolver │ Streak: Tier 4 (manual_visit)
09:18:27 │ INFO    │ httpx │ HTTP Request: HEAD https://www.piinpoint.com/ "HTTP/1.1 200 OK"
09:18:27 │ INFO    │ httpx │ HTTP Request: HEAD https://www.giveffect.com/ "HTTP/1.1 200 OK"
09:18:27 │ INFO    │ httpx │ HTTP Request: GET https://api.greenhouse.io/v1/boards/y-combinator/jobs "HTTP/1.1 404 Not Found"
09:18:27 │ INFO    │ httpx │ HTTP Request: HEAD https://www.cambly.com/english?lang=en "HTTP/1.1 200 OK"
09:18:27 │ INFO    │ httpx │ HTTP Request: HEAD https://noorahealth.org/ "HTTP/1.1 200 OK"
09:18:27 │ INFO    │ httpx │ HTTP Request: HEAD http://noorahealth.org "HTTP/1.1 301 Moved Permanently"
09:18:27 │ INFO    │ httpx │ HTTP Request: HEAD https://noorahealth.org/ "HTTP/1.1 200 OK"
09:18:27 │ INFO    │ httpx │ HTTP Request: HEAD https://lugg.com/work-with-us "HTTP/1.1 404 Not Found"
09:18:28 │ INFO    │ pipeline.enrichment.job_resolver │ Lugg: Tier 4 (manual_visit)
09:18:28 │ INFO    │ httpx │ HTTP Request: GET https://api.greenhouse.io/v1/boards/ycombinator/jobs "HTTP/1.1 404 Not Found"
09:18:28 │ INFO    │ httpx │ HTTP Request: HEAD http://www.cambly.com "HTTP/1.1 301 Moved Permanently"
09:18:28 │ INFO    │ httpx │ HTTP Request: GET https://www.apollographql.com/ "HTTP/1.1 200 OK"
09:18:28 │ INFO    │ httpx │ HTTP Request: HEAD http://giveffect.com/careers "HTTP/1.1 301 Moved Permanently"
09:18:28 │ INFO    │ httpx │ HTTP Request: GET https://api.greenhouse.io/v1/boards/hive/jobs "HTTP/1.1 200 OK"
09:18:28 │ INFO    │ pipeline.enrichment.job_resolver │ Hive: Tier 1 (greenhouse) → 18 jobs
09:18:28 │ INFO    │ httpx │ HTTP Request: HEAD https://piinpoint.com "HTTP/1.1 301 Moved Permanently"
09:18:28 │ INFO    │ httpx │ HTTP Request: HEAD https://www.piinpoint.com/ "HTTP/1.1 200 OK"
09:18:28 │ INFO    │ httpx │ HTTP Request: HEAD http://noorahealth.org/careers "HTTP/1.1 301 Moved Permanently"
09:18:28 │ INFO    │ httpx │ HTTP Request: HEAD https://www.cambly.com/ "HTTP/1.1 302 Found"
09:18:28 │ INFO    │ httpx │ HTTP Request: GET https://api.greenhouse.io/v1/boards/y_combinator/jobs "HTTP/1.1 404 Not Found"
09:18:28 │ INFO    │ httpx │ HTTP Request: HEAD http://lob.com "HTTP/1.1 301 Moved Permanently"
09:18:28 │ INFO    │ httpx │ HTTP Request: HEAD https://www.giveffect.com/careers "HTTP/1.1 200 OK"
09:18:28 │ INFO    │ httpx │ HTTP Request: HEAD https://www.goldbelly.com/ "HTTP/1.1 403 Forbidden"
09:18:28 │ INFO    │ httpx │ HTTP Request: HEAD http://wefunder.com "HTTP/1.1 301 Moved Permanently"
09:18:28 │ INFO    │ httpx │ HTTP Request: HEAD https://piinpoint.com/careers "HTTP/1.1 301 Moved Permanently"
09:18:28 │ INFO    │ httpx │ HTTP Request: HEAD https://www.cambly.com/english?lang=en "HTTP/1.1 200 OK"
09:18:28 │ INFO    │ httpx │ HTTP Request: GET https://www.giveffect.com/careers "HTTP/1.1 200 OK"
09:18:28 │ INFO    │ httpx │ HTTP Request: HEAD https://www.aptdeco.com/ "HTTP/1.1 202 Accepted"
09:18:28 │ INFO    │ httpx │ HTTP Request: HEAD http://www.cambly.com/careers "HTTP/1.1 301 Moved Permanently"
09:18:28 │ INFO    │ httpx │ HTTP Request: HEAD https://lob.com/ "HTTP/1.1 301 Moved Permanently"
09:18:29 │ INFO    │ pipeline.enrichment.job_resolver │ Giveffect: Tier 4 (manual_visit)
09:18:29 │ INFO    │ httpx │ HTTP Request: HEAD https://www.aptdeco.com/ "HTTP/1.1 202 Accepted"
09:18:29 │ INFO    │ httpx │ HTTP Request: HEAD https://www.goldbelly.com/ "HTTP/1.1 403 Forbidden"
09:18:29 │ INFO    │ httpx │ HTTP Request: HEAD https://wefunder.com/ "HTTP/1.1 403 Forbidden"
09:18:29 │ INFO    │ httpx │ HTTP Request: HEAD http://wefunder.com "HTTP/1.1 301 Moved Permanently"
09:18:29 │ INFO    │ httpx │ HTTP Request: HEAD https://www.piinpoint.com/careers "HTTP/1.1 404 Not Found"
09:18:29 │ INFO    │ httpx │ HTTP Request: HEAD https://www.cambly.com/careers "HTTP/1.1 404 Not Found"
09:18:29 │ INFO    │ httpx │ HTTP Request: GET https://api.greenhouse.io/v1/boards/apollo/jobs "HTTP/1.1 200 OK"
09:18:29 │ INFO    │ httpx │ HTTP Request: HEAD https://www.aptdeco.com/careers "HTTP/1.1 202 Accepted"
09:18:29 │ INFO    │ httpx │ HTTP Request: HEAD https://noorahealth.org/careers "HTTP/1.1 301 Moved Permanently"
09:18:29 │ INFO    │ httpx │ HTTP Request: GET https://www.goldbelly.com/ "HTTP/1.1 403 Forbidden"
09:18:29 │ INFO    │ httpx │ HTTP Request: GET https://api.lever.co/v0/postings/y-combinator "HTTP/1.1 404 Not Found"
09:18:29 │ INFO    │ httpx │ HTTP Request: HEAD https://www.lob.com/ "HTTP/1.1 200 OK"
09:18:29 │ INFO    │ httpx │ HTTP Request: HEAD https://wefunder.com/ "HTTP/1.1 403 Forbidden"
09:18:29 │ INFO    │ httpx │ HTTP Request: HEAD https://piinpoint.com/jobs "HTTP/1.1 301 Moved Permanently"
09:18:29 │ INFO    │ httpx │ HTTP Request: HEAD http://lob.com "HTTP/1.1 301 Moved Permanently"
09:18:29 │ INFO    │ httpx │ HTTP Request: GET http://wefunder.com "HTTP/1.1 301 Moved Permanently"
09:18:29 │ INFO    │ httpx │ HTTP Request: HEAD http://www.cambly.com/jobs "HTTP/1.1 301 Moved Permanently"
09:18:29 │ INFO    │ httpx │ HTTP Request: HEAD https://www.aptdeco.com/jobs "HTTP/1.1 202 Accepted"
09:18:29 │ INFO    │ httpx │ HTTP Request: GET https://api.lever.co/v0/postings/ycombinator "HTTP/1.1 404 Not Found"
09:18:29 │ INFO    │ httpx │ HTTP Request: GET https://api.greenhouse.io/v1/boards/goldbelly/jobs "HTTP/1.1 404 Not Found"
09:18:29 │ INFO    │ httpx │ HTTP Request: HEAD https://www.cambly.com/jobs "HTTP/1.1 404 Not Found"
09:18:29 │ INFO    │ httpx │ HTTP Request: HEAD https://www.aptdeco.com/work-with-us "HTTP/1.1 202 Accepted"
09:18:29 │ INFO    │ httpx │ HTTP Request: GET https://wefunder.com/ "HTTP/1.1 403 Forbidden"
09:18:29 │ INFO    │ httpx │ HTTP Request: HEAD https://lob.com/ "HTTP/1.1 301 Moved Permanently"
09:18:30 │ INFO    │ httpx │ HTTP Request: HEAD https://www.piinpoint.com/jobs "HTTP/1.1 404 Not Found"
09:18:30 │ INFO    │ httpx │ HTTP Request: HEAD http://simplyinsured.com "HTTP/1.1 301 Moved Permanently"
09:18:30 │ INFO    │ httpx │ HTTP Request: HEAD https://www.lob.com/ "HTTP/1.1 200 OK"
09:18:30 │ INFO    │ httpx │ HTTP Request: GET https://api.lever.co/v0/postings/y_combinator "HTTP/1.1 404 Not Found"
09:18:30 │ INFO    │ httpx │ HTTP Request: GET https://www.aptdeco.com/ "HTTP/1.1 202 Accepted"
09:18:30 │ INFO    │ httpx │ HTTP Request: HEAD http://www.cambly.com/work-with-us "HTTP/1.1 301 Moved Permanently"
09:18:30 │ INFO    │ httpx │ HTTP Request: GET https://api.greenhouse.io/v1/boards/wefunder/jobs "HTTP/1.1 404 Not Found"
09:18:30 │ INFO    │ httpx │ HTTP Request: HEAD http://lob.com/careers "HTTP/1.1 301 Moved Permanently"
09:18:30 │ INFO    │ httpx │ HTTP Request: HEAD https://piinpoint.com/work-with-us "HTTP/1.1 301 Moved Permanently"
09:18:30 │ INFO    │ httpx │ HTTP Request: GET https://api.lever.co/v0/postings/apollo "HTTP/1.1 404 Not Found"
09:18:30 │ INFO    │ httpx │ HTTP Request: HEAD https://www.cambly.com/work-with-us "HTTP/1.1 404 Not Found"
09:18:30 │ INFO    │ httpx │ HTTP Request: HEAD http://apollographql.com/ "HTTP/1.1 301 Moved Permanently"
09:18:30 │ INFO    │ httpx │ HTTP Request: HEAD https://www.ycombinator.com "HTTP/1.1 200 OK"
09:18:30 │ INFO    │ httpx │ HTTP Request: GET https://api.greenhouse.io/v1/boards/aptdeco/jobs "HTTP/1.1 404 Not Found"
09:18:30 │ INFO    │ httpx │ HTTP Request: GET http://www.cambly.com "HTTP/1.1 301 Moved Permanently"
09:18:30 │ INFO    │ httpx │ HTTP Request: HEAD https://apollographql.com/ "HTTP/1.1 301 Moved Permanently"
09:18:30 │ INFO    │ httpx │ HTTP Request: HEAD https://lob.com/careers "HTTP/1.1 301 Moved Permanently"
09:18:30 │ INFO    │ httpx │ HTTP Request: HEAD https://www.piinpoint.com/work-with-us "HTTP/1.1 404 Not Found"
09:18:30 │ INFO    │ httpx │ HTTP Request: HEAD https://www.ycombinator.com/careers "HTTP/1.1 200 OK"
09:18:31 │ INFO    │ httpx │ HTTP Request: HEAD https://www.lob.com/careers "HTTP/1.1 200 OK"
09:18:31 │ INFO    │ httpx │ HTTP Request: GET https://api.lever.co/v0/postings/goldbelly "HTTP/1.1 404 Not Found"
09:18:31 │ INFO    │ httpx │ HTTP Request: GET https://www.cambly.com/ "HTTP/1.1 302 Found"
09:18:31 │ INFO    │ httpx │ HTTP Request: GET http://lob.com "HTTP/1.1 301 Moved Permanently"
09:18:31 │ INFO    │ httpx │ HTTP Request: GET https://www.ycombinator.com/careers "HTTP/1.1 200 OK"
09:18:31 │ INFO    │ pipeline.enrichment.job_resolver │ Y Combinator: Tier 4 (manual_visit)
09:18:31 │ INFO    │ httpx │ HTTP Request: HEAD https://simplyinsured.com/ "HTTP/1.1 301 Moved Permanently"
09:18:31 │ INFO    │ httpx │ HTTP Request: GET https://piinpoint.com "HTTP/1.1 301 Moved Permanently"
09:18:31 │ INFO    │ httpx │ HTTP Request: GET https://www.piinpoint.com/ "HTTP/1.1 200 OK"
09:18:31 │ INFO    │ httpx │ HTTP Request: GET https://lob.com/ "HTTP/1.1 301 Moved Permanently"
09:18:31 │ INFO    │ httpx │ HTTP Request: GET https://api.lever.co/v0/postings/wefunder "HTTP/1.1 404 Not Found"
09:18:31 │ INFO    │ httpx │ HTTP Request: HEAD https://www.goldbelly.com/ "HTTP/1.1 403 Forbidden"
09:18:31 │ INFO    │ pipeline.enrichment.job_resolver │ Goldbelly: Tier 4 (manual_visit)
09:18:31 │ INFO    │ httpx │ HTTP Request: GET https://www.lob.com/ "HTTP/1.1 200 OK"
09:18:31 │ INFO    │ httpx │ HTTP Request: GET https://www.cambly.com/english?lang=en "HTTP/1.1 200 OK"
09:18:31 │ INFO    │ httpx │ HTTP Request: GET https://api.lever.co/v0/postings/aptdeco "HTTP/1.1 404 Not Found"
09:18:31 │ INFO    │ httpx │ HTTP Request: HEAD http://wefunder.com "HTTP/1.1 301 Moved Permanently"
09:18:31 │ INFO    │ httpx │ HTTP Request: GET https://api.greenhouse.io/v1/boards/piinpoint/jobs "HTTP/1.1 404 Not Found"
09:18:31 │ INFO    │ httpx │ HTTP Request: GET https://api.greenhouse.io/v1/boards/lob/jobs "HTTP/1.1 200 OK"
09:18:31 │ INFO    │ pipeline.enrichment.job_resolver │ Lob: Tier 1 (greenhouse) → 6 jobs
09:18:31 │ INFO    │ httpx │ HTTP Request: HEAD https://noorahealth.org/careers/ "HTTP/1.1 200 OK"
09:18:32 │ INFO    │ httpx │ HTTP Request: GET http://noorahealth.org "HTTP/1.1 301 Moved Permanently"
09:18:32 │ INFO    │ httpx │ HTTP Request: GET https://noorahealth.org/ "HTTP/1.1 200 OK"
09:18:32 │ INFO    │ httpx │ HTTP Request: HEAD https://wefunder.com/ "HTTP/1.1 403 Forbidden"
09:18:32 │ INFO    │ pipeline.enrichment.job_resolver │ Wefunder: Tier 4 (manual_visit)
09:18:32 │ INFO    │ httpx │ HTTP Request: GET https://api.greenhouse.io/v1/boards/cambly/jobs "HTTP/1.1 404 Not Found"
09:18:32 │ INFO    │ httpx │ HTTP Request: GET https://api.greenhouse.io/v1/boards/noora-health/jobs "HTTP/1.1 404 Not Found"
09:18:32 │ INFO    │ httpx │ HTTP Request: HEAD https://circuithub.com "HTTP/1.1 302 Found"
09:18:32 │ INFO    │ httpx │ HTTP Request: HEAD https://etleap.com "HTTP/1.1 200 OK"
09:18:32 │ INFO    │ httpx │ HTTP Request: GET https://api.greenhouse.io/v1/boards/noorahealth/jobs "HTTP/1.1 404 Not Found"
09:18:32 │ INFO    │ httpx │ HTTP Request: HEAD https://etleap.com "HTTP/1.1 200 OK"
09:18:32 │ INFO    │ httpx │ HTTP Request: HEAD https://www.simplyinsured.com/ "HTTP/1.1 200 OK"
09:18:32 │ INFO    │ httpx │ HTTP Request: HEAD https://etleap.com/careers "HTTP/1.1 200 OK"
09:18:32 │ INFO    │ httpx │ HTTP Request: GET https://etleap.com "HTTP/1.1 200 OK"
09:18:33 │ INFO    │ httpx │ HTTP Request: HEAD https://www.apollographql.com/ "HTTP/1.1 200 OK"
09:18:33 │ INFO    │ httpx │ HTTP Request: GET https://api.greenhouse.io/v1/boards/noora_health/jobs "HTTP/1.1 404 Not Found"
09:18:33 │ INFO    │ httpx │ HTTP Request: HEAD http://simplyinsured.com "HTTP/1.1 301 Moved Permanently"
09:18:33 │ INFO    │ httpx │ HTTP Request: HEAD https://www.aptdeco.com/ "HTTP/1.1 202 Accepted"
09:18:33 │ INFO    │ httpx │ HTTP Request: HEAD https://influxdata.com "HTTP/1.1 301 Moved Permanently"
09:18:33 │ INFO    │ httpx │ HTTP Request: HEAD http://apollographql.com/careers "HTTP/1.1 301 Moved Permanently"
09:18:33 │ INFO    │ httpx │ HTTP Request: GET https://api.lever.co/v0/postings/piinpoint "HTTP/1.1 404 Not Found"
09:18:33 │ INFO    │ httpx │ HTTP Request: HEAD https://goradar.com "HTTP/1.1 200 OK"
09:18:33 │ INFO    │ httpx │ HTTP Request: HEAD https://apollographql.com/careers "HTTP/1.1 301 Moved Permanently"
09:18:33 │ INFO    │ httpx │ HTTP Request: HEAD https://www.circuithub.com/ "HTTP/1.1 200 OK"
09:18:33 │ INFO    │ httpx │ HTTP Request: HEAD https://simplyinsured.com/ "HTTP/1.1 301 Moved Permanently"
09:18:33 │ INFO    │ httpx │ HTTP Request: HEAD https://www.aptdeco.com/careers "HTTP/1.1 202 Accepted"
09:18:33 │ INFO    │ httpx │ HTTP Request: GET https://api.greenhouse.io/v1/boards/etleap/jobs "HTTP/1.1 404 Not Found"
09:18:33 │ INFO    │ httpx │ HTTP Request: HEAD https://circuithub.com "HTTP/1.1 302 Found"
09:18:33 │ INFO    │ httpx │ HTTP Request: HEAD https://www.simplyinsured.com/ "HTTP/1.1 200 OK"
09:18:33 │ INFO    │ httpx │ HTTP Request: GET https://api.lever.co/v0/postings/cambly "HTTP/1.1 404 Not Found"
09:18:33 │ INFO    │ httpx │ HTTP Request: HEAD https://www.circuithub.com/ "HTTP/1.1 200 OK"
09:18:33 │ INFO    │ httpx │ HTTP Request: HEAD https://piinpoint.com "HTTP/1.1 301 Moved Permanently"
09:18:33 │ INFO    │ httpx │ HTTP Request: HEAD https://www.aptdeco.com/jobs "HTTP/1.1 202 Accepted"
09:18:33 │ INFO    │ httpx │ HTTP Request: HEAD https://www.apollographql.com/careers "HTTP/1.1 200 OK"
09:18:33 │ INFO    │ httpx │ HTTP Request: HEAD http://simplyinsured.com/careers "HTTP/1.1 301 Moved Permanently"
09:18:33 │ INFO    │ httpx │ HTTP Request: GET https://www.apollographql.com/careers "HTTP/1.1 200 OK"
09:18:33 │ INFO    │ httpx │ HTTP Request: HEAD https://circuithub.com/careers "HTTP/1.1 302 Found"
09:18:33 │ INFO    │ httpx │ HTTP Request: HEAD http://www.cambly.com "HTTP/1.1 301 Moved Permanently"
09:18:34 │ INFO    │ httpx │ HTTP Request: HEAD https://www.aptdeco.com/work-with-us "HTTP/1.1 202 Accepted"
09:18:34 │ INFO    │ pipeline.enrichment.job_resolver │ AptDeco: Tier 4 (manual_visit)
09:18:34 │ INFO    │ httpx │ HTTP Request: HEAD https://www.influxdata.com/ "HTTP/1.1 200 OK"
09:18:34 │ INFO    │ httpx │ HTTP Request: HEAD https://goradar.com "HTTP/1.1 200 OK"
09:18:34 │ INFO    │ httpx │ HTTP Request: HEAD https://www.piinpoint.com/ "HTTP/1.1 200 OK"
09:18:34 │ INFO    │ httpx │ HTTP Request: HEAD https://simplyinsured.com/careers "HTTP/1.1 301 Moved Permanently"
09:18:34 │ INFO    │ pipeline.enrichment.job_resolver │ Apollo: Tier 4 (manual_visit)
09:18:34 │ INFO    │ httpx │ HTTP Request: GET https://api.lever.co/v0/postings/noora-health "HTTP/1.1 404 Not Found"
09:18:34 │ INFO    │ httpx │ HTTP Request: HEAD https://influxdata.com "HTTP/1.1 301 Moved Permanently"
09:18:34 │ INFO    │ httpx │ HTTP Request: HEAD https://www.cambly.com/ "HTTP/1.1 302 Found"
09:18:34 │ INFO    │ httpx │ HTTP Request: HEAD https://www.circuithub.com/careers "HTTP/1.1 301 Moved Permanently"
09:18:34 │ INFO    │ httpx │ HTTP Request: HEAD https://www.simplyinsured.com/careers "HTTP/1.1 301 Moved Permanently"
09:18:34 │ INFO    │ httpx │ HTTP Request: HEAD https://piinpoint.com/careers "HTTP/1.1 301 Moved Permanently"
09:18:34 │ INFO    │ httpx │ HTTP Request: HEAD https://www.piinpoint.com/careers "HTTP/1.1 404 Not Found"
09:18:34 │ INFO    │ httpx │ HTTP Request: HEAD https://www.circuithub.com/company/careers "HTTP/1.1 200 OK"
09:18:34 │ INFO    │ httpx │ HTTP Request: GET https://api.lever.co/v0/postings/etleap "HTTP/1.1 404 Not Found"
09:18:34 │ INFO    │ httpx │ HTTP Request: HEAD https://www.influxdata.com/ "HTTP/1.1 200 OK"
09:18:34 │ INFO    │ httpx │ HTTP Request: HEAD https://padlet.com "HTTP/1.1 200 OK"
09:18:34 │ INFO    │ httpx │ HTTP Request: HEAD https://www.cambly.com/english?lang=en "HTTP/1.1 200 OK"
09:18:34 │ INFO    │ httpx │ HTTP Request: HEAD https://goradar.com/careers "HTTP/1.1 404 Not Found"
09:18:34 │ INFO    │ httpx │ HTTP Request: GET https://circuithub.com "HTTP/1.1 302 Found"
09:18:34 │ INFO    │ httpx │ HTTP Request: HEAD https://etleap.com "HTTP/1.1 200 OK"
09:18:34 │ INFO    │ httpx │ HTTP Request: HEAD https://www.buildzoom.com "HTTP/1.1 403 Forbidden"
09:18:34 │ INFO    │ httpx │ HTTP Request: HEAD https://www.buildzoom.com "HTTP/1.1 403 Forbidden"
09:18:34 │ INFO    │ httpx │ HTTP Request: GET https://www.circuithub.com/ "HTTP/1.1 200 OK"
09:18:34 │ INFO    │ httpx │ HTTP Request: HEAD https://influxdata.com/careers "HTTP/1.1 301 Moved Permanently"
09:18:35 │ INFO    │ httpx │ HTTP Request: HEAD https://etleap.com/careers "HTTP/1.1 200 OK"
09:18:35 │ INFO    │ httpx │ HTTP Request: GET https://www.buildzoom.com "HTTP/1.1 403 Forbidden"
09:18:35 │ INFO    │ httpx │ HTTP Request: HEAD https://piinpoint.com/jobs "HTTP/1.1 301 Moved Permanently"
09:18:35 │ INFO    │ httpx │ HTTP Request: GET https://etleap.com/careers "HTTP/1.1 200 OK"
09:18:35 │ INFO    │ httpx │ HTTP Request: HEAD https://www.piinpoint.com/jobs "HTTP/1.1 404 Not Found"
09:18:35 │ INFO    │ httpx │ HTTP Request: HEAD http://www.cambly.com/careers "HTTP/1.1 301 Moved Permanently"
09:18:35 │ INFO    │ httpx │ HTTP Request: HEAD https://get.simplyinsured.com/careers "HTTP/1.1 200 OK"
09:18:35 │ INFO    │ pipeline.enrichment.job_resolver │ Etleap: Tier 2 (html_heuristic) → 6 jobs
09:18:35 │ INFO    │ httpx │ HTTP Request: HEAD https://padlet.com "HTTP/1.1 200 OK"
09:18:35 │ INFO    │ httpx │ HTTP Request: HEAD https://www.cambly.com/careers "HTTP/1.1 404 Not Found"
09:18:35 │ INFO    │ httpx │ HTTP Request: GET https://api.greenhouse.io/v1/boards/buildzoom/jobs "HTTP/1.1 404 Not Found"
09:18:35 │ INFO    │ httpx │ HTTP Request: GET http://simplyinsured.com "HTTP/1.1 301 Moved Permanently"
09:18:35 │ INFO    │ httpx │ HTTP Request: GET https://api.greenhouse.io/v1/boards/circuithub/jobs "HTTP/1.1 404 Not Found"
09:18:35 │ INFO    │ httpx │ HTTP Request: HEAD https://piinpoint.com/work-with-us "HTTP/1.1 301 Moved Permanently"
09:18:35 │ INFO    │ httpx │ HTTP Request: HEAD https://www.piinpoint.com/work-with-us "HTTP/1.1 404 Not Found"
09:18:35 │ INFO    │ pipeline.enrichment.job_resolver │ PiinPoint: Tier 4 (manual_visit)
09:18:35 │ INFO    │ httpx │ HTTP Request: GET https://api.lever.co/v0/postings/noorahealth "HTTP/1.1 404 Not Found"
09:18:35 │ INFO    │ httpx │ HTTP Request: HEAD http://www.cambly.com/jobs "HTTP/1.1 301 Moved Permanently"
09:18:35 │ INFO    │ httpx │ HTTP Request: GET https://simplyinsured.com/ "HTTP/1.1 301 Moved Permanently"
09:18:35 │ INFO    │ httpx │ HTTP Request: HEAD https://goradar.com/jobs "HTTP/1.1 301 Moved Permanently"
09:18:35 │ INFO    │ httpx │ HTTP Request: HEAD https://www.influxdata.com/careers "HTTP/1.1 301 Moved Permanently"
09:18:35 │ INFO    │ httpx │ HTTP Request: GET https://www.simplyinsured.com/ "HTTP/1.1 200 OK"
09:18:35 │ INFO    │ httpx │ HTTP Request: GET https://api.lever.co/v0/postings/noora_health "HTTP/1.1 404 Not Found"
09:18:36 │ INFO    │ httpx │ HTTP Request: HEAD http://noorahealth.org "HTTP/1.1 301 Moved Permanently"
09:18:36 │ INFO    │ httpx │ HTTP Request: HEAD https://noorahealth.org/ "HTTP/1.1 200 OK"
09:18:36 │ INFO    │ httpx │ HTTP Request: HEAD https://www.cambly.com/jobs "HTTP/1.1 404 Not Found"
09:18:36 │ INFO    │ httpx │ HTTP Request: HEAD http://noorahealth.org/careers "HTTP/1.1 301 Moved Permanently"
09:18:36 │ INFO    │ httpx │ HTTP Request: HEAD https://www.influxdata.com/careers/ "HTTP/1.1 200 OK"
09:18:36 │ INFO    │ httpx │ HTTP Request: HEAD https://zentail.com "HTTP/1.1 301 Moved Permanently"
09:18:36 │ INFO    │ httpx │ HTTP Request: HEAD https://noorahealth.org/careers "HTTP/1.1 301 Moved Permanently"
09:18:36 │ INFO    │ httpx │ HTTP Request: HEAD https://noorahealth.org/careers/ "HTTP/1.1 200 OK"
09:18:36 │ INFO    │ httpx │ HTTP Request: GET https://noorahealth.org/careers/ "HTTP/1.1 200 OK"
09:18:36 │ INFO    │ pipeline.enrichment.job_resolver │ Noora Health: Tier 4 (manual_visit)
09:18:36 │ INFO    │ httpx │ HTTP Request: HEAD http://www.cambly.com/work-with-us "HTTP/1.1 301 Moved Permanently"
09:18:36 │ INFO    │ httpx │ HTTP Request: HEAD https://padlet.com/careers "HTTP/1.1 404 Not Found"
09:18:36 │ INFO    │ httpx │ HTTP Request: HEAD https://goradar.com/jobs/ "HTTP/1.1 200 OK"
09:18:36 │ INFO    │ httpx │ HTTP Request: GET https://influxdata.com "HTTP/1.1 301 Moved Permanently"
09:18:36 │ INFO    │ httpx │ HTTP Request: HEAD https://padlet.com/jobs "HTTP/1.1 301 Moved Permanently"
09:18:36 │ INFO    │ httpx │ HTTP Request: GET https://api.lever.co/v0/postings/buildzoom "HTTP/1.1 404 Not Found"
09:18:36 │ INFO    │ httpx │ HTTP Request: GET https://api.greenhouse.io/v1/boards/simplyinsured/jobs "HTTP/1.1 404 Not Found"
09:18:36 │ INFO    │ httpx │ HTTP Request: HEAD https://lambdarobotics.ai "HTTP/1.1 200 OK"
09:18:36 │ INFO    │ httpx │ HTTP Request: HEAD https://lambdarobotics.ai "HTTP/1.1 200 OK"
09:18:36 │ INFO    │ httpx │ HTTP Request: HEAD https://www.cambly.com/work-with-us "HTTP/1.1 404 Not Found"
09:18:36 │ INFO    │ pipeline.enrichment.job_resolver │ Cambly: Tier 4 (manual_visit)
09:18:36 │ INFO    │ httpx │ HTTP Request: HEAD https://simantic.dev "HTTP/1.1 200 OK"
09:18:36 │ INFO    │ httpx │ HTTP Request: HEAD https://www.zentail.com/ "HTTP/1.1 200 OK"
09:18:36 │ INFO    │ httpx │ HTTP Request: GET https://www.influxdata.com/ "HTTP/1.1 200 OK"
09:18:36 │ INFO    │ httpx │ HTTP Request: GET https://api.lever.co/v0/postings/circuithub "HTTP/1.1 404 Not Found"
09:18:36 │ INFO    │ httpx │ HTTP Request: HEAD https://simantic.dev "HTTP/1.1 200 OK"
09:18:36 │ INFO    │ httpx │ HTTP Request: HEAD https://www.buildzoom.com "HTTP/1.1 403 Forbidden"
09:18:37 │ INFO    │ pipeline.enrichment.job_resolver │ BuildZoom: Tier 4 (manual_visit)
09:18:37 │ INFO    │ httpx │ HTTP Request: HEAD https://simantic.dev/careers "HTTP/1.1 200 OK"
09:18:37 │ INFO    │ httpx │ HTTP Request: HEAD https://lambdarobotics.ai/careers "HTTP/1.1 200 OK"
09:18:37 │ INFO    │ httpx │ HTTP Request: HEAD https://padlet.jobs "HTTP/1.1 200 OK"
09:18:37 │ INFO    │ httpx │ HTTP Request: GET https://simantic.dev "HTTP/1.1 200 OK"
09:18:37 │ INFO    │ httpx │ HTTP Request: GET https://lambdarobotics.ai "HTTP/1.1 200 OK"
09:18:37 │ INFO    │ httpx │ HTTP Request: HEAD https://zentail.com "HTTP/1.1 301 Moved Permanently"
09:18:37 │ INFO    │ httpx │ HTTP Request: GET https://api.greenhouse.io/v1/boards/influxdata/jobs "HTTP/1.1 404 Not Found"
09:18:37 │ INFO    │ httpx │ HTTP Request: HEAD https://www.zentail.com/ "HTTP/1.1 200 OK"
09:18:37 │ INFO    │ httpx │ HTTP Request: GET https://goradar.com "HTTP/1.1 200 OK"
09:18:37 │ INFO    │ httpx │ HTTP Request: HEAD https://83sciences.ai "HTTP/1.1 200 OK"
09:18:37 │ INFO    │ httpx │ HTTP Request: GET https://padlet.com "HTTP/1.1 200 OK"
09:18:37 │ INFO    │ httpx │ HTTP Request: HEAD https://83sciences.ai "HTTP/1.1 200 OK"
09:18:37 │ INFO    │ httpx │ HTTP Request: GET https://api.greenhouse.io/v1/boards/simantic/jobs "HTTP/1.1 404 Not Found"
09:18:37 │ INFO    │ httpx │ HTTP Request: GET https://api.greenhouse.io/v1/boards/lambda-robotics/jobs "HTTP/1.1 404 Not Found"
09:18:37 │ INFO    │ httpx │ HTTP Request: HEAD https://83sciences.ai/careers "HTTP/1.1 404 Not Found"
09:18:37 │ INFO    │ httpx │ HTTP Request: HEAD https://locke.inc "HTTP/1.1 200 OK"
09:18:37 │ INFO    │ httpx │ HTTP Request: HEAD https://83sciences.ai/jobs "HTTP/1.1 404 Not Found"
09:18:37 │ INFO    │ httpx │ HTTP Request: HEAD https://83sciences.ai/work-with-us "HTTP/1.1 404 Not Found"
09:18:37 │ INFO    │ httpx │ HTTP Request: GET https://api.greenhouse.io/v1/boards/radar/jobs "HTTP/1.1 200 OK"
09:18:37 │ INFO    │ pipeline.enrichment.job_resolver │ RADAR: Tier 1 (greenhouse) → 17 jobs
09:18:37 │ INFO    │ httpx │ HTTP Request: GET https://83sciences.ai "HTTP/1.1 200 OK"
09:18:37 │ INFO    │ httpx │ HTTP Request: HEAD https://zentail.com/careers "HTTP/1.1 301 Moved Permanently"
09:18:37 │ INFO    │ httpx │ HTTP Request: GET https://api.lever.co/v0/postings/simplyinsured "HTTP/1.1 404 Not Found"
09:18:37 │ INFO    │ httpx │ HTTP Request: HEAD https://locke.inc "HTTP/1.1 200 OK"
09:18:37 │ INFO    │ httpx │ HTTP Request: GET https://api.greenhouse.io/v1/boards/lambdarobotics/jobs "HTTP/1.1 404 Not Found"
09:18:37 │ INFO    │ httpx │ HTTP Request: GET https://api.greenhouse.io/v1/boards/padlet/jobs "HTTP/1.1 404 Not Found"
09:18:37 │ INFO    │ httpx │ HTTP Request: HEAD https://www.zentail.com/careers "HTTP/1.1 200 OK"
09:18:37 │ INFO    │ httpx │ HTTP Request: HEAD https://circuithub.com "HTTP/1.1 302 Found"
09:18:37 │ INFO    │ httpx │ HTTP Request: HEAD https://locke.inc/careers "HTTP/1.1 404 Not Found"
09:18:38 │ INFO    │ httpx │ HTTP Request: HEAD https://locke.inc/jobs "HTTP/1.1 404 Not Found"
09:18:38 │ INFO    │ httpx │ HTTP Request: GET https://api.greenhouse.io/v1/boards/lambda_robotics/jobs "HTTP/1.1 404 Not Found"
09:18:38 │ INFO    │ httpx │ HTTP Request: HEAD https://locke.inc/work-with-us "HTTP/1.1 404 Not Found"
09:18:38 │ INFO    │ httpx │ HTTP Request: GET https://api.greenhouse.io/v1/boards/83-sciences/jobs "HTTP/1.1 404 Not Found"
09:18:38 │ INFO    │ httpx │ HTTP Request: HEAD https://www.circuithub.com/ "HTTP/1.1 200 OK"
09:18:38 │ INFO    │ httpx │ HTTP Request: GET https://zentail.com "HTTP/1.1 301 Moved Permanently"
09:18:38 │ INFO    │ httpx │ HTTP Request: GET https://locke.inc "HTTP/1.1 200 OK"
09:18:38 │ INFO    │ httpx │ HTTP Request: GET https://www.zentail.com/ "HTTP/1.1 200 OK"
09:18:38 │ INFO    │ httpx │ HTTP Request: GET https://api.greenhouse.io/v1/boards/83sciences/jobs "HTTP/1.1 404 Not Found"
09:18:38 │ INFO    │ httpx │ HTTP Request: GET https://api.lever.co/v0/postings/influxdata "HTTP/1.1 404 Not Found"
09:18:38 │ INFO    │ httpx │ HTTP Request: HEAD https://circuithub.com/careers "HTTP/1.1 302 Found"
09:18:38 │ INFO    │ httpx │ HTTP Request: HEAD http://simplyinsured.com "HTTP/1.1 301 Moved Permanently"
09:18:38 │ INFO    │ httpx │ HTTP Request: GET https://api.greenhouse.io/v1/boards/locke/jobs "HTTP/1.1 404 Not Found"
09:18:38 │ INFO    │ httpx │ HTTP Request: GET https://api.greenhouse.io/v1/boards/zentail/jobs "HTTP/1.1 404 Not Found"
09:18:38 │ INFO    │ httpx │ HTTP Request: HEAD https://www.circuithub.com/careers "HTTP/1.1 301 Moved Permanently"
09:18:38 │ INFO    │ httpx │ HTTP Request: HEAD https://operonsolutions.com/en "HTTP/1.1 200 OK"
09:18:39 │ INFO    │ httpx │ HTTP Request: HEAD https://www.circuithub.com/company/careers "HTTP/1.1 200 OK"
09:18:39 │ INFO    │ httpx │ HTTP Request: GET https://api.lever.co/v0/postings/padlet "HTTP/1.1 404 Not Found"
09:18:39 │ INFO    │ httpx │ HTTP Request: GET https://api.greenhouse.io/v1/boards/83_sciences/jobs "HTTP/1.1 404 Not Found"
09:18:39 │ INFO    │ httpx │ HTTP Request: GET https://www.circuithub.com/company/careers "HTTP/1.1 200 OK"
09:18:39 │ INFO    │ pipeline.enrichment.job_resolver │ CircuitHub: Tier 2 (html_heuristic) → 13 jobs
09:18:39 │ INFO    │ httpx │ HTTP Request: GET https://api.lever.co/v0/postings/lambda-robotics "HTTP/1.1 404 Not Found"
09:18:39 │ INFO    │ httpx │ HTTP Request: GET https://api.lever.co/v0/postings/simantic "HTTP/1.1 404 Not Found"
09:18:39 │ INFO    │ httpx │ HTTP Request: HEAD https://operonsolutions.com/en "HTTP/1.1 200 OK"
09:18:39 │ INFO    │ httpx │ HTTP Request: HEAD https://influxdata.com "HTTP/1.1 301 Moved Permanently"
09:18:39 │ INFO    │ httpx │ HTTP Request: GET https://api.lever.co/v0/postings/lambdarobotics "HTTP/1.1 404 Not Found"
09:18:39 │ INFO    │ httpx │ HTTP Request: HEAD https://simantic.dev "HTTP/1.1 200 OK"
09:18:39 │ INFO    │ httpx │ HTTP Request: HEAD https://operonsolutions.com/en/careers "HTTP/1.1 200 OK"
09:18:39 │ INFO    │ httpx │ HTTP Request: HEAD https://simantic.dev/careers "HTTP/1.1 200 OK"
09:18:39 │ INFO    │ httpx │ HTTP Request: HEAD https://padlet.com "HTTP/1.1 200 OK"
09:18:39 │ INFO    │ httpx │ HTTP Request: GET https://simantic.dev/careers "HTTP/1.1 200 OK"
09:18:39 │ INFO    │ pipeline.enrichment.job_resolver │ Simantic: Tier 4 (manual_visit)
09:18:39 │ INFO    │ httpx │ HTTP Request: HEAD https://simplyinsured.com/ "HTTP/1.1 301 Moved Permanently"
09:18:39 │ INFO    │ httpx │ HTTP Request: GET https://api.lever.co/v0/postings/zentail "HTTP/1.1 404 Not Found"
09:18:39 │ INFO    │ httpx │ HTTP Request: GET https://api.lever.co/v0/postings/lambda_robotics "HTTP/1.1 404 Not Found"
09:18:39 │ INFO    │ httpx │ HTTP Request: GET https://api.lever.co/v0/postings/locke "HTTP/1.1 404 Not Found"
09:18:39 │ INFO    │ httpx │ HTTP Request: GET https://operonsolutions.com/en "HTTP/1.1 200 OK"
09:18:40 │ INFO    │ httpx │ HTTP Request: HEAD https://padlet.com/careers "HTTP/1.1 404 Not Found"
09:18:40 │ INFO    │ httpx │ HTTP Request: HEAD https://padlet.com/jobs "HTTP/1.1 301 Moved Permanently"
09:18:40 │ INFO    │ httpx │ HTTP Request: HEAD https://ooakdata.com/ "HTTP/1.1 200 OK"
09:18:40 │ INFO    │ httpx │ HTTP Request: HEAD https://bloomylearning.com/ "HTTP/1.1 307 Temporary Redirect"
09:18:40 │ INFO    │ httpx │ HTTP Request: HEAD https://ooakdata.com/ "HTTP/1.1 200 OK"
09:18:40 │ INFO    │ httpx │ HTTP Request: HEAD https://ooakdata.com/careers "HTTP/1.1 200 OK"
09:18:40 │ INFO    │ httpx │ HTTP Request: GET https://ooakdata.com/ "HTTP/1.1 200 OK"
09:18:40 │ INFO    │ httpx │ HTTP Request: GET https://api.greenhouse.io/v1/boards/operon/jobs "HTTP/1.1 404 Not Found"
09:18:40 │ INFO    │ httpx │ HTTP Request: GET https://api.lever.co/v0/postings/83-sciences "HTTP/1.1 404 Not Found"
09:18:40 │ INFO    │ httpx │ HTTP Request: HEAD https://www.influxdata.com/ "HTTP/1.1 200 OK"
09:18:40 │ INFO    │ httpx │ HTTP Request: HEAD https://zentail.com "HTTP/1.1 301 Moved Permanently"
09:18:40 │ INFO    │ httpx │ HTTP Request: HEAD https://www.bloomylearning.com/ "HTTP/1.1 200 OK"
09:18:40 │ INFO    │ httpx │ HTTP Request: HEAD https://lambdarobotics.ai "HTTP/1.1 200 OK"
09:18:40 │ INFO    │ httpx │ HTTP Request: HEAD https://padlet.jobs "HTTP/1.1 200 OK"
09:18:40 │ INFO    │ httpx │ HTTP Request: HEAD https://bloomylearning.com/ "HTTP/1.1 307 Temporary Redirect"
09:18:40 │ INFO    │ httpx │ HTTP Request: GET https://padlet.jobs "HTTP/1.1 200 OK"
09:18:40 │ INFO    │ pipeline.enrichment.job_resolver │ Padlet: Tier 4 (manual_visit)
09:18:40 │ INFO    │ httpx │ HTTP Request: HEAD https://locke.inc "HTTP/1.1 200 OK"
09:18:40 │ INFO    │ httpx │ HTTP Request: HEAD https://lambdarobotics.ai/careers "HTTP/1.1 200 OK"
09:18:40 │ INFO    │ httpx │ HTTP Request: HEAD https://influxdata.com/careers "HTTP/1.1 301 Moved Permanently"
09:18:40 │ INFO    │ httpx │ HTTP Request: HEAD https://www.bloomylearning.com/ "HTTP/1.1 200 OK"
09:18:40 │ INFO    │ httpx │ HTTP Request: GET https://api.lever.co/v0/postings/83sciences "HTTP/1.1 404 Not Found"
09:18:40 │ INFO    │ httpx │ HTTP Request: GET https://api.greenhouse.io/v1/boards/ooak-data/jobs "HTTP/1.1 404 Not Found"
09:18:40 │ INFO    │ httpx │ HTTP Request: HEAD https://bloomylearning.com/careers "HTTP/1.1 307 Temporary Redirect"
09:18:40 │ INFO    │ httpx │ HTTP Request: HEAD https://locke.inc/careers "HTTP/1.1 404 Not Found"
09:18:40 │ INFO    │ httpx │ HTTP Request: GET https://lambdarobotics.ai/careers "HTTP/1.1 200 OK"
09:18:40 │ INFO    │ pipeline.enrichment.job_resolver │ Lambda Robotics: Tier 4 (manual_visit)
09:18:40 │ INFO    │ httpx │ HTTP Request: HEAD https://locke.inc/jobs "HTTP/1.1 404 Not Found"
09:18:40 │ INFO    │ httpx │ HTTP Request: HEAD https://www.zentail.com/ "HTTP/1.1 200 OK"
09:18:40 │ INFO    │ httpx │ HTTP Request: GET https://api.greenhouse.io/v1/boards/ooakdata/jobs "HTTP/1.1 404 Not Found"
09:18:40 │ INFO    │ httpx │ HTTP Request: HEAD https://locke.inc/work-with-us "HTTP/1.1 404 Not Found"
09:18:41 │ INFO    │ pipeline.enrichment.job_resolver │ Locke: Tier 4 (manual_visit)
09:18:41 │ INFO    │ httpx │ HTTP Request: HEAD https://www.influxdata.com/careers "HTTP/1.1 301 Moved Permanently"
09:18:41 │ INFO    │ httpx │ HTTP Request: GET https://api.lever.co/v0/postings/83_sciences "HTTP/1.1 404 Not Found"
09:18:41 │ INFO    │ httpx │ HTTP Request: HEAD https://www.bloomylearning.com/careers "HTTP/1.1 404 Not Found"
09:18:41 │ INFO    │ httpx │ HTTP Request: HEAD https://bloomylearning.com/jobs "HTTP/1.1 307 Temporary Redirect"
09:18:41 │ INFO    │ httpx │ HTTP Request: HEAD https://www.simplyinsured.com/ "HTTP/1.1 200 OK"
09:18:41 │ INFO    │ httpx │ HTTP Request: GET https://api.greenhouse.io/v1/boards/ooak_data/jobs "HTTP/1.1 404 Not Found"
09:18:41 │ INFO    │ httpx │ HTTP Request: HEAD https://83sciences.ai "HTTP/1.1 200 OK"
09:18:41 │ INFO    │ httpx │ HTTP Request: HEAD https://www.bloomylearning.com/jobs "HTTP/1.1 404 Not Found"
09:18:41 │ INFO    │ httpx │ HTTP Request: HEAD https://zentail.com/careers "HTTP/1.1 301 Moved Permanently"
09:18:41 │ INFO    │ httpx │ HTTP Request: HEAD https://83sciences.ai/careers "HTTP/1.1 404 Not Found"
09:18:41 │ INFO    │ httpx │ HTTP Request: HEAD https://bloomylearning.com/work-with-us "HTTP/1.1 307 Temporary Redirect"
09:18:41 │ INFO    │ httpx │ HTTP Request: HEAD https://www.traceforce.ai "HTTP/1.1 200 OK"
09:18:41 │ INFO    │ httpx │ HTTP Request: HEAD https://www.zentail.com/careers "HTTP/1.1 200 OK"
09:18:41 │ INFO    │ httpx │ HTTP Request: HEAD https://www.influxdata.com/careers/ "HTTP/1.1 200 OK"
09:18:41 │ INFO    │ httpx │ HTTP Request: HEAD https://www.bloomylearning.com/work-with-us "HTTP/1.1 404 Not Found"
09:18:41 │ INFO    │ httpx │ HTTP Request: HEAD https://83sciences.ai/jobs "HTTP/1.1 404 Not Found"
09:18:41 │ INFO    │ httpx │ HTTP Request: HEAD https://www.traceforce.ai "HTTP/1.1 200 OK"
09:18:41 │ INFO    │ httpx │ HTTP Request: GET https://www.zentail.com/careers "HTTP/1.1 200 OK"
09:18:41 │ INFO    │ pipeline.enrichment.job_resolver │ Zentail: Tier 4 (manual_visit)
09:18:41 │ INFO    │ httpx │ HTTP Request: HEAD http://simplyinsured.com/careers "HTTP/1.1 301 Moved Permanently"
09:18:41 │ INFO    │ httpx │ HTTP Request: HEAD https://screenpipe.com "HTTP/1.1 200 OK"
09:18:41 │ INFO    │ httpx │ HTTP Request: GET https://bloomylearning.com/ "HTTP/1.1 307 Temporary Redirect"
09:18:41 │ INFO    │ httpx │ HTTP Request: HEAD https://83sciences.ai/work-with-us "HTTP/1.1 404 Not Found"
09:18:41 │ INFO    │ pipeline.enrichment.job_resolver │ 83 Sciences: Tier 4 (manual_visit)
09:18:41 │ INFO    │ httpx │ HTTP Request: GET https://www.bloomylearning.com/ "HTTP/1.1 200 OK"
09:18:41 │ INFO    │ httpx │ HTTP Request: GET https://api.lever.co/v0/postings/operon "HTTP/1.1 404 Not Found"
09:18:41 │ INFO    │ httpx │ HTTP Request: HEAD https://simplyinsured.com/careers "HTTP/1.1 301 Moved Permanently"
09:18:41 │ INFO    │ httpx │ HTTP Request: HEAD https://www.traceforce.ai/careers "HTTP/1.1 404 Not Found"
09:18:41 │ INFO    │ httpx │ HTTP Request: HEAD https://screenpipe.com "HTTP/1.1 200 OK"
09:18:41 │ INFO    │ httpx │ HTTP Request: GET https://www.influxdata.com/careers/ "HTTP/1.1 200 OK"
09:18:42 │ INFO    │ httpx │ HTTP Request: HEAD https://www.simplyinsured.com/careers "HTTP/1.1 301 Moved Permanently"
09:18:42 │ INFO    │ httpx │ HTTP Request: HEAD https://www.getcoach.com/ "HTTP/1.1 200 OK"
09:18:42 │ INFO    │ httpx │ HTTP Request: GET https://api.greenhouse.io/v1/boards/bloomy/jobs "HTTP/1.1 404 Not Found"
09:18:42 │ INFO    │ httpx │ HTTP Request: HEAD https://screenpipe.com/careers "HTTP/1.1 200 OK"
09:18:42 │ INFO    │ httpx │ HTTP Request: HEAD https://www.traceforce.ai/jobs "HTTP/1.1 404 Not Found"
09:18:42 │ INFO    │ httpx │ HTTP Request: HEAD https://get.simplyinsured.com/careers "HTTP/1.1 200 OK"
09:18:42 │ INFO    │ httpx │ HTTP Request: GET https://get.simplyinsured.com/careers "HTTP/1.1 200 OK"
09:18:42 │ INFO    │ pipeline.enrichment.job_resolver │ SimplyInsured: Tier 4 (manual_visit)
09:18:42 │ INFO    │ httpx │ HTTP Request: HEAD https://rise-reforming.com/home "HTTP/1.1 301 Moved Permanently"
09:18:42 │ INFO    │ httpx │ HTTP Request: HEAD https://www.getcoach.com/ "HTTP/1.1 200 OK"
09:18:42 │ INFO    │ httpx │ HTTP Request: GET https://screenpipe.com "HTTP/1.1 200 OK"
09:18:42 │ INFO    │ httpx │ HTTP Request: HEAD https://gutgutgoose.com/ "HTTP/1.1 200 OK"
09:18:42 │ INFO    │ pipeline.enrichment.job_resolver │ InfluxData: Tier 4 (manual_visit)
09:18:42 │ INFO    │ httpx │ HTTP Request: HEAD https://operonsolutions.com/en "HTTP/1.1 200 OK"
09:18:42 │ INFO    │ httpx │ HTTP Request: HEAD https://www.getcoach.com/careers "HTTP/1.1 404 Not Found"
09:18:42 │ INFO    │ httpx │ HTTP Request: HEAD https://gutgutgoose.com/ "HTTP/1.1 200 OK"
09:18:42 │ INFO    │ httpx │ HTTP Request: HEAD https://www.traceforce.ai/work-with-us "HTTP/1.1 404 Not Found"
09:18:42 │ INFO    │ httpx │ HTTP Request: GET https://www.traceforce.ai "HTTP/1.1 200 OK"
09:18:42 │ INFO    │ httpx │ HTTP Request: HEAD https://gutgutgoose.com/careers "HTTP/1.1 404 Not Found"
09:18:42 │ INFO    │ httpx │ HTTP Request: HEAD https://www.getcoach.com/jobs "HTTP/1.1 404 Not Found"
09:18:42 │ INFO    │ httpx │ HTTP Request: HEAD https://operonsolutions.com/en/careers "HTTP/1.1 200 OK"
09:18:43 │ INFO    │ httpx │ HTTP Request: HEAD https://www.rise-reforming.com/home "HTTP/1.1 200 OK"
09:18:43 │ INFO    │ httpx │ HTTP Request: HEAD https://gutgutgoose.com/jobs "HTTP/1.1 404 Not Found"
09:18:43 │ INFO    │ httpx │ HTTP Request: HEAD https://www.getcoach.com/work-with-us "HTTP/1.1 404 Not Found"
09:18:43 │ INFO    │ httpx │ HTTP Request: GET https://operonsolutions.com/en/careers "HTTP/1.1 200 OK"
09:18:43 │ INFO    │ pipeline.enrichment.job_resolver │ Operon: Tier 4 (manual_visit)
09:18:43 │ INFO    │ httpx │ HTTP Request: HEAD https://gutgutgoose.com/work-with-us "HTTP/1.1 404 Not Found"
09:18:43 │ INFO    │ httpx │ HTTP Request: GET https://api.lever.co/v0/postings/bloomy "HTTP/1.1 404 Not Found"
09:18:43 │ INFO    │ httpx │ HTTP Request: GET https://api.greenhouse.io/v1/boards/traceforce/jobs "HTTP/1.1 404 Not Found"
09:18:43 │ INFO    │ httpx │ HTTP Request: HEAD https://rise-reforming.com/home "HTTP/1.1 301 Moved Permanently"
09:18:43 │ INFO    │ httpx │ HTTP Request: GET https://api.greenhouse.io/v1/boards/screenpipe/jobs "HTTP/1.1 404 Not Found"
09:18:43 │ INFO    │ httpx │ HTTP Request: GET https://www.getcoach.com/ "HTTP/1.1 200 OK"
09:18:43 │ INFO    │ httpx │ HTTP Request: HEAD https://www.rise-reforming.com/home "HTTP/1.1 200 OK"
09:18:43 │ INFO    │ httpx │ HTTP Request: HEAD https://parasma.com "HTTP/1.1 200 OK"
09:18:43 │ INFO    │ httpx │ HTTP Request: HEAD https://bloomylearning.com/ "HTTP/1.1 307 Temporary Redirect"
09:18:43 │ INFO    │ httpx │ HTTP Request: HEAD https://parasma.com "HTTP/1.1 200 OK"
09:18:43 │ INFO    │ httpx │ HTTP Request: HEAD https://www.huscarl.io/ "HTTP/1.1 200 OK"
09:18:43 │ INFO    │ httpx │ HTTP Request: HEAD https://www.huscarl.io/ "HTTP/1.1 200 OK"
09:18:43 │ INFO    │ httpx │ HTTP Request: HEAD https://rise-reforming.com/home/careers "HTTP/1.1 429 Too Many Requests"
09:18:43 │ INFO    │ httpx │ HTTP Request: HEAD https://www.usetorus.com "HTTP/1.1 200 OK"
09:18:43 │ INFO    │ httpx │ HTTP Request: HEAD https://www.huscarl.io/careers "HTTP/1.1 404 Not Found"
09:18:43 │ INFO    │ httpx │ HTTP Request: HEAD https://www.bloomylearning.com/ "HTTP/1.1 200 OK"
09:18:43 │ INFO    │ httpx │ HTTP Request: HEAD https://www.huscarl.io/jobs "HTTP/1.1 404 Not Found"
09:18:43 │ INFO    │ httpx │ HTTP Request: GET https://gutgutgoose.com/ "HTTP/1.1 200 OK"
09:18:43 │ INFO    │ httpx │ HTTP Request: HEAD https://bloomylearning.com/careers "HTTP/1.1 307 Temporary Redirect"
09:18:43 │ INFO    │ httpx │ HTTP Request: HEAD https://www.huscarl.io/work-with-us "HTTP/1.1 404 Not Found"
09:18:43 │ INFO    │ httpx │ HTTP Request: HEAD https://parasma.com/careers "HTTP/1.1 404 Not Found"
09:18:43 │ INFO    │ httpx │ HTTP Request: HEAD https://www.bloomylearning.com/careers "HTTP/1.1 404 Not Found"
09:18:43 │ INFO    │ httpx │ HTTP Request: HEAD https://parasma.com/jobs "HTTP/1.1 404 Not Found"
09:18:43 │ INFO    │ httpx │ HTTP Request: GET https://www.huscarl.io/ "HTTP/1.1 200 OK"
09:18:43 │ INFO    │ httpx │ HTTP Request: HEAD https://bloomylearning.com/jobs "HTTP/1.1 307 Temporary Redirect"
09:18:43 │ INFO    │ httpx │ HTTP Request: HEAD https://rise-reforming.com/home/jobs "HTTP/1.1 429 Too Many Requests"
09:18:43 │ INFO    │ httpx │ HTTP Request: HEAD https://parasma.com/work-with-us "HTTP/1.1 404 Not Found"
09:18:44 │ INFO    │ httpx │ HTTP Request: GET https://parasma.com "HTTP/1.1 200 OK"
09:18:44 │ INFO    │ httpx │ HTTP Request: HEAD https://www.bloomylearning.com/jobs "HTTP/1.1 404 Not Found"
09:18:44 │ INFO    │ httpx │ HTTP Request: HEAD https://www.usetorus.com "HTTP/1.1 200 OK"
09:18:44 │ INFO    │ httpx │ HTTP Request: HEAD https://bloomylearning.com/work-with-us "HTTP/1.1 307 Temporary Redirect"
09:18:44 │ INFO    │ httpx │ HTTP Request: GET https://api.lever.co/v0/postings/ooak-data "HTTP/1.1 404 Not Found"
09:18:44 │ INFO    │ httpx │ HTTP Request: HEAD https://www.bloomylearning.com/work-with-us "HTTP/1.1 404 Not Found"
09:18:44 │ INFO    │ pipeline.enrichment.job_resolver │ Bloomy: Tier 4 (manual_visit)
09:18:44 │ INFO    │ httpx │ HTTP Request: HEAD https://rise-reforming.com/home/work-with-us "HTTP/1.1 429 Too Many Requests"
09:18:44 │ INFO    │ httpx │ HTTP Request: GET https://api.greenhouse.io/v1/boards/ai-coach/jobs "HTTP/1.1 404 Not Found"
09:18:44 │ INFO    │ httpx │ HTTP Request: GET https://api.greenhouse.io/v1/boards/gutgutgoose/jobs "HTTP/1.1 404 Not Found"
09:18:44 │ INFO    │ httpx │ HTTP Request: GET https://api.greenhouse.io/v1/boards/huscarl/jobs "HTTP/1.1 404 Not Found"
09:18:44 │ INFO    │ httpx │ HTTP Request: HEAD https://www.usetorus.com/careers "HTTP/1.1 404 Not Found"
09:18:44 │ INFO    │ httpx │ HTTP Request: GET https://api.lever.co/v0/postings/ooakdata "HTTP/1.1 404 Not Found"
09:18:44 │ INFO    │ httpx │ HTTP Request: GET https://api.greenhouse.io/v1/boards/parasma/jobs "HTTP/1.1 404 Not Found"
09:18:44 │ INFO    │ httpx │ HTTP Request: GET https://rise-reforming.com/home "HTTP/1.1 429 Too Many Requests"
09:18:44 │ INFO    │ httpx │ HTTP Request: GET https://api.greenhouse.io/v1/boards/aicoach/jobs "HTTP/1.1 404 Not Found"
09:18:44 │ INFO    │ httpx │ HTTP Request: GET https://api.lever.co/v0/postings/screenpipe "HTTP/1.1 404 Not Found"
09:18:44 │ INFO    │ httpx │ HTTP Request: GET https://api.lever.co/v0/postings/traceforce "HTTP/1.1 404 Not Found"
09:18:44 │ INFO    │ httpx │ HTTP Request: HEAD https://intelligence-factory.com "HTTP/1.1 307 Temporary Redirect"
09:18:44 │ INFO    │ httpx │ HTTP Request: GET https://api.lever.co/v0/postings/ooak_data "HTTP/1.1 404 Not Found"
09:18:44 │ INFO    │ httpx │ HTTP Request: HEAD https://www.usetorus.com/jobs "HTTP/1.1 404 Not Found"
09:18:44 │ INFO    │ httpx │ HTTP Request: GET https://api.greenhouse.io/v1/boards/ai_coach/jobs "HTTP/1.1 404 Not Found"
09:18:44 │ INFO    │ httpx │ HTTP Request: GET https://api.greenhouse.io/v1/boards/rise-reforming/jobs "HTTP/1.1 404 Not Found"
09:18:45 │ INFO    │ httpx │ HTTP Request: HEAD https://www.traceforce.ai "HTTP/1.1 200 OK"
09:18:45 │ INFO    │ httpx │ HTTP Request: HEAD https://www.traceforce.ai/careers "HTTP/1.1 404 Not Found"
09:18:45 │ INFO    │ httpx │ HTTP Request: HEAD https://www.intelligence-factory.com/ "HTTP/1.1 200 OK"
09:18:45 │ INFO    │ httpx │ HTTP Request: HEAD https://www.traceforce.ai/jobs "HTTP/1.1 404 Not Found"
09:18:45 │ INFO    │ httpx │ HTTP Request: HEAD https://screenpipe.com "HTTP/1.1 200 OK"
09:18:45 │ INFO    │ httpx │ HTTP Request: HEAD https://www.usetorus.com/work-with-us "HTTP/1.1 404 Not Found"
09:18:45 │ INFO    │ httpx │ HTTP Request: HEAD https://intelligence-factory.com "HTTP/1.1 307 Temporary Redirect"
09:18:45 │ INFO    │ httpx │ HTTP Request: HEAD https://www.traceforce.ai/work-with-us "HTTP/1.1 404 Not Found"
09:18:45 │ INFO    │ pipeline.enrichment.job_resolver │ Traceforce: Tier 4 (manual_visit)
09:18:45 │ INFO    │ httpx │ HTTP Request: HEAD https://ooakdata.com/ "HTTP/1.1 200 OK"
09:18:45 │ INFO    │ httpx │ HTTP Request: GET https://api.greenhouse.io/v1/boards/risereforming/jobs "HTTP/1.1 404 Not Found"
09:18:45 │ INFO    │ httpx │ HTTP Request: HEAD https://www.intelligence-factory.com/ "HTTP/1.1 200 OK"
09:18:45 │ INFO    │ httpx │ HTTP Request: HEAD https://ooakdata.com/careers "HTTP/1.1 200 OK"
09:18:45 │ INFO    │ httpx │ HTTP Request: HEAD https://intelligence-factory.com/careers "HTTP/1.1 307 Temporary Redirect"
09:18:45 │ INFO    │ httpx │ HTTP Request: GET https://ooakdata.com/careers "HTTP/1.1 200 OK"
09:18:45 │ INFO    │ pipeline.enrichment.job_resolver │ Ooak Data: Tier 4 (manual_visit)
09:18:45 │ INFO    │ httpx │ HTTP Request: HEAD https://www.intelligence-factory.com/careers "HTTP/1.1 404 Not Found"
09:18:45 │ INFO    │ httpx │ HTTP Request: HEAD https://intelligence-factory.com/jobs "HTTP/1.1 307 Temporary Redirect"
09:18:45 │ INFO    │ httpx │ HTTP Request: HEAD https://screenpipe.com/careers "HTTP/1.1 200 OK"
09:18:45 │ INFO    │ httpx │ HTTP Request: GET https://api.greenhouse.io/v1/boards/rise_reforming/jobs "HTTP/1.1 404 Not Found"
09:18:45 │ INFO    │ httpx │ HTTP Request: HEAD https://www.intelligence-factory.com/jobs "HTTP/1.1 404 Not Found"
09:18:45 │ INFO    │ httpx │ HTTP Request: GET https://www.usetorus.com "HTTP/1.1 200 OK"
09:18:45 │ INFO    │ httpx │ HTTP Request: GET https://api.lever.co/v0/postings/huscarl "HTTP/1.1 404 Not Found"
09:18:45 │ INFO    │ httpx │ HTTP Request: HEAD https://intelligence-factory.com/work-with-us "HTTP/1.1 307 Temporary Redirect"
09:18:45 │ INFO    │ httpx │ HTTP Request: GET https://api.lever.co/v0/postings/gutgutgoose "HTTP/1.1 404 Not Found"
09:18:45 │ INFO    │ httpx │ HTTP Request: HEAD https://arlo1.com/ "HTTP/1.1 200 OK"
09:18:45 │ INFO    │ httpx │ HTTP Request: HEAD https://www.intelligence-factory.com/work-with-us "HTTP/1.1 404 Not Found"
09:18:45 │ INFO    │ httpx │ HTTP Request: HEAD https://arlo1.com/ "HTTP/1.1 200 OK"
09:18:45 │ INFO    │ httpx │ HTTP Request: GET https://intelligence-factory.com "HTTP/1.1 307 Temporary Redirect"
09:18:45 │ INFO    │ httpx │ HTTP Request: GET https://api.lever.co/v0/postings/parasma "HTTP/1.1 404 Not Found"
09:18:45 │ INFO    │ httpx │ HTTP Request: HEAD https://arlo1.com/careers "HTTP/1.1 200 OK"
09:18:45 │ INFO    │ httpx │ HTTP Request: GET https://www.intelligence-factory.com/ "HTTP/1.1 200 OK"
09:18:45 │ INFO    │ httpx │ HTTP Request: HEAD https://www.huscarl.io/ "HTTP/1.1 200 OK"
09:18:45 │ INFO    │ httpx │ HTTP Request: GET https://screenpipe.com/careers "HTTP/1.1 200 OK"
09:18:45 │ INFO    │ httpx │ HTTP Request: GET https://arlo1.com/ "HTTP/1.1 200 OK"
09:18:45 │ INFO    │ httpx │ HTTP Request: HEAD https://www.huscarl.io/careers "HTTP/1.1 404 Not Found"
09:18:45 │ INFO    │ httpx │ HTTP Request: HEAD https://tryastraea.com "HTTP/1.1 308 Permanent Redirect"
09:18:45 │ INFO    │ httpx │ HTTP Request: HEAD https://www.huscarl.io/jobs "HTTP/1.1 404 Not Found"
09:18:45 │ INFO    │ httpx │ HTTP Request: GET https://api.greenhouse.io/v1/boards/torus/jobs "HTTP/1.1 404 Not Found"
09:18:45 │ INFO    │ httpx │ HTTP Request: HEAD https://www.huscarl.io/work-with-us "HTTP/1.1 404 Not Found"
09:18:46 │ INFO    │ pipeline.enrichment.job_resolver │ Huscarl: Tier 4 (manual_visit)
09:18:46 │ INFO    │ httpx │ HTTP Request: GET https://api.lever.co/v0/postings/ai-coach "HTTP/1.1 404 Not Found"
09:18:46 │ INFO    │ pipeline.enrichment.job_resolver │ screenpipe: Tier 4 (manual_visit)
09:18:46 │ INFO    │ httpx │ HTTP Request: HEAD https://gutgutgoose.com/ "HTTP/1.1 200 OK"
09:18:46 │ INFO    │ httpx │ HTTP Request: GET https://api.greenhouse.io/v1/boards/intelligence-factory/jobs "HTTP/1.1 404 Not Found"
09:18:46 │ INFO    │ httpx │ HTTP Request: GET https://api.greenhouse.io/v1/boards/arlo-industries/jobs "HTTP/1.1 404 Not Found"
09:18:46 │ INFO    │ httpx │ HTTP Request: HEAD https://parasma.com "HTTP/1.1 200 OK"
09:18:46 │ INFO    │ httpx │ HTTP Request: HEAD https://gutgutgoose.com/careers "HTTP/1.1 404 Not Found"
09:18:46 │ INFO    │ httpx │ HTTP Request: HEAD https://parasma.com/careers "HTTP/1.1 404 Not Found"
09:18:46 │ INFO    │ httpx │ HTTP Request: HEAD https://parasma.com/jobs "HTTP/1.1 404 Not Found"
09:18:46 │ INFO    │ httpx │ HTTP Request: HEAD https://parasma.com/work-with-us "HTTP/1.1 404 Not Found"
09:18:46 │ INFO    │ pipeline.enrichment.job_resolver │ Parasma: Tier 4 (manual_visit)
09:18:46 │ INFO    │ httpx │ HTTP Request: GET https://api.greenhouse.io/v1/boards/intelligencefactory/jobs "HTTP/1.1 404 Not Found"
09:18:46 │ INFO    │ httpx │ HTTP Request: HEAD https://gutgutgoose.com/jobs "HTTP/1.1 404 Not Found"
09:18:46 │ INFO    │ httpx │ HTTP Request: GET https://api.lever.co/v0/postings/aicoach "HTTP/1.1 404 Not Found"
09:18:46 │ INFO    │ httpx │ HTTP Request: GET https://api.greenhouse.io/v1/boards/arloindustries/jobs "HTTP/1.1 404 Not Found"
09:18:46 │ INFO    │ httpx │ HTTP Request: HEAD https://gutgutgoose.com/work-with-us "HTTP/1.1 404 Not Found"
09:18:46 │ INFO    │ pipeline.enrichment.job_resolver │ Gutgutgoose: Tier 4 (manual_visit)
09:18:46 │ INFO    │ httpx │ HTTP Request: GET https://api.greenhouse.io/v1/boards/intelligence_factory/jobs "HTTP/1.1 404 Not Found"
09:18:46 │ INFO    │ httpx │ HTTP Request: GET https://api.lever.co/v0/postings/rise-reforming "HTTP/1.1 404 Not Found"
09:18:46 │ INFO    │ httpx │ HTTP Request: GET https://api.lever.co/v0/postings/ai_coach "HTTP/1.1 404 Not Found"
09:18:46 │ INFO    │ httpx │ HTTP Request: GET https://api.greenhouse.io/v1/boards/arlo_industries/jobs "HTTP/1.1 404 Not Found"
09:18:46 │ INFO    │ httpx │ HTTP Request: HEAD https://asendia.ai/ "HTTP/1.1 200 OK"
09:18:46 │ INFO    │ httpx │ HTTP Request: GET https://api.lever.co/v0/postings/risereforming "HTTP/1.1 404 Not Found"
09:18:47 │ INFO    │ httpx │ HTTP Request: HEAD https://manicule.dev "HTTP/1.1 200 OK"
09:18:47 │ INFO    │ httpx │ HTTP Request: HEAD https://www.tryastraea.com/ "HTTP/1.1 200 OK"
09:18:47 │ INFO    │ httpx │ HTTP Request: HEAD https://manicule.dev "HTTP/1.1 200 OK"
09:18:47 │ INFO    │ httpx │ HTTP Request: HEAD https://tryastraea.com "HTTP/1.1 308 Permanent Redirect"
09:18:47 │ INFO    │ httpx │ HTTP Request: HEAD https://manicule.dev/careers "HTTP/1.1 404 Not Found"
09:18:47 │ INFO    │ httpx │ HTTP Request: HEAD https://www.getcoach.com/ "HTTP/1.1 200 OK"
09:18:47 │ INFO    │ httpx │ HTTP Request: HEAD https://www.tryastraea.com/ "HTTP/1.1 200 OK"
09:18:47 │ INFO    │ httpx │ HTTP Request: HEAD https://asendia.ai/ "HTTP/1.1 200 OK"
09:18:47 │ INFO    │ httpx │ HTTP Request: GET https://api.lever.co/v0/postings/rise_reforming "HTTP/1.1 404 Not Found"
09:18:47 │ INFO    │ httpx │ HTTP Request: HEAD https://manicule.dev/jobs "HTTP/1.1 404 Not Found"
09:18:47 │ INFO    │ httpx │ HTTP Request: HEAD https://tryastraea.com/careers "HTTP/1.1 308 Permanent Redirect"
09:18:47 │ INFO    │ httpx │ HTTP Request: HEAD https://manicule.dev/work-with-us "HTTP/1.1 404 Not Found"
09:18:47 │ INFO    │ httpx │ HTTP Request: HEAD https://www.getcoach.com/careers "HTTP/1.1 404 Not Found"
09:18:47 │ INFO    │ httpx │ HTTP Request: GET https://api.lever.co/v0/postings/torus "HTTP/1.1 404 Not Found"
09:18:47 │ INFO    │ httpx │ HTTP Request: HEAD https://www.tryastraea.com/careers "HTTP/1.1 404 Not Found"
09:18:47 │ INFO    │ httpx │ HTTP Request: GET https://manicule.dev "HTTP/1.1 200 OK"
09:18:47 │ INFO    │ httpx │ HTTP Request: HEAD https://tryastraea.com/jobs "HTTP/1.1 308 Permanent Redirect"
09:18:47 │ INFO    │ httpx │ HTTP Request: HEAD https://www.runtm.com/ "HTTP/1.1 200 OK"
09:18:47 │ INFO    │ httpx │ HTTP Request: HEAD https://www.getcoach.com/jobs "HTTP/1.1 404 Not Found"
09:18:47 │ INFO    │ httpx │ HTTP Request: HEAD https://asendia.ai/careers "HTTP/1.1 404 Not Found"
09:18:47 │ INFO    │ httpx │ HTTP Request: HEAD https://www.tryastraea.com/jobs "HTTP/1.1 404 Not Found"
09:18:47 │ INFO    │ httpx │ HTTP Request: HEAD https://tryastraea.com/work-with-us "HTTP/1.1 308 Permanent Redirect"
09:18:47 │ INFO    │ httpx │ HTTP Request: HEAD https://www.runtm.com/ "HTTP/1.1 200 OK"
09:18:47 │ INFO    │ httpx │ HTTP Request: HEAD https://www.getcoach.com/work-with-us "HTTP/1.1 404 Not Found"
09:18:47 │ INFO    │ pipeline.enrichment.job_resolver │ COACH: Tier 4 (manual_visit)
09:18:47 │ INFO    │ httpx │ HTTP Request: HEAD https://www.tryastraea.com/work-with-us "HTTP/1.1 404 Not Found"
09:18:47 │ INFO    │ httpx │ HTTP Request: HEAD https://www.runtm.com/careers "HTTP/1.1 308 Permanent Redirect"
09:18:47 │ INFO    │ httpx │ HTTP Request: GET https://tryastraea.com "HTTP/1.1 308 Permanent Redirect"
09:18:47 │ INFO    │ httpx │ HTTP Request: HEAD https://asendia.ai/jobs "HTTP/1.1 200 OK"
09:18:47 │ INFO    │ httpx │ HTTP Request: GET https://www.tryastraea.com/ "HTTP/1.1 200 OK"
09:18:47 │ INFO    │ httpx │ HTTP Request: GET https://api.lever.co/v0/postings/intelligence-factory "HTTP/1.1 404 Not Found"
09:18:47 │ INFO    │ httpx │ HTTP Request: GET https://api.greenhouse.io/v1/boards/manicule/jobs "HTTP/1.1 404 Not Found"
09:18:47 │ INFO    │ httpx │ HTTP Request: HEAD https://www.runtm.com/careers/ "HTTP/1.1 404 Not Found"
09:18:47 │ INFO    │ httpx │ HTTP Request: GET https://api.lever.co/v0/postings/arlo-industries "HTTP/1.1 404 Not Found"
09:18:47 │ INFO    │ httpx │ HTTP Request: HEAD https://www.runtm.com/jobs "HTTP/1.1 308 Permanent Redirect"
09:18:47 │ INFO    │ httpx │ HTTP Request: HEAD https://www.usetorus.com "HTTP/1.1 200 OK"
09:18:48 │ INFO    │ httpx │ HTTP Request: HEAD https://www.runtm.com/jobs/ "HTTP/1.1 404 Not Found"
09:18:48 │ INFO    │ httpx │ HTTP Request: GET https://api.lever.co/v0/postings/intelligencefactory "HTTP/1.1 404 Not Found"
09:18:48 │ INFO    │ httpx │ HTTP Request: HEAD https://rise-reforming.com/home "HTTP/1.1 429 Too Many Requests"
09:18:48 │ INFO    │ httpx │ HTTP Request: HEAD https://characterquilt.com "HTTP/1.1 307 Temporary Redirect"
09:18:48 │ INFO    │ httpx │ HTTP Request: HEAD https://www.runtm.com/work-with-us "HTTP/1.1 308 Permanent Redirect"
09:18:48 │ INFO    │ httpx │ HTTP Request: GET https://api.greenhouse.io/v1/boards/astraea/jobs "HTTP/1.1 404 Not Found"
09:18:48 │ INFO    │ httpx │ HTTP Request: GET https://api.lever.co/v0/postings/arloindustries "HTTP/1.1 404 Not Found"
09:18:48 │ INFO    │ httpx │ HTTP Request: GET https://asendia.ai/ "HTTP/1.1 200 OK"
09:18:48 │ INFO    │ httpx │ HTTP Request: HEAD https://www.runtm.com/work-with-us/ "HTTP/1.1 404 Not Found"
09:18:48 │ INFO    │ httpx │ HTTP Request: HEAD https://www.usetorus.com/careers "HTTP/1.1 404 Not Found"
09:18:48 │ INFO    │ httpx │ HTTP Request: HEAD https://agentphone.ai/ "HTTP/1.1 200 OK"
09:18:48 │ INFO    │ httpx │ HTTP Request: HEAD https://www.characterquilt.com/ "HTTP/1.1 200 OK"
09:18:48 │ INFO    │ httpx │ HTTP Request: GET https://api.lever.co/v0/postings/intelligence_factory "HTTP/1.1 404 Not Found"
09:18:48 │ INFO    │ httpx │ HTTP Request: HEAD https://rise-reforming.com/home/careers "HTTP/1.1 429 Too Many Requests"
09:18:48 │ INFO    │ httpx │ HTTP Request: GET https://www.runtm.com/ "HTTP/1.1 200 OK"
09:18:48 │ INFO    │ httpx │ HTTP Request: HEAD https://characterquilt.com "HTTP/1.1 307 Temporary Redirect"
09:18:48 │ INFO    │ httpx │ HTTP Request: HEAD https://www.characterquilt.com/ "HTTP/1.1 200 OK"
09:18:48 │ INFO    │ httpx │ HTTP Request: GET https://api.lever.co/v0/postings/arlo_industries "HTTP/1.1 404 Not Found"
09:18:48 │ INFO    │ httpx │ HTTP Request: HEAD https://characterquilt.com/careers "HTTP/1.1 307 Temporary Redirect"
09:18:48 │ INFO    │ httpx │ HTTP Request: HEAD https://intelligence-factory.com "HTTP/1.1 307 Temporary Redirect"
09:18:48 │ INFO    │ httpx │ HTTP Request: HEAD https://www.characterquilt.com/careers "HTTP/1.1 404 Not Found"
09:18:48 │ INFO    │ httpx │ HTTP Request: GET https://api.greenhouse.io/v1/boards/asendia-ai/jobs "HTTP/1.1 404 Not Found"
09:18:48 │ INFO    │ httpx │ HTTP Request: HEAD https://characterquilt.com/jobs "HTTP/1.1 307 Temporary Redirect"
09:18:48 │ INFO    │ httpx │ HTTP Request: HEAD https://www.usetorus.com/jobs "HTTP/1.1 404 Not Found"
09:18:48 │ INFO    │ httpx │ HTTP Request: HEAD https://rise-reforming.com/home/jobs "HTTP/1.1 429 Too Many Requests"
09:18:48 │ INFO    │ httpx │ HTTP Request: HEAD https://agentphone.ai/ "HTTP/1.1 200 OK"
09:18:48 │ INFO    │ httpx │ HTTP Request: HEAD https://arlo1.com/ "HTTP/1.1 200 OK"
09:18:48 │ INFO    │ httpx │ HTTP Request: HEAD https://www.characterquilt.com/jobs "HTTP/1.1 404 Not Found"
09:18:48 │ INFO    │ httpx │ HTTP Request: GET https://api.greenhouse.io/v1/boards/runtime/jobs "HTTP/1.1 404 Not Found"
09:18:48 │ INFO    │ httpx │ HTTP Request: HEAD https://arlo1.com/careers "HTTP/1.1 200 OK"
09:18:48 │ INFO    │ httpx │ HTTP Request: GET https://arlo1.com/careers "HTTP/1.1 200 OK"
09:18:48 │ INFO    │ pipeline.enrichment.job_resolver │ Arlo Industries: Tier 4 (manual_visit)
09:18:48 │ INFO    │ httpx │ HTTP Request: GET https://api.greenhouse.io/v1/boards/asendiaai/jobs "HTTP/1.1 404 Not Found"
09:18:48 │ INFO    │ httpx │ HTTP Request: HEAD https://rise-reforming.com/home/work-with-us "HTTP/1.1 429 Too Many Requests"
09:18:49 │ INFO    │ pipeline.enrichment.job_resolver │ Rise Reforming: Tier 4 (manual_visit)
09:18:49 │ INFO    │ httpx │ HTTP Request: HEAD https://characterquilt.com/work-with-us "HTTP/1.1 307 Temporary Redirect"
09:18:49 │ INFO    │ httpx │ HTTP Request: HEAD https://www.usetorus.com/work-with-us "HTTP/1.1 404 Not Found"
09:18:49 │ INFO    │ pipeline.enrichment.job_resolver │ Torus: Tier 4 (manual_visit)
09:18:49 │ INFO    │ httpx │ HTTP Request: HEAD https://www.intelligence-factory.com/ "HTTP/1.1 200 OK"
09:18:49 │ INFO    │ httpx │ HTTP Request: HEAD https://www.characterquilt.com/work-with-us "HTTP/1.1 404 Not Found"
09:18:49 │ INFO    │ httpx │ HTTP Request: HEAD https://agentphone.ai/careers "HTTP/1.1 200 OK"
09:18:49 │ INFO    │ httpx │ HTTP Request: HEAD https://intelligence-factory.com/careers "HTTP/1.1 307 Temporary Redirect"
09:18:49 │ INFO    │ httpx │ HTTP Request: GET https://characterquilt.com "HTTP/1.1 307 Temporary Redirect"
09:18:49 │ INFO    │ httpx │ HTTP Request: HEAD https://www.intelligence-factory.com/careers "HTTP/1.1 404 Not Found"
09:18:49 │ INFO    │ httpx │ HTTP Request: GET https://www.characterquilt.com/ "HTTP/1.1 200 OK"
09:18:49 │ INFO    │ httpx │ HTTP Request: GET https://api.greenhouse.io/v1/boards/asendia_ai/jobs "HTTP/1.1 404 Not Found"
09:18:49 │ INFO    │ httpx │ HTTP Request: HEAD https://intelligence-factory.com/jobs "HTTP/1.1 307 Temporary Redirect"
09:18:49 │ INFO    │ httpx │ HTTP Request: HEAD https://www.intelligence-factory.com/jobs "HTTP/1.1 404 Not Found"
09:18:49 │ INFO    │ httpx │ HTTP Request: HEAD https://www.arzana.com/ "HTTP/1.1 200 OK"
09:18:49 │ INFO    │ httpx │ HTTP Request: GET https://api.lever.co/v0/postings/astraea "HTTP/1.1 404 Not Found"
09:18:49 │ INFO    │ httpx │ HTTP Request: GET https://agentphone.ai/ "HTTP/1.1 200 OK"
09:18:49 │ INFO    │ httpx │ HTTP Request: HEAD https://intelligence-factory.com/work-with-us "HTTP/1.1 307 Temporary Redirect"
09:18:49 │ INFO    │ httpx │ HTTP Request: HEAD https://www.arzana.com/ "HTTP/1.1 200 OK"
09:18:49 │ INFO    │ httpx │ HTTP Request: GET https://api.lever.co/v0/postings/manicule "HTTP/1.1 404 Not Found"
09:18:49 │ INFO    │ httpx │ HTTP Request: HEAD https://www.intelligence-factory.com/work-with-us "HTTP/1.1 404 Not Found"
09:18:49 │ INFO    │ pipeline.enrichment.job_resolver │ Intelligence Factory: Tier 4 (manual_visit)
09:18:49 │ INFO    │ httpx │ HTTP Request: HEAD https://www.arzana.com/careers "HTTP/1.1 308 Permanent Redirect"
09:18:49 │ INFO    │ httpx │ HTTP Request: GET https://api.greenhouse.io/v1/boards/characterquilt/jobs "HTTP/1.1 404 Not Found"
09:18:49 │ INFO    │ httpx │ HTTP Request: HEAD https://tryastraea.com "HTTP/1.1 308 Permanent Redirect"
09:18:49 │ INFO    │ httpx │ HTTP Request: HEAD https://www.arzana.com/careers/ "HTTP/1.1 404 Not Found"
09:18:49 │ INFO    │ httpx │ HTTP Request: HEAD https://www.arzana.com/jobs "HTTP/1.1 308 Permanent Redirect"
09:18:49 │ INFO    │ httpx │ HTTP Request: HEAD https://www.arzana.com/jobs/ "HTTP/1.1 404 Not Found"
09:18:49 │ INFO    │ httpx │ HTTP Request: HEAD https://manicule.dev "HTTP/1.1 200 OK"
09:18:49 │ INFO    │ httpx │ HTTP Request: HEAD https://www.arzana.com/work-with-us "HTTP/1.1 308 Permanent Redirect"
09:18:49 │ INFO    │ httpx │ HTTP Request: HEAD https://manicule.dev/careers "HTTP/1.1 404 Not Found"
09:18:49 │ INFO    │ httpx │ HTTP Request: GET https://api.greenhouse.io/v1/boards/agentphone/jobs "HTTP/1.1 404 Not Found"
09:18:49 │ INFO    │ httpx │ HTTP Request: HEAD https://www.arzana.com/work-with-us/ "HTTP/1.1 404 Not Found"
09:18:49 │ INFO    │ httpx │ HTTP Request: HEAD https://manicule.dev/jobs "HTTP/1.1 404 Not Found"
09:18:49 │ INFO    │ httpx │ HTTP Request: HEAD https://www.tryastraea.com/ "HTTP/1.1 200 OK"
09:18:49 │ INFO    │ httpx │ HTTP Request: HEAD https://openworklabs.com "HTTP/1.1 200 OK"
09:18:49 │ INFO    │ httpx │ HTTP Request: GET https://www.arzana.com/ "HTTP/1.1 200 OK"
09:18:49 │ INFO    │ httpx │ HTTP Request: HEAD https://manicule.dev/work-with-us "HTTP/1.1 404 Not Found"
09:18:49 │ INFO    │ pipeline.enrichment.job_resolver │ Manicule: Tier 4 (manual_visit)
09:18:50 │ INFO    │ httpx │ HTTP Request: HEAD https://tryastraea.com/careers "HTTP/1.1 308 Permanent Redirect"
09:18:50 │ INFO    │ httpx │ HTTP Request: HEAD https://www.anoria.com "HTTP/1.1 200 OK"
09:18:50 │ INFO    │ httpx │ HTTP Request: HEAD https://www.tryastraea.com/careers "HTTP/1.1 404 Not Found"
09:18:50 │ INFO    │ httpx │ HTTP Request: HEAD https://www.anoria.com "HTTP/1.1 200 OK"
09:18:50 │ INFO    │ httpx │ HTTP Request: HEAD https://www.edenrobotics.ai "HTTP/1.1 301 Moved Permanently"
09:18:50 │ INFO    │ httpx │ HTTP Request: HEAD https://tryastraea.com/jobs "HTTP/1.1 308 Permanent Redirect"
09:18:50 │ INFO    │ httpx │ HTTP Request: HEAD https://www.anoria.com/careers "HTTP/1.1 404 Not Found"
09:18:50 │ INFO    │ httpx │ HTTP Request: HEAD https://www.tryastraea.com/jobs "HTTP/1.1 404 Not Found"
09:18:50 │ INFO    │ httpx │ HTTP Request: HEAD https://www.anoria.com/jobs "HTTP/1.1 404 Not Found"
09:18:50 │ INFO    │ httpx │ HTTP Request: HEAD https://tryastraea.com/work-with-us "HTTP/1.1 308 Permanent Redirect"
09:18:50 │ INFO    │ httpx │ HTTP Request: HEAD https://www.anoria.com/work-with-us "HTTP/1.1 404 Not Found"
09:18:50 │ INFO    │ httpx │ HTTP Request: HEAD https://openworklabs.com "HTTP/1.1 200 OK"
09:18:50 │ INFO    │ httpx │ HTTP Request: GET https://api.greenhouse.io/v1/boards/arzana/jobs "HTTP/1.1 404 Not Found"
09:18:50 │ INFO    │ httpx │ HTTP Request: HEAD https://www.tryastraea.com/work-with-us "HTTP/1.1 404 Not Found"
09:18:50 │ INFO    │ pipeline.enrichment.job_resolver │ Astraea: Tier 4 (manual_visit)
09:18:50 │ INFO    │ httpx │ HTTP Request: GET https://www.anoria.com "HTTP/1.1 200 OK"
09:18:50 │ INFO    │ httpx │ HTTP Request: HEAD https://openworklabs.com/careers "HTTP/1.1 404 Not Found"
09:18:50 │ INFO    │ httpx │ HTTP Request: GET https://api.lever.co/v0/postings/asendia-ai "HTTP/1.1 404 Not Found"
09:18:50 │ INFO    │ httpx │ HTTP Request: HEAD https://openworklabs.com/jobs "HTTP/1.1 404 Not Found"
09:18:50 │ INFO    │ httpx │ HTTP Request: HEAD https://openworklabs.com/work-with-us "HTTP/1.1 404 Not Found"
09:18:50 │ INFO    │ httpx │ HTTP Request: GET https://api.lever.co/v0/postings/runtime "HTTP/1.1 404 Not Found"
09:18:50 │ INFO    │ httpx │ HTTP Request: HEAD https://www.getbiostack.com/ "HTTP/1.1 200 OK"
09:18:50 │ INFO    │ httpx │ HTTP Request: GET https://api.lever.co/v0/postings/characterquilt "HTTP/1.1 404 Not Found"
09:18:50 │ INFO    │ httpx │ HTTP Request: HEAD https://tryardent.com "HTTP/1.1 307 Temporary Redirect"
09:18:50 │ INFO    │ httpx │ HTTP Request: GET https://api.lever.co/v0/postings/asendiaai "HTTP/1.1 404 Not Found"
09:18:50 │ INFO    │ httpx │ HTTP Request: GET https://api.greenhouse.io/v1/boards/anoria/jobs "HTTP/1.1 404 Not Found"
09:18:50 │ INFO    │ httpx │ HTTP Request: HEAD https://www.getbiostack.com/ "HTTP/1.1 200 OK"
09:18:50 │ INFO    │ httpx │ HTTP Request: GET https://openworklabs.com "HTTP/1.1 200 OK"
09:18:50 │ INFO    │ httpx │ HTTP Request: HEAD https://characterquilt.com "HTTP/1.1 307 Temporary Redirect"
09:18:51 │ INFO    │ httpx │ HTTP Request: GET https://api.lever.co/v0/postings/agentphone "HTTP/1.1 404 Not Found"
09:18:51 │ INFO    │ httpx │ HTTP Request: HEAD https://www.tryardent.com/ "HTTP/1.1 200 OK"
09:18:51 │ INFO    │ httpx │ HTTP Request: HEAD https://edenrobotics.ai/ "HTTP/1.1 200 OK"
09:18:51 │ INFO    │ httpx │ HTTP Request: HEAD https://www.characterquilt.com/ "HTTP/1.1 200 OK"
09:18:51 │ INFO    │ httpx │ HTTP Request: HEAD https://tryardent.com "HTTP/1.1 307 Temporary Redirect"
09:18:51 │ INFO    │ httpx │ HTTP Request: HEAD https://www.getbiostack.com/careers "HTTP/1.1 404 Not Found"
09:18:51 │ INFO    │ httpx │ HTTP Request: GET https://api.lever.co/v0/postings/asendia_ai "HTTP/1.1 404 Not Found"
09:18:51 │ INFO    │ httpx │ HTTP Request: HEAD https://www.runtm.com/ "HTTP/1.1 200 OK"
09:18:51 │ INFO    │ httpx │ HTTP Request: HEAD https://characterquilt.com/careers "HTTP/1.1 307 Temporary Redirect"
09:18:51 │ INFO    │ httpx │ HTTP Request: HEAD https://www.tryardent.com/ "HTTP/1.1 200 OK"
09:18:51 │ INFO    │ httpx │ HTTP Request: HEAD https://www.characterquilt.com/careers "HTTP/1.1 404 Not Found"
09:18:51 │ INFO    │ httpx │ HTTP Request: HEAD https://tryardent.com/careers "HTTP/1.1 307 Temporary Redirect"
09:18:51 │ INFO    │ httpx │ HTTP Request: HEAD https://www.runtm.com/careers "HTTP/1.1 308 Permanent Redirect"
09:18:51 │ INFO    │ httpx │ HTTP Request: HEAD https://characterquilt.com/jobs "HTTP/1.1 307 Temporary Redirect"
09:18:51 │ INFO    │ httpx │ HTTP Request: HEAD https://www.tryardent.com/careers "HTTP/1.1 404 Not Found"
09:18:51 │ INFO    │ httpx │ HTTP Request: HEAD https://www.edenrobotics.ai "HTTP/1.1 301 Moved Permanently"
09:18:51 │ INFO    │ httpx │ HTTP Request: HEAD https://www.characterquilt.com/jobs "HTTP/1.1 404 Not Found"
09:18:51 │ INFO    │ httpx │ HTTP Request: HEAD https://tryardent.com/jobs "HTTP/1.1 307 Temporary Redirect"
09:18:51 │ INFO    │ httpx │ HTTP Request: HEAD https://www.runtm.com/careers/ "HTTP/1.1 404 Not Found"
09:18:51 │ INFO    │ httpx │ HTTP Request: HEAD https://characterquilt.com/work-with-us "HTTP/1.1 307 Temporary Redirect"
09:18:51 │ INFO    │ httpx │ HTTP Request: HEAD https://www.tryardent.com/jobs "HTTP/1.1 404 Not Found"
09:18:51 │ INFO    │ httpx │ HTTP Request: GET https://api.lever.co/v0/postings/arzana "HTTP/1.1 404 Not Found"
09:18:51 │ INFO    │ httpx │ HTTP Request: GET https://api.greenhouse.io/v1/boards/openwork/jobs "HTTP/1.1 200 OK"
09:18:51 │ INFO    │ pipeline.enrichment.job_resolver │ OpenWork: Tier 1 (greenhouse) → 14 jobs
09:18:51 │ INFO    │ httpx │ HTTP Request: HEAD https://www.characterquilt.com/work-with-us "HTTP/1.1 404 Not Found"
09:18:51 │ INFO    │ httpx │ HTTP Request: HEAD https://tryardent.com/work-with-us "HTTP/1.1 307 Temporary Redirect"
09:18:51 │ INFO    │ pipeline.enrichment.job_resolver │ CharacterQuilt: Tier 4 (manual_visit)
09:18:51 │ INFO    │ httpx │ HTTP Request: HEAD https://www.runtm.com/jobs "HTTP/1.1 308 Permanent Redirect"
09:18:51 │ INFO    │ httpx │ HTTP Request: HEAD https://www.getbiostack.com/jobs "HTTP/1.1 404 Not Found"
09:18:51 │ INFO    │ httpx │ HTTP Request: HEAD https://www.tryardent.com/work-with-us "HTTP/1.1 404 Not Found"
09:18:51 │ INFO    │ httpx │ HTTP Request: HEAD https://edenrobotics.ai/ "HTTP/1.1 200 OK"
09:18:51 │ INFO    │ httpx │ HTTP Request: HEAD https://www.runtm.com/jobs/ "HTTP/1.1 404 Not Found"
09:18:51 │ INFO    │ httpx │ HTTP Request: GET https://tryardent.com "HTTP/1.1 307 Temporary Redirect"
09:18:51 │ INFO    │ httpx │ HTTP Request: HEAD https://www.arzana.com/ "HTTP/1.1 200 OK"
09:18:51 │ INFO    │ httpx │ HTTP Request: HEAD https://www.arzana.com/careers "HTTP/1.1 308 Permanent Redirect"
09:18:51 │ INFO    │ httpx │ HTTP Request: GET https://www.tryardent.com/ "HTTP/1.1 200 OK"
09:18:51 │ INFO    │ httpx │ HTTP Request: HEAD https://www.runtm.com/work-with-us "HTTP/1.1 308 Permanent Redirect"
09:18:51 │ INFO    │ httpx │ HTTP Request: HEAD https://www.arzana.com/careers/ "HTTP/1.1 404 Not Found"
09:18:51 │ INFO    │ httpx │ HTTP Request: HEAD https://www.arzana.com/jobs "HTTP/1.1 308 Permanent Redirect"
09:18:51 │ INFO    │ httpx │ HTTP Request: GET https://api.lever.co/v0/postings/anoria "HTTP/1.1 404 Not Found"
09:18:52 │ INFO    │ httpx │ HTTP Request: HEAD https://www.runtm.com/work-with-us/ "HTTP/1.1 404 Not Found"
09:18:52 │ INFO    │ pipeline.enrichment.job_resolver │ Runtime: Tier 4 (manual_visit)
09:18:52 │ INFO    │ httpx │ HTTP Request: HEAD https://www.arzana.com/jobs/ "HTTP/1.1 404 Not Found"
09:18:52 │ INFO    │ httpx │ HTTP Request: HEAD https://agentphone.ai/ "HTTP/1.1 200 OK"
09:18:52 │ INFO    │ httpx │ HTTP Request: HEAD https://www.edenrobotics.ai/careers "HTTP/1.1 301 Moved Permanently"
09:18:52 │ INFO    │ httpx │ HTTP Request: HEAD https://www.getbiostack.com/work-with-us "HTTP/1.1 404 Not Found"
09:18:52 │ INFO    │ httpx │ HTTP Request: HEAD https://asendia.ai/ "HTTP/1.1 200 OK"
09:18:52 │ INFO    │ httpx │ HTTP Request: HEAD https://www.arzana.com/work-with-us "HTTP/1.1 308 Permanent Redirect"
09:18:52 │ INFO    │ httpx │ HTTP Request: HEAD https://www.arzana.com/work-with-us/ "HTTP/1.1 404 Not Found"
09:18:52 │ INFO    │ pipeline.enrichment.job_resolver │ Arzana: Tier 4 (manual_visit)
09:18:52 │ INFO    │ httpx │ HTTP Request: GET https://www.getbiostack.com/ "HTTP/1.1 200 OK"
09:18:52 │ INFO    │ httpx │ HTTP Request: HEAD https://www.anoria.com "HTTP/1.1 200 OK"
09:18:52 │ INFO    │ httpx │ HTTP Request: HEAD https://tasklet.ai "HTTP/1.1 200 OK"
09:18:52 │ INFO    │ httpx │ HTTP Request: GET https://api.greenhouse.io/v1/boards/ardent/jobs "HTTP/1.1 404 Not Found"
09:18:52 │ INFO    │ httpx │ HTTP Request: HEAD https://www.anoria.com/careers "HTTP/1.1 404 Not Found"
09:18:52 │ INFO    │ httpx │ HTTP Request: HEAD https://tasklet.ai "HTTP/1.1 200 OK"
09:18:52 │ INFO    │ httpx │ HTTP Request: HEAD https://asendia.ai/careers "HTTP/1.1 404 Not Found"
09:18:52 │ INFO    │ httpx │ HTTP Request: HEAD https://edenrobotics.ai/careers "HTTP/1.1 404 Not Found"
09:18:52 │ INFO    │ httpx │ HTTP Request: HEAD https://www.anoria.com/jobs "HTTP/1.1 404 Not Found"
09:18:52 │ INFO    │ httpx │ HTTP Request: HEAD https://agentphone.ai/careers "HTTP/1.1 200 OK"
09:18:52 │ INFO    │ httpx │ HTTP Request: HEAD https://www.anoria.com/work-with-us "HTTP/1.1 404 Not Found"
09:18:52 │ INFO    │ pipeline.enrichment.job_resolver │ ANORIA: Tier 4 (manual_visit)
09:18:52 │ INFO    │ httpx │ HTTP Request: HEAD https://kuli.one "HTTP/1.1 200 OK"
09:18:52 │ INFO    │ httpx │ HTTP Request: HEAD https://www.aseonlabs.com/ "HTTP/1.1 308 Permanent Redirect"
09:18:52 │ INFO    │ httpx │ HTTP Request: HEAD https://asendia.ai/jobs "HTTP/1.1 200 OK"
09:18:52 │ INFO    │ httpx │ HTTP Request: HEAD https://www.edenrobotics.ai/jobs "HTTP/1.1 301 Moved Permanently"
09:18:52 │ INFO    │ httpx │ HTTP Request: GET https://api.greenhouse.io/v1/boards/biostack-platforms/jobs "HTTP/1.1 404 Not Found"
09:18:52 │ INFO    │ httpx │ HTTP Request: GET https://agentphone.ai/careers "HTTP/1.1 200 OK"
09:18:52 │ INFO    │ httpx │ HTTP Request: HEAD https://ara.so "HTTP/1.1 200 OK"
09:18:52 │ INFO    │ pipeline.enrichment.job_resolver │ AgentPhone: Tier 4 (manual_visit)
09:18:52 │ INFO    │ httpx │ HTTP Request: HEAD https://ara.so "HTTP/1.1 200 OK"
09:18:52 │ INFO    │ httpx │ HTTP Request: GET https://asendia.ai/jobs "HTTP/1.1 200 OK"
09:18:52 │ INFO    │ httpx │ HTTP Request: HEAD https://minicor.com "HTTP/1.1 200 OK"
09:18:52 │ INFO    │ httpx │ HTTP Request: HEAD https://tasklet.ai/careers "HTTP/1.1 200 OK"
09:18:52 │ INFO    │ httpx │ HTTP Request: HEAD https://kuli.one "HTTP/1.1 200 OK"
09:18:52 │ INFO    │ pipeline.enrichment.job_resolver │ Asendia AI: Tier 4 (manual_visit)
09:18:53 │ INFO    │ httpx │ HTTP Request: HEAD https://edenrobotics.ai/jobs "HTTP/1.1 404 Not Found"
09:18:53 │ INFO    │ httpx │ HTTP Request: GET https://tasklet.ai "HTTP/1.1 200 OK"
09:18:53 │ INFO    │ httpx │ HTTP Request: HEAD https://minicor.com "HTTP/1.1 200 OK"
09:18:53 │ INFO    │ httpx │ HTTP Request: HEAD https://ara.so/careers "HTTP/1.1 200 OK"
09:18:53 │ INFO    │ httpx │ HTTP Request: HEAD https://minicor.com/careers "HTTP/1.1 200 OK"
09:18:53 │ INFO    │ httpx │ HTTP Request: GET https://ara.so "HTTP/1.1 200 OK"
09:18:53 │ INFO    │ httpx │ HTTP Request: HEAD https://aseon.com/ "HTTP/1.1 200 OK"
09:18:53 │ INFO    │ httpx │ HTTP Request: GET https://minicor.com "HTTP/1.1 200 OK"
09:18:53 │ INFO    │ httpx │ HTTP Request: GET https://api.greenhouse.io/v1/boards/biostackplatforms/jobs "HTTP/1.1 404 Not Found"
09:18:53 │ INFO    │ httpx │ HTTP Request: HEAD https://www.aseonlabs.com/ "HTTP/1.1 308 Permanent Redirect"
09:18:53 │ INFO    │ httpx │ HTTP Request: HEAD https://www.edenrobotics.ai/work-with-us "HTTP/1.1 301 Moved Permanently"
09:18:53 │ INFO    │ httpx │ HTTP Request: HEAD https://aseon.com/ "HTTP/1.1 200 OK"
09:18:53 │ INFO    │ httpx │ HTTP Request: HEAD https://www.rivermarkets.com "HTTP/1.1 200 OK"
09:18:53 │ INFO    │ httpx │ HTTP Request: HEAD https://www.rivermarkets.com "HTTP/1.1 200 OK"
09:18:53 │ INFO    │ httpx │ HTTP Request: HEAD https://www.aseonlabs.com/careers "HTTP/1.1 308 Permanent Redirect"
09:18:53 │ INFO    │ httpx │ HTTP Request: HEAD https://kuli.one/careers "HTTP/1.1 200 OK"
09:18:53 │ INFO    │ httpx │ HTTP Request: HEAD https://complir.io/ "HTTP/1.1 308 Permanent Redirect"
09:18:53 │ INFO    │ httpx │ HTTP Request: GET https://api.greenhouse.io/v1/boards/tasklet-2/jobs "HTTP/1.1 404 Not Found"
09:18:53 │ INFO    │ httpx │ HTTP Request: GET https://api.greenhouse.io/v1/boards/biostack_platforms/jobs "HTTP/1.1 404 Not Found"
09:18:53 │ INFO    │ httpx │ HTTP Request: GET https://api.greenhouse.io/v1/boards/ara/jobs "HTTP/1.1 404 Not Found"
09:18:53 │ INFO    │ httpx │ HTTP Request: HEAD https://aseon.com/careers "HTTP/1.1 404 Not Found"
09:18:53 │ INFO    │ httpx │ HTTP Request: GET https://api.lever.co/v0/postings/ardent "HTTP/1.1 404 Not Found"
09:18:53 │ INFO    │ httpx │ HTTP Request: GET https://kuli.one "HTTP/1.1 200 OK"
09:18:53 │ INFO    │ httpx │ HTTP Request: HEAD https://www.aseonlabs.com/jobs "HTTP/1.1 308 Permanent Redirect"
09:18:53 │ INFO    │ httpx │ HTTP Request: HEAD https://edenrobotics.ai/work-with-us "HTTP/1.1 404 Not Found"
09:18:53 │ INFO    │ httpx │ HTTP Request: GET https://api.greenhouse.io/v1/boards/tasklet2/jobs "HTTP/1.1 404 Not Found"
09:18:53 │ INFO    │ httpx │ HTTP Request: HEAD https://tryardent.com "HTTP/1.1 307 Temporary Redirect"
09:18:53 │ INFO    │ httpx │ HTTP Request: HEAD https://aseon.com/jobs "HTTP/1.1 404 Not Found"
09:18:53 │ INFO    │ httpx │ HTTP Request: GET https://api.greenhouse.io/v1/boards/minicor/jobs "HTTP/1.1 404 Not Found"
09:18:53 │ INFO    │ httpx │ HTTP Request: HEAD https://www.aseonlabs.com/work-with-us "HTTP/1.1 308 Permanent Redirect"
09:18:53 │ INFO    │ httpx │ HTTP Request: GET https://www.edenrobotics.ai "HTTP/1.1 301 Moved Permanently"
09:18:53 │ INFO    │ httpx │ HTTP Request: GET https://api.greenhouse.io/v1/boards/kuli/jobs "HTTP/1.1 404 Not Found"
09:18:53 │ INFO    │ httpx │ HTTP Request: HEAD https://aseon.com/work-with-us "HTTP/1.1 404 Not Found"
09:18:53 │ INFO    │ httpx │ HTTP Request: HEAD https://www.tryardent.com/ "HTTP/1.1 200 OK"
09:18:53 │ INFO    │ httpx │ HTTP Request: GET https://api.greenhouse.io/v1/boards/tasklet_2/jobs "HTTP/1.1 404 Not Found"
09:18:54 │ INFO    │ httpx │ HTTP Request: GET https://www.aseonlabs.com/ "HTTP/1.1 308 Permanent Redirect"
09:18:54 │ INFO    │ httpx │ HTTP Request: HEAD https://tryardent.com/careers "HTTP/1.1 307 Temporary Redirect"
09:18:54 │ INFO    │ httpx │ HTTP Request: GET https://aseon.com/ "HTTP/1.1 200 OK"
09:18:54 │ INFO    │ httpx │ HTTP Request: HEAD https://www.rivermarkets.com/careers "HTTP/1.1 403 Forbidden"
09:18:54 │ INFO    │ httpx │ HTTP Request: HEAD https://www.tryardent.com/careers "HTTP/1.1 404 Not Found"
09:18:54 │ INFO    │ httpx │ HTTP Request: HEAD https://tryardent.com/jobs "HTTP/1.1 307 Temporary Redirect"
09:18:54 │ INFO    │ httpx │ HTTP Request: HEAD https://www.tryardent.com/jobs "HTTP/1.1 404 Not Found"
09:18:54 │ INFO    │ httpx │ HTTP Request: HEAD https://tryardent.com/work-with-us "HTTP/1.1 307 Temporary Redirect"
09:18:54 │ INFO    │ httpx │ HTTP Request: HEAD https://www.tryardent.com/work-with-us "HTTP/1.1 404 Not Found"
09:18:54 │ INFO    │ pipeline.enrichment.job_resolver │ Ardent: Tier 4 (manual_visit)
09:18:54 │ INFO    │ httpx │ HTTP Request: HEAD https://www.complir.io/ "HTTP/1.1 200 OK"
09:18:54 │ INFO    │ httpx │ HTTP Request: GET https://api.greenhouse.io/v1/boards/aseon-labs/jobs "HTTP/1.1 404 Not Found"
09:18:54 │ INFO    │ httpx │ HTTP Request: GET https://edenrobotics.ai/ "HTTP/1.1 200 OK"
09:18:54 │ INFO    │ httpx │ HTTP Request: HEAD https://complir.io/ "HTTP/1.1 308 Permanent Redirect"
09:18:54 │ INFO    │ httpx │ HTTP Request: HEAD https://www.complir.io/ "HTTP/1.1 200 OK"
09:18:54 │ INFO    │ httpx │ HTTP Request: HEAD https://complir.io/careers "HTTP/1.1 308 Permanent Redirect"
09:18:54 │ INFO    │ httpx │ HTTP Request: GET https://api.lever.co/v0/postings/ara "HTTP/1.1 404 Not Found"
09:18:54 │ INFO    │ httpx │ HTTP Request: HEAD https://www.rivermarkets.com/jobs "HTTP/1.1 403 Forbidden"
09:18:54 │ INFO    │ httpx │ HTTP Request: GET https://api.greenhouse.io/v1/boards/aseonlabs/jobs "HTTP/1.1 404 Not Found"
09:18:54 │ INFO    │ httpx │ HTTP Request: HEAD https://www.prototyping.io "HTTP/1.1 200 OK"
09:18:54 │ INFO    │ httpx │ HTTP Request: HEAD https://ara.so "HTTP/1.1 200 OK"
09:18:54 │ INFO    │ httpx │ HTTP Request: HEAD https://www.prototyping.io "HTTP/1.1 200 OK"
09:18:55 │ INFO    │ httpx │ HTTP Request: GET https://api.lever.co/v0/postings/minicor "HTTP/1.1 404 Not Found"
09:18:55 │ INFO    │ httpx │ HTTP Request: HEAD https://www.prototyping.io/careers "HTTP/1.1 404 Not Found"
09:18:55 │ INFO    │ httpx │ HTTP Request: GET https://api.greenhouse.io/v1/boards/aseon_labs/jobs "HTTP/1.1 404 Not Found"
09:18:55 │ INFO    │ httpx │ HTTP Request: HEAD https://ara.so/careers "HTTP/1.1 200 OK"
09:18:55 │ INFO    │ httpx │ HTTP Request: HEAD https://www.prototyping.io/jobs "HTTP/1.1 404 Not Found"
09:18:55 │ INFO    │ httpx │ HTTP Request: HEAD https://www.complir.io/careers "HTTP/1.1 200 OK"
09:18:55 │ INFO    │ httpx │ HTTP Request: GET https://ara.so/careers "HTTP/1.1 200 OK"
09:18:55 │ INFO    │ pipeline.enrichment.job_resolver │ Ara: Tier 4 (manual_visit)
09:18:55 │ INFO    │ httpx │ HTTP Request: GET https://api.lever.co/v0/postings/kuli "HTTP/1.1 404 Not Found"
09:18:55 │ INFO    │ httpx │ HTTP Request: HEAD https://www.prototyping.io/work-with-us "HTTP/1.1 404 Not Found"
09:18:55 │ INFO    │ httpx │ HTTP Request: GET https://complir.io/ "HTTP/1.1 308 Permanent Redirect"
09:18:55 │ INFO    │ httpx │ HTTP Request: GET https://api.lever.co/v0/postings/tasklet-2 "HTTP/1.1 404 Not Found"
09:18:55 │ INFO    │ httpx │ HTTP Request: GET https://www.prototyping.io "HTTP/1.1 200 OK"
09:18:55 │ INFO    │ httpx │ HTTP Request: HEAD https://minicor.com "HTTP/1.1 200 OK"
09:18:55 │ INFO    │ httpx │ HTTP Request: GET https://api.lever.co/v0/postings/biostack-platforms "HTTP/1.1 404 Not Found"
09:18:55 │ INFO    │ httpx │ HTTP Request: GET https://www.complir.io/ "HTTP/1.1 200 OK"
09:18:55 │ INFO    │ httpx │ HTTP Request: GET https://api.greenhouse.io/v1/boards/eden-robotics/jobs "HTTP/1.1 404 Not Found"
09:18:55 │ INFO    │ httpx │ HTTP Request: HEAD https://minicor.com/careers "HTTP/1.1 200 OK"
09:18:55 │ INFO    │ httpx │ HTTP Request: GET https://minicor.com/careers "HTTP/1.1 200 OK"
09:18:55 │ INFO    │ httpx │ HTTP Request: HEAD https://www.rivermarkets.com/work-with-us "HTTP/1.1 403 Forbidden"
09:18:55 │ INFO    │ pipeline.enrichment.job_resolver │ Minicor: Tier 4 (manual_visit)
09:18:55 │ INFO    │ httpx │ HTTP Request: GET https://api.lever.co/v0/postings/tasklet2 "HTTP/1.1 404 Not Found"
09:18:55 │ INFO    │ httpx │ HTTP Request: GET https://www.rivermarkets.com "HTTP/1.1 200 OK"
09:18:55 │ INFO    │ httpx │ HTTP Request: GET https://api.lever.co/v0/postings/biostackplatforms "HTTP/1.1 404 Not Found"
09:18:55 │ INFO    │ httpx │ HTTP Request: GET https://api.greenhouse.io/v1/boards/prototypingio/jobs "HTTP/1.1 404 Not Found"
09:18:55 │ INFO    │ httpx │ HTTP Request: GET https://api.greenhouse.io/v1/boards/edenrobotics/jobs "HTTP/1.1 404 Not Found"
09:18:55 │ INFO    │ httpx │ HTTP Request: HEAD http://www.adialante.com "HTTP/1.1 301 Moved Permanently"
09:18:55 │ INFO    │ httpx │ HTTP Request: GET https://api.greenhouse.io/v1/boards/complir/jobs "HTTP/1.1 404 Not Found"
09:18:55 │ INFO    │ httpx │ HTTP Request: HEAD https://kuli.one "HTTP/1.1 200 OK"
09:18:55 │ INFO    │ httpx │ HTTP Request: GET https://api.lever.co/v0/postings/tasklet_2 "HTTP/1.1 404 Not Found"
09:18:55 │ INFO    │ httpx │ HTTP Request: HEAD https://kuli.one/careers "HTTP/1.1 200 OK"
09:18:55 │ INFO    │ httpx │ HTTP Request: HEAD https://www.lumius-imaging.com "HTTP/1.1 200 OK"
09:18:55 │ INFO    │ httpx │ HTTP Request: GET https://api.greenhouse.io/v1/boards/river-markets/jobs "HTTP/1.1 404 Not Found"
09:18:55 │ INFO    │ httpx │ HTTP Request: GET https://api.greenhouse.io/v1/boards/eden_robotics/jobs "HTTP/1.1 404 Not Found"
09:18:55 │ INFO    │ httpx │ HTTP Request: HEAD https://tasklet.ai "HTTP/1.1 200 OK"
09:18:55 │ INFO    │ httpx │ HTTP Request: HEAD https://www.lumius-imaging.com "HTTP/1.1 200 OK"
09:18:55 │ INFO    │ httpx │ HTTP Request: GET https://kuli.one/careers "HTTP/1.1 200 OK"
09:18:56 │ INFO    │ pipeline.enrichment.job_resolver │ Kuli: Tier 4 (manual_visit)
09:18:56 │ INFO    │ httpx │ HTTP Request: HEAD https://tasklet.ai/careers "HTTP/1.1 200 OK"
09:18:56 │ INFO    │ httpx │ HTTP Request: GET https://tasklet.ai/careers "HTTP/1.1 200 OK"
09:18:56 │ INFO    │ pipeline.enrichment.job_resolver │ Tasklet: Tier 2 (html_heuristic) → 6 jobs
09:18:56 │ INFO    │ httpx │ HTTP Request: HEAD https://www.adialante.com/ "HTTP/1.1 308 Permanent Redirect"
09:18:56 │ INFO    │ httpx │ HTTP Request: GET https://api.greenhouse.io/v1/boards/rivermarkets/jobs "HTTP/1.1 404 Not Found"
09:18:56 │ INFO    │ httpx │ HTTP Request: GET https://api.lever.co/v0/postings/aseon-labs "HTTP/1.1 404 Not Found"
09:18:56 │ INFO    │ httpx │ HTTP Request: GET https://api.greenhouse.io/v1/boards/river_markets/jobs "HTTP/1.1 404 Not Found"
09:18:56 │ INFO    │ httpx │ HTTP Request: HEAD https://callab.ai "HTTP/1.1 200 OK"
09:18:56 │ INFO    │ httpx │ HTTP Request: HEAD https://callab.ai "HTTP/1.1 200 OK"
09:18:56 │ INFO    │ httpx │ HTTP Request: GET https://api.lever.co/v0/postings/aseonlabs "HTTP/1.1 404 Not Found"
09:18:56 │ INFO    │ httpx │ HTTP Request: HEAD https://callab.ai/careers "HTTP/1.1 404 Not Found"
09:18:56 │ INFO    │ httpx │ HTTP Request: GET https://api.lever.co/v0/postings/biostack_platforms "HTTP/1.1 404 Not Found"
09:18:56 │ INFO    │ httpx │ HTTP Request: HEAD https://callab.ai/jobs "HTTP/1.1 404 Not Found"
09:18:56 │ INFO    │ httpx │ HTTP Request: HEAD https://adialante.com/ "HTTP/1.1 200 OK"
09:18:56 │ INFO    │ httpx │ HTTP Request: HEAD https://callab.ai/work-with-us "HTTP/1.1 404 Not Found"
09:18:56 │ INFO    │ httpx │ HTTP Request: HEAD http://www.adialante.com "HTTP/1.1 301 Moved Permanently"
09:18:56 │ INFO    │ httpx │ HTTP Request: HEAD https://www.adialante.com/ "HTTP/1.1 308 Permanent Redirect"
09:18:56 │ INFO    │ httpx │ HTTP Request: GET https://callab.ai "HTTP/1.1 200 OK"
09:18:56 │ INFO    │ httpx │ HTTP Request: HEAD https://adialante.com/ "HTTP/1.1 200 OK"
09:18:56 │ INFO    │ httpx │ HTTP Request: GET https://api.lever.co/v0/postings/aseon_labs "HTTP/1.1 404 Not Found"
09:18:56 │ INFO    │ httpx │ HTTP Request: HEAD https://www.gojiberry.ai "HTTP/1.1 308 Permanent Redirect"
09:18:56 │ INFO    │ httpx │ HTTP Request: HEAD http://www.adialante.com/careers "HTTP/1.1 301 Moved Permanently"
09:18:56 │ INFO    │ httpx │ HTTP Request: GET https://api.lever.co/v0/postings/prototypingio "HTTP/1.1 404 Not Found"
09:18:56 │ INFO    │ httpx │ HTTP Request: GET https://api.lever.co/v0/postings/complir "HTTP/1.1 404 Not Found"
09:18:56 │ INFO    │ httpx │ HTTP Request: HEAD https://www.adialante.com/careers "HTTP/1.1 308 Permanent Redirect"
09:18:57 │ INFO    │ httpx │ HTTP Request: HEAD https://adialante.com/careers "HTTP/1.1 200 OK"
09:18:57 │ INFO    │ httpx │ HTTP Request: HEAD https://www.getbiostack.com/ "HTTP/1.1 200 OK"
09:18:57 │ INFO    │ httpx │ HTTP Request: GET https://api.lever.co/v0/postings/eden-robotics "HTTP/1.1 404 Not Found"
09:18:57 │ INFO    │ httpx │ HTTP Request: GET http://www.adialante.com "HTTP/1.1 301 Moved Permanently"
09:18:57 │ INFO    │ httpx │ HTTP Request: HEAD https://www.aseonlabs.com/ "HTTP/1.1 308 Permanent Redirect"
09:18:57 │ INFO    │ httpx │ HTTP Request: GET https://www.adialante.com/ "HTTP/1.1 308 Permanent Redirect"
09:18:57 │ INFO    │ httpx │ HTTP Request: HEAD https://www.prototyping.io "HTTP/1.1 200 OK"
09:18:57 │ INFO    │ httpx │ HTTP Request: HEAD https://complir.io/ "HTTP/1.1 308 Permanent Redirect"
09:18:57 │ INFO    │ httpx │ HTTP Request: GET https://adialante.com/ "HTTP/1.1 200 OK"
09:18:57 │ INFO    │ httpx │ HTTP Request: HEAD https://www.prototyping.io/careers "HTTP/1.1 404 Not Found"
09:18:57 │ INFO    │ httpx │ HTTP Request: HEAD https://www.prototyping.io/jobs "HTTP/1.1 404 Not Found"
09:18:57 │ INFO    │ httpx │ HTTP Request: GET https://api.lever.co/v0/postings/edenrobotics "HTTP/1.1 404 Not Found"
09:18:57 │ INFO    │ httpx │ HTTP Request: HEAD https://aseon.com/ "HTTP/1.1 200 OK"
09:18:57 │ INFO    │ httpx │ HTTP Request: HEAD https://www.prototyping.io/work-with-us "HTTP/1.1 404 Not Found"
09:18:57 │ INFO    │ pipeline.enrichment.job_resolver │ Prototyping.io: Tier 4 (manual_visit)
09:18:57 │ INFO    │ httpx │ HTTP Request: HEAD https://www.getbiostack.com/careers "HTTP/1.1 404 Not Found"
09:18:57 │ INFO    │ httpx │ HTTP Request: HEAD https://www.aseonlabs.com/careers "HTTP/1.1 308 Permanent Redirect"
09:18:57 │ INFO    │ httpx │ HTTP Request: HEAD https://gojiberry.ai/ "HTTP/1.1 200 OK"
09:18:57 │ INFO    │ httpx │ HTTP Request: GET https://api.greenhouse.io/v1/boards/callab-ai/jobs "HTTP/1.1 404 Not Found"
09:18:57 │ INFO    │ httpx │ HTTP Request: HEAD https://aseon.com/careers "HTTP/1.1 404 Not Found"
09:18:57 │ INFO    │ httpx │ HTTP Request: HEAD https://www.aseonlabs.com/jobs "HTTP/1.1 308 Permanent Redirect"
09:18:57 │ INFO    │ httpx │ HTTP Request: HEAD https://www.gojiberry.ai "HTTP/1.1 308 Permanent Redirect"
09:18:57 │ INFO    │ httpx │ HTTP Request: GET https://api.greenhouse.io/v1/boards/adialante/jobs "HTTP/1.1 404 Not Found"
09:18:57 │ INFO    │ httpx │ HTTP Request: HEAD https://aseon.com/jobs "HTTP/1.1 404 Not Found"
09:18:57 │ INFO    │ httpx │ HTTP Request: GET https://api.lever.co/v0/postings/eden_robotics "HTTP/1.1 404 Not Found"
09:18:57 │ INFO    │ httpx │ HTTP Request: GET https://api.lever.co/v0/postings/river-markets "HTTP/1.1 404 Not Found"
09:18:57 │ INFO    │ httpx │ HTTP Request: HEAD https://gojiberry.ai/ "HTTP/1.1 200 OK"
09:18:57 │ INFO    │ httpx │ HTTP Request: HEAD https://www.aseonlabs.com/work-with-us "HTTP/1.1 308 Permanent Redirect"
09:18:57 │ INFO    │ httpx │ HTTP Request: HEAD http://www.useandco.com "HTTP/1.1 301 Moved Permanently"
09:18:57 │ INFO    │ httpx │ HTTP Request: GET https://api.greenhouse.io/v1/boards/callabai/jobs "HTTP/1.1 404 Not Found"
09:18:57 │ INFO    │ httpx │ HTTP Request: HEAD https://www.getbiostack.com/jobs "HTTP/1.1 404 Not Found"
09:18:57 │ INFO    │ httpx │ HTTP Request: HEAD https://aseon.com/work-with-us "HTTP/1.1 404 Not Found"
09:18:57 │ INFO    │ pipeline.enrichment.job_resolver │ Aseon Labs: Tier 4 (manual_visit)
09:18:57 │ INFO    │ httpx │ HTTP Request: HEAD https://www.gojiberry.ai/careers "HTTP/1.1 308 Permanent Redirect"
09:18:58 │ INFO    │ httpx │ HTTP Request: HEAD https://gojiberry.ai/careers "HTTP/1.1 404 Not Found"
09:18:58 │ INFO    │ httpx │ HTTP Request: GET https://api.greenhouse.io/v1/boards/callab_ai/jobs "HTTP/1.1 404 Not Found"
09:18:58 │ INFO    │ httpx │ HTTP Request: HEAD https://www.complir.io/ "HTTP/1.1 200 OK"
09:18:58 │ INFO    │ httpx │ HTTP Request: HEAD https://www.gojiberry.ai/jobs "HTTP/1.1 308 Permanent Redirect"
09:18:58 │ INFO    │ httpx │ HTTP Request: HEAD https://complir.io/careers "HTTP/1.1 308 Permanent Redirect"
09:18:58 │ INFO    │ httpx │ HTTP Request: HEAD https://www.lumius-imaging.com/careers "HTTP/1.1 404 Not Found"
09:18:58 │ INFO    │ httpx │ HTTP Request: HEAD https://www.useandco.com/ "HTTP/1.1 200 OK"
09:18:58 │ INFO    │ httpx │ HTTP Request: HEAD https://gojiberry.ai/jobs "HTTP/1.1 404 Not Found"
09:18:58 │ INFO    │ httpx │ HTTP Request: HEAD http://www.useandco.com "HTTP/1.1 301 Moved Permanently"
09:18:58 │ INFO    │ httpx │ HTTP Request: GET https://api.lever.co/v0/postings/rivermarkets "HTTP/1.1 404 Not Found"
09:18:58 │ INFO    │ httpx │ HTTP Request: HEAD https://www.useandco.com/ "HTTP/1.1 200 OK"
09:18:58 │ INFO    │ httpx │ HTTP Request: HEAD http://www.useandco.com/careers "HTTP/1.1 301 Moved Permanently"
09:18:58 │ INFO    │ httpx │ HTTP Request: HEAD https://www.gojiberry.ai/work-with-us "HTTP/1.1 308 Permanent Redirect"
09:18:58 │ INFO    │ httpx │ HTTP Request: HEAD https://www.complir.io/careers "HTTP/1.1 200 OK"
09:18:58 │ INFO    │ httpx │ HTTP Request: HEAD https://www.getbiostack.com/work-with-us "HTTP/1.1 404 Not Found"
09:18:58 │ INFO    │ pipeline.enrichment.job_resolver │ BioStack Platforms: Tier 4 (manual_visit)
09:18:58 │ INFO    │ httpx │ HTTP Request: HEAD https://www.useandco.com/careers "HTTP/1.1 404 Not Found"
09:18:58 │ INFO    │ httpx │ HTTP Request: HEAD https://gojiberry.ai/work-with-us "HTTP/1.1 404 Not Found"
09:18:58 │ INFO    │ httpx │ HTTP Request: GET https://www.complir.io/careers "HTTP/1.1 200 OK"
09:18:58 │ INFO    │ pipeline.enrichment.job_resolver │ Complir: Tier 4 (manual_visit)
09:18:58 │ INFO    │ httpx │ HTTP Request: HEAD http://www.useandco.com/jobs "HTTP/1.1 301 Moved Permanently"
09:18:58 │ INFO    │ httpx │ HTTP Request: GET https://api.lever.co/v0/postings/river_markets "HTTP/1.1 404 Not Found"
09:18:58 │ INFO    │ httpx │ HTTP Request: HEAD https://standout.work "HTTP/1.1 200 OK"
09:18:58 │ INFO    │ httpx │ HTTP Request: HEAD https://www.useandco.com/jobs "HTTP/1.1 404 Not Found"
09:18:58 │ INFO    │ httpx │ HTTP Request: GET https://www.gojiberry.ai "HTTP/1.1 308 Permanent Redirect"
09:18:58 │ INFO    │ httpx │ HTTP Request: HEAD https://www.lumius-imaging.com/jobs "HTTP/1.1 404 Not Found"
09:18:58 │ INFO    │ httpx │ HTTP Request: HEAD https://www.edenrobotics.ai "HTTP/1.1 301 Moved Permanently"
09:18:58 │ INFO    │ httpx │ HTTP Request: HEAD http://www.useandco.com/work-with-us "HTTP/1.1 301 Moved Permanently"
09:18:58 │ INFO    │ httpx │ HTTP Request: HEAD https://www.useandco.com/work-with-us "HTTP/1.1 404 Not Found"
09:18:58 │ INFO    │ httpx │ HTTP Request: GET https://gojiberry.ai/ "HTTP/1.1 200 OK"
09:18:58 │ INFO    │ httpx │ HTTP Request: HEAD https://www.rivermarkets.com "HTTP/1.1 200 OK"
09:18:58 │ INFO    │ httpx │ HTTP Request: HEAD https://standout.work "HTTP/1.1 200 OK"
09:18:58 │ INFO    │ httpx │ HTTP Request: GET http://www.useandco.com "HTTP/1.1 301 Moved Permanently"
09:18:58 │ INFO    │ httpx │ HTTP Request: GET https://www.useandco.com/ "HTTP/1.1 200 OK"
09:18:59 │ INFO    │ httpx │ HTTP Request: HEAD https://standout.work/careers "HTTP/1.1 404 Not Found"
09:18:59 │ INFO    │ httpx │ HTTP Request: HEAD https://www.lumius-imaging.com/work-with-us "HTTP/1.1 404 Not Found"
09:18:59 │ INFO    │ httpx │ HTTP Request: GET https://api.lever.co/v0/postings/adialante "HTTP/1.1 404 Not Found"
09:18:59 │ INFO    │ httpx │ HTTP Request: GET https://www.lumius-imaging.com "HTTP/1.1 200 OK"
09:18:59 │ INFO    │ httpx │ HTTP Request: HEAD http://www.adialante.com "HTTP/1.1 301 Moved Permanently"
09:18:59 │ INFO    │ httpx │ HTTP Request: HEAD https://junocompanion.com/ "HTTP/1.1 200 OK"
09:18:59 │ INFO    │ httpx │ HTTP Request: HEAD https://www.adialante.com/ "HTTP/1.1 308 Permanent Redirect"
09:18:59 │ INFO    │ httpx │ HTTP Request: GET https://api.lever.co/v0/postings/callab-ai "HTTP/1.1 404 Not Found"
09:18:59 │ INFO    │ httpx │ HTTP Request: HEAD https://junocompanion.com/ "HTTP/1.1 200 OK"
09:18:59 │ INFO    │ httpx │ HTTP Request: GET https://api.greenhouse.io/v1/boards/gojiberry-ai/jobs "HTTP/1.1 404 Not Found"
09:18:59 │ INFO    │ httpx │ HTTP Request: HEAD https://standout.work/jobs "HTTP/1.1 200 OK"
09:18:59 │ INFO    │ httpx │ HTTP Request: GET https://api.greenhouse.io/v1/boards/andco/jobs "HTTP/1.1 404 Not Found"
09:18:59 │ INFO    │ httpx │ HTTP Request: HEAD https://junocompanion.com/careers "HTTP/1.1 200 OK"
09:18:59 │ INFO    │ httpx │ HTTP Request: HEAD https://adialante.com/ "HTTP/1.1 200 OK"
09:18:59 │ INFO    │ httpx │ HTTP Request: GET https://api.greenhouse.io/v1/boards/lumius/jobs "HTTP/1.1 404 Not Found"
09:18:59 │ INFO    │ httpx │ HTTP Request: HEAD https://www.rivermarkets.com/careers "HTTP/1.1 403 Forbidden"
09:18:59 │ INFO    │ httpx │ HTTP Request: GET https://junocompanion.com/ "HTTP/1.1 200 OK"
09:18:59 │ INFO    │ httpx │ HTTP Request: HEAD http://www.adialante.com/careers "HTTP/1.1 301 Moved Permanently"
09:18:59 │ INFO    │ httpx │ HTTP Request: HEAD https://www.adialante.com/careers "HTTP/1.1 308 Permanent Redirect"
09:18:59 │ INFO    │ httpx │ HTTP Request: GET https://standout.work "HTTP/1.1 200 OK"
09:18:59 │ INFO    │ httpx │ HTTP Request: HEAD https://kelaitech.com/ "HTTP/1.1 200 OK"
09:18:59 │ INFO    │ httpx │ HTTP Request: HEAD https://adialante.com/careers "HTTP/1.1 200 OK"
09:18:59 │ INFO    │ httpx │ HTTP Request: GET https://api.lever.co/v0/postings/callabai "HTTP/1.1 404 Not Found"
09:18:59 │ INFO    │ httpx │ HTTP Request: GET https://api.greenhouse.io/v1/boards/gojiberryai/jobs "HTTP/1.1 404 Not Found"
09:18:59 │ INFO    │ httpx │ HTTP Request: HEAD https://edenrobotics.ai/ "HTTP/1.1 200 OK"
09:18:59 │ INFO    │ httpx │ HTTP Request: GET https://adialante.com/careers "HTTP/1.1 200 OK"
09:18:59 │ INFO    │ httpx │ HTTP Request: HEAD https://kelaitech.com/ "HTTP/1.1 200 OK"
09:18:59 │ INFO    │ pipeline.enrichment.job_resolver │ Adialante: Tier 2 (html_heuristic) → 1 jobs
09:18:59 │ INFO    │ httpx │ HTTP Request: GET https://api.greenhouse.io/v1/boards/juno-chat/jobs "HTTP/1.1 404 Not Found"
09:18:59 │ INFO    │ httpx │ HTTP Request: GET https://api.greenhouse.io/v1/boards/standout/jobs "HTTP/1.1 404 Not Found"
09:18:59 │ INFO    │ httpx │ HTTP Request: GET https://api.greenhouse.io/v1/boards/gojiberry_ai/jobs "HTTP/1.1 404 Not Found"
09:18:59 │ INFO    │ httpx │ HTTP Request: GET https://api.lever.co/v0/postings/callab_ai "HTTP/1.1 404 Not Found"
09:18:59 │ INFO    │ httpx │ HTTP Request: HEAD https://www.edenrobotics.ai/careers "HTTP/1.1 301 Moved Permanently"
09:19:00 │ INFO    │ httpx │ HTTP Request: HEAD https://kelaitech.com/careers "HTTP/1.1 200 OK"
09:19:00 │ INFO    │ httpx │ HTTP Request: GET https://api.greenhouse.io/v1/boards/junochat/jobs "HTTP/1.1 404 Not Found"
09:19:00 │ INFO    │ httpx │ HTTP Request: HEAD https://callab.ai "HTTP/1.1 200 OK"
09:19:00 │ INFO    │ httpx │ HTTP Request: GET https://kelaitech.com/ "HTTP/1.1 200 OK"
09:19:00 │ INFO    │ httpx │ HTTP Request: HEAD https://www.rivermarkets.com/jobs "HTTP/1.1 403 Forbidden"
09:19:00 │ INFO    │ httpx │ HTTP Request: HEAD https://callab.ai/careers "HTTP/1.1 404 Not Found"
09:19:00 │ INFO    │ httpx │ HTTP Request: HEAD https://edenrobotics.ai/careers "HTTP/1.1 404 Not Found"
09:19:00 │ INFO    │ httpx │ HTTP Request: HEAD https://callab.ai/jobs "HTTP/1.1 404 Not Found"
09:19:00 │ INFO    │ httpx │ HTTP Request: HEAD https://callab.ai/work-with-us "HTTP/1.1 404 Not Found"
09:19:00 │ INFO    │ pipeline.enrichment.job_resolver │ Callab AI: Tier 4 (manual_visit)
09:19:00 │ INFO    │ httpx │ HTTP Request: GET https://api.greenhouse.io/v1/boards/juno_chat/jobs "HTTP/1.1 404 Not Found"
09:19:00 │ INFO    │ httpx │ HTTP Request: HEAD https://www.kinro.com/ "HTTP/1.1 308 Permanent Redirect"
09:19:00 │ INFO    │ httpx │ HTTP Request: GET https://api.greenhouse.io/v1/boards/kelai/jobs "HTTP/1.1 404 Not Found"
09:19:00 │ INFO    │ httpx │ HTTP Request: HEAD https://www.edenrobotics.ai/jobs "HTTP/1.1 301 Moved Permanently"
09:19:00 │ INFO    │ httpx │ HTTP Request: GET https://api.lever.co/v0/postings/lumius "HTTP/1.1 404 Not Found"
09:19:00 │ INFO    │ httpx │ HTTP Request: HEAD https://edenrobotics.ai/jobs "HTTP/1.1 404 Not Found"
09:19:00 │ INFO    │ httpx │ HTTP Request: HEAD https://www.rivermarkets.com/work-with-us "HTTP/1.1 403 Forbidden"
09:19:00 │ INFO    │ pipeline.enrichment.job_resolver │ River Markets: Tier 4 (manual_visit)
09:19:00 │ INFO    │ httpx │ HTTP Request: GET https://api.lever.co/v0/postings/andco "HTTP/1.1 404 Not Found"
09:19:00 │ INFO    │ httpx │ HTTP Request: HEAD https://kinro.com "HTTP/1.1 200 OK"
09:19:01 │ INFO    │ httpx │ HTTP Request: HEAD https://www.lumius-imaging.com "HTTP/1.1 200 OK"
09:19:01 │ INFO    │ httpx │ HTTP Request: GET https://api.lever.co/v0/postings/standout "HTTP/1.1 404 Not Found"
09:19:01 │ INFO    │ httpx │ HTTP Request: HEAD http://www.useandco.com "HTTP/1.1 301 Moved Permanently"
09:19:01 │ INFO    │ httpx │ HTTP Request: HEAD https://www.edenrobotics.ai/work-with-us "HTTP/1.1 301 Moved Permanently"
09:19:01 │ INFO    │ httpx │ HTTP Request: GET https://api.lever.co/v0/postings/gojiberry-ai "HTTP/1.1 404 Not Found"
09:19:01 │ INFO    │ httpx │ HTTP Request: HEAD https://www.useandco.com/ "HTTP/1.1 200 OK"
09:19:01 │ INFO    │ httpx │ HTTP Request: HEAD http://www.useandco.com/careers "HTTP/1.1 301 Moved Permanently"
09:19:01 │ INFO    │ httpx │ HTTP Request: HEAD https://www.kinro.com/ "HTTP/1.1 308 Permanent Redirect"
09:19:01 │ INFO    │ httpx │ HTTP Request: HEAD https://www.useandco.com/careers "HTTP/1.1 404 Not Found"
09:19:01 │ INFO    │ httpx │ HTTP Request: HEAD https://www.thecompany.company "HTTP/1.1 200 OK"
09:19:01 │ INFO    │ httpx │ HTTP Request: HEAD http://www.useandco.com/jobs "HTTP/1.1 301 Moved Permanently"
09:19:01 │ INFO    │ httpx │ HTTP Request: HEAD https://www.lumius-imaging.com/careers "HTTP/1.1 404 Not Found"
09:19:01 │ INFO    │ httpx │ HTTP Request: HEAD https://www.thecompany.company "HTTP/1.1 200 OK"
09:19:01 │ INFO    │ httpx │ HTTP Request: HEAD https://www.useandco.com/jobs "HTTP/1.1 404 Not Found"
09:19:01 │ INFO    │ httpx │ HTTP Request: HEAD http://www.useandco.com/work-with-us "HTTP/1.1 301 Moved Permanently"
09:19:01 │ INFO    │ httpx │ HTTP Request: HEAD https://edenrobotics.ai/work-with-us "HTTP/1.1 404 Not Found"
09:19:01 │ INFO    │ httpx │ HTTP Request: HEAD https://www.thecompany.company/careers "HTTP/1.1 404 Not Found"
09:19:01 │ INFO    │ pipeline.enrichment.job_resolver │ Eden Robotics: Tier 4 (manual_visit)
09:19:01 │ INFO    │ httpx │ HTTP Request: GET https://api.lever.co/v0/postings/gojiberryai "HTTP/1.1 404 Not Found"
09:19:01 │ INFO    │ httpx │ HTTP Request: HEAD https://www.useandco.com/work-with-us "HTTP/1.1 404 Not Found"
09:19:01 │ INFO    │ pipeline.enrichment.job_resolver │ Andco: Tier 4 (manual_visit)
09:19:01 │ INFO    │ httpx │ HTTP Request: GET https://api.lever.co/v0/postings/juno-chat "HTTP/1.1 404 Not Found"
09:19:01 │ INFO    │ httpx │ HTTP Request: HEAD https://www.thecompany.company/jobs "HTTP/1.1 404 Not Found"
09:19:01 │ INFO    │ httpx │ HTTP Request: HEAD https://kinro.com "HTTP/1.1 200 OK"
09:19:01 │ INFO    │ httpx │ HTTP Request: HEAD https://www.thecompany.company/work-with-us "HTTP/1.1 404 Not Found"
09:19:01 │ INFO    │ httpx │ HTTP Request: HEAD https://hub.xyz "HTTP/1.1 200 OK"
09:19:01 │ INFO    │ httpx │ HTTP Request: HEAD https://standout.work "HTTP/1.1 200 OK"
09:19:01 │ INFO    │ httpx │ HTTP Request: HEAD https://www.lumius-imaging.com/jobs "HTTP/1.1 404 Not Found"
09:19:01 │ INFO    │ httpx │ HTTP Request: GET https://www.thecompany.company "HTTP/1.1 200 OK"
09:19:01 │ INFO    │ httpx │ HTTP Request: GET https://api.lever.co/v0/postings/gojiberry_ai "HTTP/1.1 404 Not Found"
09:19:01 │ INFO    │ httpx │ HTTP Request: HEAD https://standout.work/careers "HTTP/1.1 404 Not Found"
09:19:01 │ INFO    │ httpx │ HTTP Request: GET https://api.lever.co/v0/postings/kelai "HTTP/1.1 404 Not Found"
09:19:01 │ INFO    │ httpx │ HTTP Request: GET https://api.lever.co/v0/postings/junochat "HTTP/1.1 404 Not Found"
09:19:01 │ INFO    │ httpx │ HTTP Request: HEAD https://hub.xyz "HTTP/1.1 200 OK"
09:19:01 │ INFO    │ httpx │ HTTP Request: HEAD https://www.kinro.com/careers "HTTP/1.1 308 Permanent Redirect"
09:19:02 │ INFO    │ httpx │ HTTP Request: HEAD https://www.lumius-imaging.com/work-with-us "HTTP/1.1 404 Not Found"
09:19:02 │ INFO    │ pipeline.enrichment.job_resolver │ Lumius: Tier 4 (manual_visit)
09:19:02 │ INFO    │ httpx │ HTTP Request: HEAD https://hub.xyz/careers "HTTP/1.1 308 Permanent Redirect"
09:19:02 │ INFO    │ httpx │ HTTP Request: GET https://api.greenhouse.io/v1/boards/the-company-company/jobs "HTTP/1.1 404 Not Found"
09:19:02 │ INFO    │ httpx │ HTTP Request: GET https://api.lever.co/v0/postings/juno_chat "HTTP/1.1 404 Not Found"
09:19:02 │ INFO    │ httpx │ HTTP Request: HEAD https://kelaitech.com/ "HTTP/1.1 200 OK"
09:19:02 │ INFO    │ httpx │ HTTP Request: HEAD https://hub.xyz/ "HTTP/1.1 200 OK"
09:19:02 │ INFO    │ httpx │ HTTP Request: HEAD https://kinro.com/careers "HTTP/1.1 200 OK"
09:19:02 │ INFO    │ httpx │ HTTP Request: HEAD https://kelaitech.com/careers "HTTP/1.1 200 OK"
09:19:02 │ INFO    │ httpx │ HTTP Request: HEAD https://junocompanion.com/ "HTTP/1.1 200 OK"
09:19:02 │ INFO    │ httpx │ HTTP Request: GET https://api.greenhouse.io/v1/boards/thecompanycompany/jobs "HTTP/1.1 404 Not Found"
09:19:02 │ INFO    │ httpx │ HTTP Request: GET https://hub.xyz "HTTP/1.1 200 OK"
09:19:02 │ INFO    │ httpx │ HTTP Request: GET https://kelaitech.com/careers "HTTP/1.1 200 OK"
09:19:02 │ INFO    │ pipeline.enrichment.job_resolver │ KelAI: Tier 4 (manual_visit)
09:19:02 │ INFO    │ httpx │ HTTP Request: HEAD https://ninefives.com/ "HTTP/1.1 200 OK"
09:19:02 │ INFO    │ httpx │ HTTP Request: HEAD https://junocompanion.com/careers "HTTP/1.1 200 OK"
09:19:02 │ INFO    │ httpx │ HTTP Request: HEAD https://www.gojiberry.ai "HTTP/1.1 308 Permanent Redirect"
09:19:02 │ INFO    │ httpx │ HTTP Request: HEAD https://standout.work/jobs "HTTP/1.1 200 OK"
09:19:02 │ INFO    │ httpx │ HTTP Request: GET https://junocompanion.com/careers "HTTP/1.1 200 OK"
09:19:02 │ INFO    │ pipeline.enrichment.job_resolver │ Juno: Tier 4 (manual_visit)
09:19:02 │ INFO    │ httpx │ HTTP Request: GET https://www.kinro.com/ "HTTP/1.1 308 Permanent Redirect"
09:19:02 │ INFO    │ httpx │ HTTP Request: HEAD https://lightsprint.ai "HTTP/1.1 200 OK"
09:19:02 │ INFO    │ httpx │ HTTP Request: HEAD https://www.getdayjob.ai "HTTP/1.1 301 Moved Permanently"
09:19:02 │ INFO    │ httpx │ HTTP Request: GET https://api.greenhouse.io/v1/boards/the_company_company/jobs "HTTP/1.1 404 Not Found"
09:19:02 │ INFO    │ httpx │ HTTP Request: HEAD https://ninefives.com/ "HTTP/1.1 200 OK"
09:19:02 │ INFO    │ httpx │ HTTP Request: HEAD https://lightsprint.ai "HTTP/1.1 200 OK"
09:19:02 │ INFO    │ httpx │ HTTP Request: HEAD https://lightsprint.ai/careers "HTTP/1.1 200 OK"
09:19:02 │ INFO    │ httpx │ HTTP Request: HEAD http://rudus.ai/ "HTTP/1.0 308 Permanent Redirect"
09:19:02 │ INFO    │ httpx │ HTTP Request: GET https://lightsprint.ai "HTTP/1.1 200 OK"
09:19:02 │ INFO    │ httpx │ HTTP Request: GET https://api.greenhouse.io/v1/boards/hub/jobs "HTTP/1.1 404 Not Found"
09:19:02 │ INFO    │ httpx │ HTTP Request: GET https://standout.work/jobs "HTTP/1.1 200 OK"
09:19:02 │ INFO    │ httpx │ HTTP Request: HEAD https://ninefives.com/careers "HTTP/1.1 404 Not Found"
09:19:03 │ INFO    │ httpx │ HTTP Request: GET https://kinro.com "HTTP/1.1 200 OK"
09:19:03 │ INFO    │ httpx │ HTTP Request: HEAD https://rudus.ai/ "HTTP/1.1 307 Temporary Redirect"
09:19:03 │ INFO    │ httpx │ HTTP Request: HEAD https://ninefives.com/jobs "HTTP/1.1 404 Not Found"
09:19:03 │ INFO    │ httpx │ HTTP Request: HEAD https://gojiberry.ai/ "HTTP/1.1 200 OK"
09:19:03 │ INFO    │ httpx │ HTTP Request: GET https://api.greenhouse.io/v1/boards/lightsprint/jobs "HTTP/1.1 404 Not Found"
09:19:03 │ INFO    │ pipeline.enrichment.job_resolver │ Standout: Tier 4 (manual_visit)
09:19:03 │ INFO    │ httpx │ HTTP Request: HEAD https://www.dayjob.ai/ "HTTP/1.1 200 OK"
09:19:03 │ INFO    │ httpx │ HTTP Request: HEAD https://www.gojiberry.ai/careers "HTTP/1.1 308 Permanent Redirect"
09:19:03 │ INFO    │ httpx │ HTTP Request: HEAD https://ninefives.com/work-with-us "HTTP/1.1 404 Not Found"
09:19:03 │ INFO    │ httpx │ HTTP Request: GET https://api.greenhouse.io/v1/boards/kinro/jobs "HTTP/1.1 404 Not Found"
09:19:03 │ INFO    │ httpx │ HTTP Request: HEAD https://gojiberry.ai/careers "HTTP/1.1 404 Not Found"
09:19:03 │ INFO    │ httpx │ HTTP Request: HEAD https://www.rudus.ai/ "HTTP/1.1 200 OK"
09:19:03 │ INFO    │ httpx │ HTTP Request: GET https://ninefives.com/ "HTTP/1.1 200 OK"
09:19:03 │ INFO    │ httpx │ HTTP Request: HEAD https://www.gojiberry.ai/jobs "HTTP/1.1 308 Permanent Redirect"
09:19:03 │ INFO    │ httpx │ HTTP Request: HEAD http://rudus.ai/ "HTTP/1.0 308 Permanent Redirect"
09:19:03 │ INFO    │ httpx │ HTTP Request: HEAD https://www.totalis.trade "HTTP/1.1 200 OK"
09:19:03 │ INFO    │ httpx │ HTTP Request: HEAD https://rudus.ai/ "HTTP/1.1 307 Temporary Redirect"
09:19:03 │ INFO    │ httpx │ HTTP Request: HEAD https://gojiberry.ai/jobs "HTTP/1.1 404 Not Found"
09:19:03 │ INFO    │ httpx │ HTTP Request: HEAD https://www.totalis.trade "HTTP/1.1 200 OK"
09:19:03 │ INFO    │ httpx │ HTTP Request: HEAD https://www.rudus.ai/ "HTTP/1.1 200 OK"
09:19:03 │ INFO    │ httpx │ HTTP Request: HEAD https://www.totalis.trade/careers "HTTP/1.1 200 OK"
09:19:03 │ INFO    │ httpx │ HTTP Request: HEAD https://www.gojiberry.ai/work-with-us "HTTP/1.1 308 Permanent Redirect"
09:19:03 │ INFO    │ httpx │ HTTP Request: GET https://www.totalis.trade "HTTP/1.1 200 OK"
09:19:03 │ INFO    │ httpx │ HTTP Request: HEAD http://rudus.ai/careers "HTTP/1.0 308 Permanent Redirect"
09:19:03 │ INFO    │ httpx │ HTTP Request: GET https://api.greenhouse.io/v1/boards/nine-fives/jobs "HTTP/1.1 404 Not Found"
09:19:03 │ INFO    │ httpx │ HTTP Request: HEAD https://gojiberry.ai/work-with-us "HTTP/1.1 404 Not Found"
09:19:03 │ INFO    │ pipeline.enrichment.job_resolver │ Gojiberry AI: Tier 4 (manual_visit)
09:19:03 │ INFO    │ httpx │ HTTP Request: GET https://api.lever.co/v0/postings/the-company-company "HTTP/1.1 404 Not Found"
09:19:03 │ INFO    │ httpx │ HTTP Request: HEAD https://rudus.ai/careers "HTTP/1.1 307 Temporary Redirect"
09:19:04 │ INFO    │ httpx │ HTTP Request: HEAD https://www.rudus.ai/careers "HTTP/1.1 404 Not Found"
09:19:04 │ INFO    │ httpx │ HTTP Request: GET https://api.lever.co/v0/postings/hub "HTTP/1.1 404 Not Found"
09:19:04 │ INFO    │ httpx │ HTTP Request: HEAD https://tryreplicas.com "HTTP/1.1 200 OK"
09:19:04 │ INFO    │ httpx │ HTTP Request: GET https://api.greenhouse.io/v1/boards/ninefives/jobs "HTTP/1.1 404 Not Found"
09:19:04 │ INFO    │ httpx │ HTTP Request: HEAD http://rudus.ai/jobs "HTTP/1.0 308 Permanent Redirect"
09:19:04 │ INFO    │ httpx │ HTTP Request: HEAD https://www.getdayjob.ai "HTTP/1.1 301 Moved Permanently"
09:19:04 │ INFO    │ httpx │ HTTP Request: HEAD https://www.dayjob.ai/ "HTTP/1.1 200 OK"
09:19:04 │ INFO    │ httpx │ HTTP Request: HEAD https://rudus.ai/jobs "HTTP/1.1 307 Temporary Redirect"
09:19:04 │ INFO    │ httpx │ HTTP Request: GET https://api.greenhouse.io/v1/boards/totalis/jobs "HTTP/1.1 404 Not Found"
09:19:04 │ INFO    │ httpx │ HTTP Request: GET https://api.lever.co/v0/postings/thecompanycompany "HTTP/1.1 404 Not Found"
09:19:04 │ INFO    │ httpx │ HTTP Request: HEAD https://www.rudus.ai/jobs "HTTP/1.1 404 Not Found"
09:19:04 │ INFO    │ httpx │ HTTP Request: HEAD http://rudus.ai/work-with-us "HTTP/1.0 308 Permanent Redirect"
09:19:04 │ INFO    │ httpx │ HTTP Request: GET https://api.greenhouse.io/v1/boards/nine_fives/jobs "HTTP/1.1 404 Not Found"
09:19:04 │ INFO    │ httpx │ HTTP Request: GET https://api.lever.co/v0/postings/lightsprint "HTTP/1.1 404 Not Found"
09:19:04 │ INFO    │ httpx │ HTTP Request: HEAD https://rudus.ai/work-with-us "HTTP/1.1 307 Temporary Redirect"
09:19:04 │ INFO    │ httpx │ HTTP Request: HEAD https://tryreplicas.com "HTTP/1.1 200 OK"
09:19:04 │ INFO    │ httpx │ HTTP Request: HEAD https://www.rudus.ai/work-with-us "HTTP/1.1 404 Not Found"
09:19:04 │ INFO    │ httpx │ HTTP Request: GET https://api.lever.co/v0/postings/the_company_company "HTTP/1.1 404 Not Found"
09:19:04 │ INFO    │ httpx │ HTTP Request: GET https://api.lever.co/v0/postings/kinro "HTTP/1.1 404 Not Found"
09:19:04 │ INFO    │ httpx │ HTTP Request: HEAD https://www.getdayjob.ai/careers "HTTP/1.1 301 Moved Permanently"
09:19:04 │ INFO    │ httpx │ HTTP Request: GET http://rudus.ai/ "HTTP/1.0 308 Permanent Redirect"
09:19:04 │ INFO    │ httpx │ HTTP Request: HEAD https://lightsprint.ai "HTTP/1.1 200 OK"
09:19:04 │ INFO    │ httpx │ HTTP Request: HEAD https://perfectbit.ai "HTTP/1.1 200 OK"
09:19:04 │ INFO    │ httpx │ HTTP Request: GET https://rudus.ai/ "HTTP/1.1 307 Temporary Redirect"
09:19:04 │ INFO    │ httpx │ HTTP Request: HEAD https://lightsprint.ai/careers "HTTP/1.1 200 OK"
09:19:04 │ INFO    │ httpx │ HTTP Request: HEAD https://perfectbit.ai "HTTP/1.1 200 OK"
09:19:04 │ INFO    │ httpx │ HTTP Request: GET https://www.rudus.ai/ "HTTP/1.1 200 OK"
09:19:04 │ INFO    │ httpx │ HTTP Request: GET https://lightsprint.ai/careers "HTTP/1.1 200 OK"
09:19:04 │ INFO    │ httpx │ HTTP Request: HEAD https://www.thecompany.company "HTTP/1.1 200 OK"
09:19:04 │ INFO    │ httpx │ HTTP Request: HEAD https://perfectbit.ai/careers "HTTP/1.1 200 OK"
09:19:04 │ INFO    │ pipeline.enrichment.job_resolver │ Lightsprint: Tier 2 (html_heuristic) → 3 jobs
09:19:04 │ INFO    │ httpx │ HTTP Request: HEAD https://www.thecompany.company/careers "HTTP/1.1 404 Not Found"
09:19:05 │ INFO    │ httpx │ HTTP Request: GET https://perfectbit.ai "HTTP/1.1 200 OK"
09:19:05 │ INFO    │ httpx │ HTTP Request: HEAD https://www.thecompany.company/jobs "HTTP/1.1 404 Not Found"
09:19:05 │ INFO    │ httpx │ HTTP Request: HEAD https://www.dayjob.ai/careers "HTTP/1.1 404 Not Found"
09:19:05 │ INFO    │ httpx │ HTTP Request: HEAD https://www.thecompany.company/work-with-us "HTTP/1.1 404 Not Found"
09:19:05 │ INFO    │ pipeline.enrichment.job_resolver │ The Company Company: Tier 4 (manual_visit)
09:19:05 │ INFO    │ httpx │ HTTP Request: HEAD https://www.kinro.com/ "HTTP/1.1 308 Permanent Redirect"
09:19:05 │ INFO    │ httpx │ HTTP Request: GET https://api.greenhouse.io/v1/boards/rudus/jobs "HTTP/1.1 404 Not Found"
09:19:05 │ INFO    │ httpx │ HTTP Request: HEAD https://tryreplicas.com/careers "HTTP/1.1 404 Not Found"
09:19:05 │ INFO    │ httpx │ HTTP Request: HEAD https://hub.xyz "HTTP/1.1 200 OK"
09:19:05 │ INFO    │ httpx │ HTTP Request: GET https://api.greenhouse.io/v1/boards/perfectbit-inc/jobs "HTTP/1.1 404 Not Found"
09:19:05 │ INFO    │ httpx │ HTTP Request: GET https://api.lever.co/v0/postings/totalis "HTTP/1.1 404 Not Found"
09:19:05 │ INFO    │ httpx │ HTTP Request: HEAD https://www.getdayjob.ai/jobs "HTTP/1.1 301 Moved Permanently"
09:19:05 │ INFO    │ httpx │ HTTP Request: HEAD https://hub.xyz/careers "HTTP/1.1 308 Permanent Redirect"
09:19:05 │ INFO    │ httpx │ HTTP Request: GET https://api.lever.co/v0/postings/nine-fives "HTTP/1.1 404 Not Found"
09:19:05 │ INFO    │ httpx │ HTTP Request: HEAD https://primitive.dev "HTTP/1.1 308 Permanent Redirect"
09:19:05 │ INFO    │ httpx │ HTTP Request: HEAD https://www.totalis.trade "HTTP/1.1 200 OK"
09:19:05 │ INFO    │ httpx │ HTTP Request: HEAD https://tryreplicas.com/jobs "HTTP/1.1 404 Not Found"
09:19:05 │ INFO    │ httpx │ HTTP Request: HEAD https://kinro.com "HTTP/1.1 200 OK"
09:19:05 │ INFO    │ httpx │ HTTP Request: GET https://api.greenhouse.io/v1/boards/perfectbitinc/jobs "HTTP/1.1 404 Not Found"
09:19:05 │ INFO    │ httpx │ HTTP Request: HEAD https://www.totalis.trade/careers "HTTP/1.1 200 OK"
09:19:05 │ INFO    │ httpx │ HTTP Request: HEAD https://www.hedgespecialty.com/ "HTTP/1.1 200 OK"
09:19:05 │ INFO    │ httpx │ HTTP Request: HEAD https://hub.xyz/ "HTTP/1.1 200 OK"
09:19:05 │ INFO    │ httpx │ HTTP Request: GET https://www.totalis.trade/careers "HTTP/1.1 200 OK"
09:19:05 │ INFO    │ pipeline.enrichment.job_resolver │ Totalis: Tier 4 (manual_visit)
09:19:05 │ INFO    │ httpx │ HTTP Request: HEAD https://www.hedgespecialty.com/ "HTTP/1.1 200 OK"
09:19:05 │ INFO    │ httpx │ HTTP Request: HEAD https://www.hedgespecialty.com/careers "HTTP/1.1 200 OK"
09:19:05 │ INFO    │ httpx │ HTTP Request: GET https://api.lever.co/v0/postings/ninefives "HTTP/1.1 404 Not Found"
09:19:05 │ INFO    │ httpx │ HTTP Request: GET https://www.hedgespecialty.com/ "HTTP/1.1 200 OK"
09:19:06 │ INFO    │ httpx │ HTTP Request: GET https://api.greenhouse.io/v1/boards/perfectbit_inc/jobs "HTTP/1.1 404 Not Found"
09:19:06 │ INFO    │ httpx │ HTTP Request: HEAD https://tryreplicas.com/work-with-us "HTTP/1.1 404 Not Found"
09:19:06 │ INFO    │ httpx │ HTTP Request: HEAD https://www.dayjob.ai/jobs "HTTP/1.1 404 Not Found"
09:19:06 │ INFO    │ httpx │ HTTP Request: HEAD https://www.kinro.com/careers "HTTP/1.1 308 Permanent Redirect"
09:19:06 │ INFO    │ httpx │ HTTP Request: GET https://hub.xyz/ "HTTP/1.1 200 OK"
09:19:06 │ INFO    │ pipeline.enrichment.job_resolver │ Hub: Tier 4 (manual_visit)
09:19:06 │ INFO    │ httpx │ HTTP Request: GET https://api.lever.co/v0/postings/nine_fives "HTTP/1.1 404 Not Found"
09:19:06 │ INFO    │ httpx │ HTTP Request: HEAD https://kinro.com/careers "HTTP/1.1 200 OK"
09:19:06 │ INFO    │ httpx │ HTTP Request: HEAD https://trycardinal.com "HTTP/1.1 308 Permanent Redirect"
09:19:06 │ INFO    │ httpx │ HTTP Request: GET https://tryreplicas.com "HTTP/1.1 200 OK"
09:19:06 │ INFO    │ httpx │ HTTP Request: GET https://api.greenhouse.io/v1/boards/hedge/jobs "HTTP/1.1 404 Not Found"
09:19:06 │ INFO    │ httpx │ HTTP Request: HEAD https://www.getdayjob.ai/work-with-us "HTTP/1.1 301 Moved Permanently"
09:19:06 │ INFO    │ httpx │ HTTP Request: GET https://api.lever.co/v0/postings/rudus "HTTP/1.1 404 Not Found"
09:19:06 │ INFO    │ httpx │ HTTP Request: GET https://kinro.com/careers "HTTP/1.1 200 OK"
09:19:06 │ INFO    │ pipeline.enrichment.job_resolver │ Kinro: Tier 4 (manual_visit)
09:19:06 │ INFO    │ httpx │ HTTP Request: HEAD http://rudus.ai/ "HTTP/1.0 308 Permanent Redirect"
09:19:06 │ INFO    │ httpx │ HTTP Request: HEAD https://wayco.ai "HTTP/1.1 200 OK"
09:19:06 │ INFO    │ httpx │ HTTP Request: HEAD https://ninefives.com/ "HTTP/1.1 200 OK"
09:19:06 │ INFO    │ httpx │ HTTP Request: HEAD https://www.trycardinal.com/ "HTTP/1.1 200 OK"
09:19:06 │ INFO    │ httpx │ HTTP Request: HEAD https://wayco.ai "HTTP/1.1 200 OK"
09:19:06 │ INFO    │ httpx │ HTTP Request: HEAD https://www.primitive.dev/ "HTTP/1.1 200 OK"
09:19:06 │ INFO    │ httpx │ HTTP Request: HEAD https://www.dayjob.ai/work-with-us "HTTP/1.1 404 Not Found"
09:19:06 │ INFO    │ httpx │ HTTP Request: HEAD https://trycardinal.com "HTTP/1.1 308 Permanent Redirect"
09:19:06 │ INFO    │ httpx │ HTTP Request: HEAD https://wayco.ai/careers "HTTP/1.1 404 Not Found"
09:19:06 │ INFO    │ httpx │ HTTP Request: HEAD https://primitive.dev "HTTP/1.1 308 Permanent Redirect"
09:19:06 │ INFO    │ httpx │ HTTP Request: HEAD https://www.trycardinal.com/ "HTTP/1.1 200 OK"
09:19:06 │ INFO    │ httpx │ HTTP Request: HEAD https://wayco.ai/jobs "HTTP/1.1 404 Not Found"
09:19:06 │ INFO    │ httpx │ HTTP Request: HEAD https://rudus.ai/ "HTTP/1.1 307 Temporary Redirect"
09:19:06 │ INFO    │ httpx │ HTTP Request: HEAD https://ninefives.com/careers "HTTP/1.1 404 Not Found"
09:19:07 │ INFO    │ httpx │ HTTP Request: HEAD https://trycardinal.com/careers "HTTP/1.1 308 Permanent Redirect"
09:19:07 │ INFO    │ httpx │ HTTP Request: HEAD https://www.primitive.dev/ "HTTP/1.1 200 OK"
09:19:07 │ INFO    │ httpx │ HTTP Request: HEAD https://wayco.ai/work-with-us "HTTP/1.1 404 Not Found"
09:19:07 │ INFO    │ httpx │ HTTP Request: HEAD https://www.trycardinal.com/careers "HTTP/1.1 404 Not Found"
09:19:07 │ INFO    │ httpx │ HTTP Request: HEAD https://primitive.dev/careers "HTTP/1.1 308 Permanent Redirect"
09:19:07 │ INFO    │ httpx │ HTTP Request: GET https://api.greenhouse.io/v1/boards/replicas/jobs "HTTP/1.1 404 Not Found"
09:19:07 │ INFO    │ httpx │ HTTP Request: GET https://wayco.ai "HTTP/1.1 200 OK"
09:19:07 │ INFO    │ httpx │ HTTP Request: HEAD https://trycardinal.com/jobs "HTTP/1.1 308 Permanent Redirect"
09:19:07 │ INFO    │ httpx │ HTTP Request: HEAD https://ninefives.com/jobs "HTTP/1.1 404 Not Found"
09:19:07 │ INFO    │ httpx │ HTTP Request: HEAD https://www.trycardinal.com/jobs "HTTP/1.1 404 Not Found"
09:19:07 │ INFO    │ httpx │ HTTP Request: HEAD https://www.rudus.ai/ "HTTP/1.1 200 OK"
09:19:07 │ INFO    │ httpx │ HTTP Request: GET https://api.lever.co/v0/postings/perfectbit-inc "HTTP/1.1 404 Not Found"
09:19:07 │ INFO    │ httpx │ HTTP Request: HEAD https://trycardinal.com/work-with-us "HTTP/1.1 308 Permanent Redirect"
09:19:07 │ INFO    │ httpx │ HTTP Request: HEAD https://www.trycardinal.com/work-with-us "HTTP/1.1 404 Not Found"
09:19:07 │ INFO    │ httpx │ HTTP Request: GET https://www.getdayjob.ai "HTTP/1.1 301 Moved Permanently"
09:19:07 │ INFO    │ httpx │ HTTP Request: HEAD http://rudus.ai/careers "HTTP/1.0 308 Permanent Redirect"
09:19:07 │ INFO    │ httpx │ HTTP Request: HEAD https://ninefives.com/work-with-us "HTTP/1.1 404 Not Found"
09:19:07 │ INFO    │ pipeline.enrichment.job_resolver │ Nine Fives: Tier 4 (manual_visit)
09:19:07 │ INFO    │ httpx │ HTTP Request: GET https://trycardinal.com "HTTP/1.1 308 Permanent Redirect"
09:19:07 │ INFO    │ httpx │ HTTP Request: GET https://www.dayjob.ai/ "HTTP/1.1 200 OK"
09:19:07 │ INFO    │ httpx │ HTTP Request: HEAD https://rudus.ai/careers "HTTP/1.1 307 Temporary Redirect"
09:19:07 │ INFO    │ httpx │ HTTP Request: GET https://www.trycardinal.com/ "HTTP/1.1 200 OK"
09:19:07 │ INFO    │ httpx │ HTTP Request: HEAD https://www.rudus.ai/careers "HTTP/1.1 404 Not Found"
09:19:07 │ INFO    │ httpx │ HTTP Request: HEAD https://www.primitive.dev/careers "HTTP/1.1 404 Not Found"
09:19:07 │ INFO    │ httpx │ HTTP Request: GET https://api.lever.co/v0/postings/perfectbitinc "HTTP/1.1 404 Not Found"
09:19:07 │ INFO    │ httpx │ HTTP Request: GET https://api.greenhouse.io/v1/boards/wayco/jobs "HTTP/1.1 404 Not Found"
09:19:07 │ INFO    │ httpx │ HTTP Request: HEAD https://primitive.dev/jobs "HTTP/1.1 308 Permanent Redirect"
09:19:07 │ INFO    │ httpx │ HTTP Request: GET https://api.lever.co/v0/postings/hedge "HTTP/1.1 404 Not Found"
09:19:07 │ INFO    │ httpx │ HTTP Request: HEAD http://rudus.ai/jobs "HTTP/1.0 308 Permanent Redirect"
09:19:07 │ INFO    │ httpx │ HTTP Request: HEAD https://www.primitive.dev/jobs "HTTP/1.1 404 Not Found"
09:19:07 │ INFO    │ httpx │ HTTP Request: HEAD https://primitive.dev/work-with-us "HTTP/1.1 308 Permanent Redirect"
09:19:07 │ INFO    │ httpx │ HTTP Request: HEAD https://rudus.ai/jobs "HTTP/1.1 307 Temporary Redirect"
09:19:07 │ INFO    │ httpx │ HTTP Request: HEAD https://www.rudus.ai/jobs "HTTP/1.1 404 Not Found"
09:19:07 │ INFO    │ httpx │ HTTP Request: GET https://api.lever.co/v0/postings/perfectbit_inc "HTTP/1.1 404 Not Found"
09:19:07 │ INFO    │ httpx │ HTTP Request: HEAD https://www.primitive.dev/work-with-us "HTTP/1.1 404 Not Found"
09:19:07 │ INFO    │ httpx │ HTTP Request: HEAD https://www.hedgespecialty.com/ "HTTP/1.1 200 OK"
09:19:07 │ INFO    │ httpx │ HTTP Request: HEAD https://aurorincad.com "HTTP/1.1 307 Temporary Redirect"
09:19:07 │ INFO    │ httpx │ HTTP Request: GET https://primitive.dev "HTTP/1.1 308 Permanent Redirect"
09:19:07 │ INFO    │ httpx │ HTTP Request: HEAD http://rudus.ai/work-with-us "HTTP/1.0 308 Permanent Redirect"
09:19:07 │ INFO    │ httpx │ HTTP Request: HEAD https://www.hedgespecialty.com/careers "HTTP/1.1 200 OK"
09:19:07 │ INFO    │ httpx │ HTTP Request: HEAD https://rudus.ai/work-with-us "HTTP/1.1 307 Temporary Redirect"
09:19:07 │ INFO    │ httpx │ HTTP Request: GET https://www.hedgespecialty.com/careers "HTTP/1.1 200 OK"
09:19:07 │ INFO    │ pipeline.enrichment.job_resolver │ Hedge: Tier 4 (manual_visit)
09:19:08 │ INFO    │ httpx │ HTTP Request: GET https://www.primitive.dev/ "HTTP/1.1 200 OK"
09:19:08 │ INFO    │ httpx │ HTTP Request: GET https://api.greenhouse.io/v1/boards/trycardinal-ai/jobs "HTTP/1.1 404 Not Found"
09:19:08 │ INFO    │ httpx │ HTTP Request: HEAD https://www.rudus.ai/work-with-us "HTTP/1.1 404 Not Found"
09:19:08 │ INFO    │ pipeline.enrichment.job_resolver │ Rudus: Tier 4 (manual_visit)
09:19:08 │ INFO    │ httpx │ HTTP Request: GET https://api.ashbyhq.com/posting-api/job-board/dayjob-ai "HTTP/1.1 200 OK"
09:19:08 │ INFO    │ pipeline.enrichment.job_resolver │ Dayjob: Tier 1 (ashby) → 4 jobs
09:19:08 │ INFO    │ httpx │ HTTP Request: HEAD https://dispatch.space/ "HTTP/1.1 200 OK"
09:19:08 │ INFO    │ httpx │ HTTP Request: HEAD https://perfectbit.ai "HTTP/1.1 200 OK"
09:19:08 │ INFO    │ httpx │ HTTP Request: HEAD https://www.aurorincad.com/ "HTTP/1.1 200 OK"
09:19:08 │ INFO    │ httpx │ HTTP Request: HEAD https://perfectbit.ai/careers "HTTP/1.1 200 OK"
09:19:08 │ INFO    │ httpx │ HTTP Request: GET https://api.greenhouse.io/v1/boards/trycardinalai/jobs "HTTP/1.1 404 Not Found"
09:19:08 │ INFO    │ httpx │ HTTP Request: GET https://perfectbit.ai/careers "HTTP/1.1 200 OK"
09:19:08 │ INFO    │ httpx │ HTTP Request: HEAD https://aurorincad.com "HTTP/1.1 307 Temporary Redirect"
09:19:08 │ INFO    │ pipeline.enrichment.job_resolver │ PerfectBit, Inc.: Tier 4 (manual_visit)
09:19:08 │ INFO    │ httpx │ HTTP Request: HEAD https://voygr.tech "HTTP/1.1 200 OK"
09:19:08 │ INFO    │ httpx │ HTTP Request: GET https://api.lever.co/v0/postings/replicas "HTTP/1.1 404 Not Found"
09:19:08 │ INFO    │ httpx │ HTTP Request: HEAD https://dispatch.space/ "HTTP/1.1 200 OK"
09:19:08 │ INFO    │ httpx │ HTTP Request: GET https://api.greenhouse.io/v1/boards/primitive/jobs "HTTP/1.1 404 Not Found"
09:19:08 │ INFO    │ httpx │ HTTP Request: HEAD https://voygr.tech "HTTP/1.1 200 OK"
09:19:08 │ INFO    │ httpx │ HTTP Request: HEAD https://www.aurorincad.com/ "HTTP/1.1 200 OK"
09:19:08 │ INFO    │ httpx │ HTTP Request: HEAD https://voygr.tech/careers "HTTP/1.1 308 Permanent Redirect"
09:19:08 │ INFO    │ httpx │ HTTP Request: HEAD https://aurorincad.com/careers "HTTP/1.1 307 Temporary Redirect"
09:19:08 │ INFO    │ httpx │ HTTP Request: GET https://api.greenhouse.io/v1/boards/trycardinal_ai/jobs "HTTP/1.1 404 Not Found"
09:19:08 │ INFO    │ httpx │ HTTP Request: HEAD https://www.mochacare.com/ "HTTP/1.1 200 OK"
09:19:08 │ INFO    │ httpx │ HTTP Request: HEAD https://www.mochacare.com/ "HTTP/1.1 200 OK"
09:19:08 │ INFO    │ httpx │ HTTP Request: GET https://api.lever.co/v0/postings/wayco "HTTP/1.1 404 Not Found"
09:19:08 │ INFO    │ httpx │ HTTP Request: HEAD https://dispatch.space/careers "HTTP/1.1 200 OK"
09:19:08 │ INFO    │ httpx │ HTTP Request: HEAD https://www.mochacare.com/careers "HTTP/1.1 404 Not Found"
09:19:08 │ INFO    │ httpx │ HTTP Request: HEAD https://www.aurorincad.com/careers "HTTP/1.1 200 OK"
09:19:08 │ INFO    │ httpx │ HTTP Request: HEAD https://www.mochacare.com/jobs "HTTP/1.1 404 Not Found"
09:19:08 │ INFO    │ httpx │ HTTP Request: GET https://aurorincad.com "HTTP/1.1 307 Temporary Redirect"
09:19:08 │ INFO    │ httpx │ HTTP Request: HEAD https://www.mochacare.com/work-with-us "HTTP/1.1 404 Not Found"
09:19:08 │ INFO    │ httpx │ HTTP Request: HEAD https://tryreplicas.com "HTTP/1.1 200 OK"
09:19:09 │ INFO    │ httpx │ HTTP Request: HEAD https://bookoapp.com "HTTP/1.1 200 OK"
09:19:09 │ INFO    │ httpx │ HTTP Request: GET https://www.mochacare.com/ "HTTP/1.1 200 OK"
09:19:09 │ INFO    │ httpx │ HTTP Request: HEAD https://tryreplicas.com/careers "HTTP/1.1 404 Not Found"
09:19:09 │ INFO    │ httpx │ HTTP Request: GET https://www.aurorincad.com/ "HTTP/1.1 200 OK"
09:19:09 │ INFO    │ httpx │ HTTP Request: HEAD https://wayco.ai "HTTP/1.1 200 OK"
09:19:09 │ INFO    │ httpx │ HTTP Request: HEAD https://www.ycombinator.com/companies/voygr "HTTP/1.1 200 OK"
09:19:09 │ INFO    │ httpx │ HTTP Request: GET https://dispatch.space/ "HTTP/1.1 200 OK"
09:19:09 │ INFO    │ httpx │ HTTP Request: HEAD https://bookoapp.com "HTTP/1.1 200 OK"
09:19:09 │ INFO    │ httpx │ HTTP Request: GET https://voygr.tech "HTTP/1.1 200 OK"
09:19:09 │ INFO    │ httpx │ HTTP Request: HEAD https://wayco.ai/careers "HTTP/1.1 404 Not Found"
09:19:09 │ INFO    │ httpx │ HTTP Request: HEAD https://wayco.ai/jobs "HTTP/1.1 404 Not Found"
09:19:09 │ INFO    │ httpx │ HTTP Request: HEAD https://wayco.ai/work-with-us "HTTP/1.1 404 Not Found"
09:19:09 │ INFO    │ pipeline.enrichment.job_resolver │ Wayco: Tier 4 (manual_visit)
09:19:09 │ INFO    │ httpx │ HTTP Request: HEAD https://tryreplicas.com/jobs "HTTP/1.1 404 Not Found"
09:19:09 │ INFO    │ httpx │ HTTP Request: GET https://api.greenhouse.io/v1/boards/aurorin-cad/jobs "HTTP/1.1 404 Not Found"
09:19:09 │ INFO    │ httpx │ HTTP Request: HEAD https://tryreplicas.com/work-with-us "HTTP/1.1 404 Not Found"
09:19:09 │ INFO    │ pipeline.enrichment.job_resolver │ Replicas: Tier 4 (manual_visit)
09:19:09 │ INFO    │ httpx │ HTTP Request: GET https://api.greenhouse.io/v1/boards/mochacare/jobs "HTTP/1.1 404 Not Found"
09:19:09 │ INFO    │ httpx │ HTTP Request: HEAD https://bookoapp.com/careers "HTTP/1.1 307 Temporary Redirect"
09:19:09 │ INFO    │ httpx │ HTTP Request: HEAD https://general.legal "HTTP/1.1 200 OK"
09:19:09 │ INFO    │ httpx │ HTTP Request: GET https://api.greenhouse.io/v1/boards/dispatch/jobs "HTTP/1.1 200 OK"
09:19:09 │ INFO    │ pipeline.enrichment.job_resolver │ Dispatch: Tier 1 (greenhouse) → 3 jobs
09:19:09 │ INFO    │ httpx │ HTTP Request: GET https://api.greenhouse.io/v1/boards/voygr/jobs "HTTP/1.1 404 Not Found"
09:19:09 │ INFO    │ httpx │ HTTP Request: HEAD https://general.legal "HTTP/1.1 200 OK"
09:19:09 │ INFO    │ httpx │ HTTP Request: GET https://api.lever.co/v0/postings/primitive "HTTP/1.1 404 Not Found"
09:19:09 │ INFO    │ httpx │ HTTP Request: GET https://api.greenhouse.io/v1/boards/aurorincad/jobs "HTTP/1.1 404 Not Found"
09:19:09 │ INFO    │ httpx │ HTTP Request: HEAD https://general.legal/careers "HTTP/1.1 200 OK"
09:19:09 │ INFO    │ httpx │ HTTP Request: GET https://general.legal "HTTP/1.1 200 OK"
09:19:09 │ INFO    │ httpx │ HTTP Request: GET https://api.lever.co/v0/postings/trycardinal-ai "HTTP/1.1 404 Not Found"
09:19:09 │ INFO    │ httpx │ HTTP Request: HEAD https://fort.cx "HTTP/1.1 200 OK"
09:19:09 │ INFO    │ httpx │ HTTP Request: HEAD https://bookoapp.com/book/careers "HTTP/1.1 200 OK"
09:19:09 │ INFO    │ httpx │ HTTP Request: GET https://api.greenhouse.io/v1/boards/aurorin_cad/jobs "HTTP/1.1 404 Not Found"
09:19:09 │ INFO    │ httpx │ HTTP Request: HEAD https://fort.cx "HTTP/1.1 200 OK"
09:19:09 │ INFO    │ httpx │ HTTP Request: GET https://bookoapp.com "HTTP/1.1 200 OK"
09:19:10 │ INFO    │ httpx │ HTTP Request: HEAD https://getbalance.ai "HTTP/1.1 200 OK"
09:19:10 │ INFO    │ httpx │ HTTP Request: HEAD https://fort.cx/careers "HTTP/1.1 404 Not Found"
09:19:10 │ INFO    │ httpx │ HTTP Request: GET https://api.lever.co/v0/postings/trycardinalai "HTTP/1.1 404 Not Found"
09:19:10 │ INFO    │ httpx │ HTTP Request: HEAD https://primitive.dev "HTTP/1.1 308 Permanent Redirect"
09:19:10 │ INFO    │ httpx │ HTTP Request: GET https://api.greenhouse.io/v1/boards/general-legal/jobs "HTTP/1.1 404 Not Found"
09:19:10 │ INFO    │ httpx │ HTTP Request: HEAD https://fort.cx/jobs "HTTP/1.1 404 Not Found"
09:19:10 │ INFO    │ httpx │ HTTP Request: HEAD https://fort.cx/work-with-us "HTTP/1.1 404 Not Found"
09:19:10 │ INFO    │ httpx │ HTTP Request: HEAD https://getbalance.ai "HTTP/1.1 200 OK"
09:19:10 │ INFO    │ httpx │ HTTP Request: GET https://fort.cx "HTTP/1.1 200 OK"
09:19:10 │ INFO    │ httpx │ HTTP Request: HEAD https://getbalance.ai/careers "HTTP/1.1 404 Not Found"
09:19:10 │ INFO    │ httpx │ HTTP Request: HEAD https://tryvela.ai "HTTP/1.1 200 OK"
09:19:10 │ INFO    │ httpx │ HTTP Request: HEAD https://getbalance.ai/jobs "HTTP/1.1 404 Not Found"
09:19:10 │ INFO    │ httpx │ HTTP Request: GET https://api.greenhouse.io/v1/boards/booko/jobs "HTTP/1.1 404 Not Found"
09:19:10 │ INFO    │ httpx │ HTTP Request: HEAD https://getbalance.ai/work-with-us "HTTP/1.1 404 Not Found"
09:19:10 │ INFO    │ httpx │ HTTP Request: GET https://api.lever.co/v0/postings/trycardinal_ai "HTTP/1.1 404 Not Found"
09:19:10 │ INFO    │ httpx │ HTTP Request: GET https://api.greenhouse.io/v1/boards/generallegal/jobs "HTTP/1.1 404 Not Found"
09:19:10 │ INFO    │ httpx │ HTTP Request: GET https://getbalance.ai "HTTP/1.1 200 OK"
09:19:10 │ INFO    │ httpx │ HTTP Request: HEAD https://www.primitive.dev/ "HTTP/1.1 200 OK"
09:19:10 │ INFO    │ httpx │ HTTP Request: GET https://api.lever.co/v0/postings/mochacare "HTTP/1.1 404 Not Found"
09:19:10 │ INFO    │ httpx │ HTTP Request: HEAD https://trycardinal.com "HTTP/1.1 308 Permanent Redirect"
09:19:10 │ INFO    │ httpx │ HTTP Request: HEAD https://tryvela.ai "HTTP/1.1 200 OK"
09:19:10 │ INFO    │ httpx │ HTTP Request: HEAD https://primitive.dev/careers "HTTP/1.1 308 Permanent Redirect"
09:19:10 │ INFO    │ httpx │ HTTP Request: GET https://api.greenhouse.io/v1/boards/general_legal/jobs "HTTP/1.1 404 Not Found"
09:19:10 │ INFO    │ httpx │ HTTP Request: GET https://api.greenhouse.io/v1/boards/fort/jobs "HTTP/1.1 404 Not Found"
09:19:10 │ INFO    │ httpx │ HTTP Request: HEAD https://www.primitive.dev/careers "HTTP/1.1 404 Not Found"
09:19:10 │ INFO    │ httpx │ HTTP Request: GET https://api.lever.co/v0/postings/voygr "HTTP/1.1 404 Not Found"
09:19:10 │ INFO    │ httpx │ HTTP Request: HEAD https://www.mochacare.com/ "HTTP/1.1 200 OK"
09:19:10 │ INFO    │ httpx │ HTTP Request: HEAD https://www.trycardinal.com/ "HTTP/1.1 200 OK"
09:19:10 │ INFO    │ httpx │ HTTP Request: HEAD https://primitive.dev/jobs "HTTP/1.1 308 Permanent Redirect"
09:19:10 │ INFO    │ httpx │ HTTP Request: HEAD https://www.mochacare.com/careers "HTTP/1.1 404 Not Found"
09:19:10 │ INFO    │ httpx │ HTTP Request: HEAD https://trycardinal.com/careers "HTTP/1.1 308 Permanent Redirect"
09:19:11 │ INFO    │ httpx │ HTTP Request: HEAD https://www.primitive.dev/jobs "HTTP/1.1 404 Not Found"
09:19:11 │ INFO    │ httpx │ HTTP Request: GET https://api.greenhouse.io/v1/boards/getbalance/jobs "HTTP/1.1 404 Not Found"
09:19:11 │ INFO    │ httpx │ HTTP Request: HEAD https://www.trycardinal.com/careers "HTTP/1.1 404 Not Found"
09:19:11 │ INFO    │ httpx │ HTTP Request: HEAD https://www.mochacare.com/jobs "HTTP/1.1 404 Not Found"
09:19:11 │ INFO    │ httpx │ HTTP Request: HEAD https://primitive.dev/work-with-us "HTTP/1.1 308 Permanent Redirect"
09:19:11 │ INFO    │ httpx │ HTTP Request: HEAD https://trycardinal.com/jobs "HTTP/1.1 308 Permanent Redirect"
09:19:11 │ INFO    │ httpx │ HTTP Request: HEAD https://www.mochacare.com/work-with-us "HTTP/1.1 404 Not Found"
09:19:11 │ INFO    │ pipeline.enrichment.job_resolver │ MochaCare: Tier 4 (manual_visit)
09:19:11 │ INFO    │ httpx │ HTTP Request: HEAD https://voygr.tech "HTTP/1.1 200 OK"
09:19:11 │ INFO    │ httpx │ HTTP Request: HEAD https://www.trycardinal.com/jobs "HTTP/1.1 404 Not Found"
09:19:11 │ INFO    │ httpx │ HTTP Request: GET https://api.lever.co/v0/postings/aurorin-cad "HTTP/1.1 404 Not Found"
09:19:11 │ INFO    │ httpx │ HTTP Request: HEAD https://trycardinal.com/work-with-us "HTTP/1.1 308 Permanent Redirect"
09:19:11 │ INFO    │ httpx │ HTTP Request: HEAD https://www.primitive.dev/work-with-us "HTTP/1.1 404 Not Found"
09:19:11 │ INFO    │ pipeline.enrichment.job_resolver │ primitive: Tier 4 (manual_visit)
09:19:11 │ INFO    │ httpx │ HTTP Request: HEAD https://voygr.tech/careers "HTTP/1.1 308 Permanent Redirect"
09:19:11 │ INFO    │ httpx │ HTTP Request: HEAD https://www.trycardinal.com/work-with-us "HTTP/1.1 404 Not Found"
09:19:11 │ INFO    │ pipeline.enrichment.job_resolver │ Cardinal: Tier 4 (manual_visit)
09:19:11 │ INFO    │ httpx │ HTTP Request: GET https://api.lever.co/v0/postings/aurorincad "HTTP/1.1 404 Not Found"
09:19:11 │ INFO    │ httpx │ HTTP Request: GET https://api.lever.co/v0/postings/booko "HTTP/1.1 404 Not Found"
09:19:11 │ INFO    │ httpx │ HTTP Request: HEAD https://www.superset.sh/ "HTTP/1.1 307 Temporary Redirect"
09:19:11 │ INFO    │ httpx │ HTTP Request: HEAD https://polymathlabs.ai/ "HTTP/1.1 200 OK"
09:19:11 │ INFO    │ httpx │ HTTP Request: HEAD https://tryvela.ai/careers "HTTP/1.1 200 OK"
09:19:11 │ INFO    │ httpx │ HTTP Request: HEAD https://polymathlabs.ai/ "HTTP/1.1 200 OK"
09:19:11 │ INFO    │ httpx │ HTTP Request: HEAD https://polymathlabs.ai/careers "HTTP/1.1 200 OK"
09:19:11 │ INFO    │ httpx │ HTTP Request: HEAD https://www.ycombinator.com/companies/voygr "HTTP/1.1 200 OK"
09:19:11 │ INFO    │ httpx │ HTTP Request: GET https://polymathlabs.ai/ "HTTP/1.1 200 OK"
09:19:11 │ INFO    │ httpx │ HTTP Request: HEAD https://bookoapp.com "HTTP/1.1 200 OK"
09:19:11 │ INFO    │ httpx │ HTTP Request: HEAD https://chasi.ai/ "HTTP/1.1 200 OK"
09:19:11 │ INFO    │ httpx │ HTTP Request: GET https://api.lever.co/v0/postings/aurorin_cad "HTTP/1.1 404 Not Found"
09:19:11 │ INFO    │ httpx │ HTTP Request: GET https://api.lever.co/v0/postings/general-legal "HTTP/1.1 404 Not Found"
09:19:11 │ INFO    │ httpx │ HTTP Request: GET https://api.lever.co/v0/postings/fort "HTTP/1.1 404 Not Found"
09:19:12 │ INFO    │ httpx │ HTTP Request: GET https://tryvela.ai "HTTP/1.1 200 OK"
09:19:12 │ INFO    │ httpx │ HTTP Request: HEAD https://chasi.ai/ "HTTP/1.1 200 OK"
09:19:12 │ INFO    │ httpx │ HTTP Request: HEAD https://aurorincad.com "HTTP/1.1 307 Temporary Redirect"
09:19:12 │ INFO    │ httpx │ HTTP Request: HEAD https://fort.cx "HTTP/1.1 200 OK"
09:19:12 │ INFO    │ httpx │ HTTP Request: GET https://www.ycombinator.com/companies/voygr "HTTP/1.1 200 OK"
09:19:12 │ INFO    │ pipeline.enrichment.job_resolver │ VOYGR: Tier 2 (html_heuristic) → 3 jobs
09:19:12 │ INFO    │ httpx │ HTTP Request: HEAD https://fort.cx/careers "HTTP/1.1 404 Not Found"
09:19:12 │ INFO    │ httpx │ HTTP Request: GET https://api.lever.co/v0/postings/generallegal "HTTP/1.1 404 Not Found"
09:19:12 │ INFO    │ httpx │ HTTP Request: GET https://api.lever.co/v0/postings/getbalance "HTTP/1.1 404 Not Found"
09:19:12 │ INFO    │ httpx │ HTTP Request: HEAD https://bookoapp.com/careers "HTTP/1.1 307 Temporary Redirect"
09:19:12 │ INFO    │ httpx │ HTTP Request: GET https://api.greenhouse.io/v1/boards/polymath/jobs "HTTP/1.1 404 Not Found"
09:19:12 │ INFO    │ httpx │ HTTP Request: HEAD https://fort.cx/jobs "HTTP/1.1 404 Not Found"
09:19:12 │ INFO    │ httpx │ HTTP Request: HEAD https://www.aurorincad.com/ "HTTP/1.1 200 OK"
09:19:12 │ INFO    │ httpx │ HTTP Request: HEAD https://superset.sh/ "HTTP/1.1 200 OK"
09:19:12 │ INFO    │ httpx │ HTTP Request: HEAD https://fort.cx/work-with-us "HTTP/1.1 404 Not Found"
09:19:12 │ INFO    │ pipeline.enrichment.job_resolver │ Fort: Tier 4 (manual_visit)
09:19:12 │ INFO    │ httpx │ HTTP Request: GET https://api.greenhouse.io/v1/boards/vela/jobs "HTTP/1.1 404 Not Found"
09:19:12 │ INFO    │ httpx │ HTTP Request: HEAD https://aurorincad.com/careers "HTTP/1.1 307 Temporary Redirect"
09:19:12 │ INFO    │ httpx │ HTTP Request: HEAD https://www.superset.sh/ "HTTP/1.1 307 Temporary Redirect"
09:19:12 │ INFO    │ httpx │ HTTP Request: HEAD https://chasi.ai/careers "HTTP/1.1 200 OK"
09:19:12 │ INFO    │ httpx │ HTTP Request: HEAD https://getbalance.ai "HTTP/1.1 200 OK"
09:19:12 │ INFO    │ httpx │ HTTP Request: GET https://api.lever.co/v0/postings/general_legal "HTTP/1.1 404 Not Found"
09:19:12 │ INFO    │ httpx │ HTTP Request: HEAD https://bookoapp.com/book/careers "HTTP/1.1 200 OK"
09:19:12 │ INFO    │ httpx │ HTTP Request: GET https://chasi.ai/ "HTTP/1.1 200 OK"
09:19:12 │ INFO    │ httpx │ HTTP Request: HEAD https://getbalance.ai/careers "HTTP/1.1 404 Not Found"
09:19:12 │ INFO    │ httpx │ HTTP Request: HEAD https://getbalance.ai/jobs "HTTP/1.1 404 Not Found"
09:19:12 │ INFO    │ httpx │ HTTP Request: HEAD https://getbalance.ai/work-with-us "HTTP/1.1 404 Not Found"
09:19:12 │ INFO    │ httpx │ HTTP Request: HEAD https://general.legal "HTTP/1.1 200 OK"
09:19:12 │ INFO    │ httpx │ HTTP Request: HEAD https://samora.ai/ "HTTP/1.1 200 OK"
09:19:12 │ INFO    │ pipeline.enrichment.job_resolver │ Balance: Tier 4 (manual_visit)
09:19:12 │ INFO    │ httpx │ HTTP Request: HEAD https://superset.sh/ "HTTP/1.1 200 OK"
09:19:12 │ INFO    │ httpx │ HTTP Request: GET https://bookoapp.com/book/careers "HTTP/1.1 200 OK"
09:19:12 │ INFO    │ httpx │ HTTP Request: HEAD https://general.legal/careers "HTTP/1.1 200 OK"
09:19:12 │ INFO    │ httpx │ HTTP Request: HEAD https://samora.ai/ "HTTP/1.1 200 OK"
09:19:12 │ INFO    │ pipeline.enrichment.job_resolver │ Booko: Tier 4 (manual_visit)
09:19:12 │ INFO    │ httpx │ HTTP Request: HEAD https://www.superset.sh/careers "HTTP/1.1 307 Temporary Redirect"
09:19:12 │ INFO    │ httpx │ HTTP Request: GET https://general.legal/careers "HTTP/1.1 200 OK"
09:19:13 │ INFO    │ pipeline.enrichment.job_resolver │ General Legal: Tier 4 (manual_visit)
09:19:13 │ INFO    │ httpx │ HTTP Request: HEAD https://www.aurorincad.com/careers "HTTP/1.1 200 OK"
09:19:13 │ INFO    │ httpx │ HTTP Request: HEAD https://samora.ai/careers "HTTP/1.1 200 OK"
09:19:13 │ INFO    │ httpx │ HTTP Request: HEAD https://heypocket.com/now "HTTP/1.1 301 Moved Permanently"
09:19:13 │ INFO    │ httpx │ HTTP Request: GET https://www.aurorincad.com/careers "HTTP/1.1 200 OK"
09:19:13 │ INFO    │ pipeline.enrichment.job_resolver │ Aurorin CAD: Tier 4 (manual_visit)
09:19:13 │ INFO    │ httpx │ HTTP Request: GET https://samora.ai/ "HTTP/1.1 200 OK"
09:19:13 │ INFO    │ httpx │ HTTP Request: HEAD https://www.humanarchive.ai/ "HTTP/1.1 200 OK"
09:19:13 │ INFO    │ httpx │ HTTP Request: HEAD https://superset.sh/careers "HTTP/1.1 404 Not Found"
09:19:13 │ INFO    │ httpx │ HTTP Request: GET https://api.greenhouse.io/v1/boards/chasi/jobs "HTTP/1.1 404 Not Found"
09:19:13 │ INFO    │ httpx │ HTTP Request: HEAD https://www.superset.sh/jobs "HTTP/1.1 307 Temporary Redirect"
09:19:13 │ INFO    │ httpx │ HTTP Request: HEAD https://www.humanarchive.ai/ "HTTP/1.1 200 OK"
09:19:13 │ INFO    │ httpx │ HTTP Request: HEAD https://sitefire.ai "HTTP/1.1 200 OK"
09:19:13 │ INFO    │ httpx │ HTTP Request: HEAD https://heypocket.com/pages/now "HTTP/1.1 200 OK"
09:19:13 │ INFO    │ httpx │ HTTP Request: HEAD https://www.humanarchive.ai/careers "HTTP/1.1 404 Not Found"
09:19:13 │ INFO    │ httpx │ HTTP Request: HEAD https://sitefire.ai "HTTP/1.1 200 OK"
09:19:13 │ INFO    │ httpx │ HTTP Request: GET https://api.lever.co/v0/postings/polymath "HTTP/1.1 404 Not Found"
09:19:13 │ INFO    │ httpx │ HTTP Request: HEAD https://www.humanarchive.ai/jobs "HTTP/1.1 404 Not Found"
09:19:13 │ INFO    │ httpx │ HTTP Request: HEAD https://sitefire.ai/careers "HTTP/1.1 404 Not Found"
09:19:13 │ INFO    │ httpx │ HTTP Request: HEAD https://www.humanarchive.ai/work-with-us "HTTP/1.1 404 Not Found"
09:19:13 │ INFO    │ httpx │ HTTP Request: HEAD https://heypocket.com/now "HTTP/1.1 301 Moved Permanently"
09:19:13 │ INFO    │ httpx │ HTTP Request: GET https://api.greenhouse.io/v1/boards/samora-ai/jobs "HTTP/1.1 404 Not Found"
09:19:13 │ INFO    │ httpx │ HTTP Request: HEAD https://sitefire.ai/jobs "HTTP/1.1 404 Not Found"
09:19:13 │ INFO    │ httpx │ HTTP Request: GET https://www.humanarchive.ai/ "HTTP/1.1 200 OK"
09:19:13 │ INFO    │ httpx │ HTTP Request: HEAD https://sitefire.ai/work-with-us "HTTP/1.1 404 Not Found"
09:19:13 │ INFO    │ httpx │ HTTP Request: HEAD https://polymathlabs.ai/ "HTTP/1.1 200 OK"
09:19:13 │ INFO    │ httpx │ HTTP Request: GET https://api.lever.co/v0/postings/vela "HTTP/1.1 404 Not Found"
09:19:13 │ INFO    │ httpx │ HTTP Request: GET https://sitefire.ai "HTTP/1.1 200 OK"
09:19:13 │ INFO    │ httpx │ HTTP Request: HEAD https://heypocket.com/pages/now "HTTP/1.1 200 OK"
09:19:13 │ INFO    │ httpx │ HTTP Request: HEAD https://superset.sh/jobs "HTTP/1.1 404 Not Found"
09:19:13 │ INFO    │ httpx │ HTTP Request: HEAD https://polymathlabs.ai/careers "HTTP/1.1 200 OK"
09:19:13 │ INFO    │ httpx │ HTTP Request: HEAD https://www.superset.sh/work-with-us "HTTP/1.1 307 Temporary Redirect"
09:19:13 │ INFO    │ httpx │ HTTP Request: GET https://api.greenhouse.io/v1/boards/samoraai/jobs "HTTP/1.1 404 Not Found"
09:19:14 │ INFO    │ httpx │ HTTP Request: GET https://polymathlabs.ai/careers "HTTP/1.1 200 OK"
09:19:14 │ INFO    │ pipeline.enrichment.job_resolver │ Polymath: Tier 4 (manual_visit)
09:19:14 │ INFO    │ httpx │ HTTP Request: HEAD https://9mothers.com "HTTP/1.1 200 OK"
09:19:14 │ INFO    │ httpx │ HTTP Request: HEAD https://9mothers.com "HTTP/1.1 200 OK"
09:19:14 │ INFO    │ httpx │ HTTP Request: HEAD https://heypocket.com/now/careers "HTTP/1.1 404 Not Found"
09:19:14 │ INFO    │ httpx │ HTTP Request: GET https://api.greenhouse.io/v1/boards/samora_ai/jobs "HTTP/1.1 404 Not Found"
09:19:14 │ INFO    │ httpx │ HTTP Request: HEAD https://superset.sh/work-with-us "HTTP/1.1 404 Not Found"
09:19:14 │ INFO    │ httpx │ HTTP Request: HEAD https://9mothers.com/careers "HTTP/1.1 200 OK"
09:19:14 │ INFO    │ httpx │ HTTP Request: GET https://www.superset.sh/ "HTTP/1.1 307 Temporary Redirect"
09:19:14 │ INFO    │ httpx │ HTTP Request: GET https://9mothers.com "HTTP/1.1 200 OK"
09:19:14 │ INFO    │ httpx │ HTTP Request: GET https://api.greenhouse.io/v1/boards/sitefire/jobs "HTTP/1.1 404 Not Found"
09:19:14 │ INFO    │ httpx │ HTTP Request: HEAD https://heypocket.com/now/jobs "HTTP/1.1 404 Not Found"
09:19:14 │ INFO    │ httpx │ HTTP Request: GET https://api.ashbyhq.com/posting-api/job-board/humanarchive "HTTP/1.1 200 OK"
09:19:14 │ INFO    │ pipeline.enrichment.job_resolver │ Human Archive: Tier 1 (ashby) → 10 jobs
09:19:14 │ INFO    │ httpx │ HTTP Request: HEAD https://heypocket.com/now/work-with-us "HTTP/1.1 404 Not Found"
09:19:14 │ INFO    │ httpx │ HTTP Request: GET https://api.lever.co/v0/postings/chasi "HTTP/1.1 404 Not Found"
09:19:14 │ INFO    │ httpx │ HTTP Request: GET https://superset.sh/ "HTTP/1.1 200 OK"
09:19:14 │ INFO    │ httpx │ HTTP Request: HEAD https://revion.inc "HTTP/1.1 200 OK"
09:19:14 │ INFO    │ httpx │ HTTP Request: GET https://heypocket.com/now "HTTP/1.1 301 Moved Permanently"
09:19:14 │ INFO    │ httpx │ HTTP Request: HEAD https://maywoodai.com/ "HTTP/1.1 301 Moved Permanently"
09:19:14 │ INFO    │ httpx │ HTTP Request: GET https://heypocket.com/pages/now "HTTP/1.1 200 OK"
09:19:14 │ INFO    │ httpx │ HTTP Request: HEAD https://fenrock.ai/ "HTTP/1.1 307 Temporary Redirect"
09:19:15 │ INFO    │ httpx │ HTTP Request: HEAD https://tryvela.ai "HTTP/1.1 200 OK"
09:19:15 │ INFO    │ httpx │ HTTP Request: GET https://api.ashbyhq.com/posting-api/job-board/9-mothers "HTTP/1.1 200 OK"
09:19:15 │ INFO    │ httpx │ HTTP Request: HEAD https://revion.inc "HTTP/1.1 200 OK"
09:19:15 │ INFO    │ pipeline.enrichment.job_resolver │ 9 Mothers: Tier 1 (ashby) → 13 jobs
09:19:15 │ INFO    │ httpx │ HTTP Request: HEAD https://chasi.ai/ "HTTP/1.1 200 OK"
09:19:15 │ INFO    │ httpx │ HTTP Request: HEAD https://www.fenrock.ai/ "HTTP/1.1 200 OK"
09:19:15 │ INFO    │ httpx │ HTTP Request: HEAD https://fenrock.ai/ "HTTP/1.1 307 Temporary Redirect"
09:19:15 │ INFO    │ httpx │ HTTP Request: GET https://api.lever.co/v0/postings/samora-ai "HTTP/1.1 404 Not Found"
09:19:15 │ INFO    │ httpx │ HTTP Request: HEAD https://www.fenrock.ai/ "HTTP/1.1 200 OK"
09:19:15 │ INFO    │ httpx │ HTTP Request: HEAD https://chasi.ai/careers "HTTP/1.1 200 OK"
09:19:15 │ INFO    │ httpx │ HTTP Request: GET https://api.greenhouse.io/v1/boards/pocket/jobs "HTTP/1.1 404 Not Found"
09:19:15 │ INFO    │ httpx │ HTTP Request: GET https://api.greenhouse.io/v1/boards/superset/jobs "HTTP/1.1 200 OK"
09:19:15 │ INFO    │ httpx │ HTTP Request: GET https://api.lever.co/v0/postings/sitefire "HTTP/1.1 404 Not Found"
09:19:15 │ INFO    │ pipeline.enrichment.job_resolver │ Superset: Tier 1 (greenhouse) → 5 jobs
09:19:15 │ INFO    │ httpx │ HTTP Request: HEAD https://www.maywoodai.com/ "HTTP/1.1 404 Not Found"
09:19:15 │ INFO    │ httpx │ HTTP Request: HEAD https://fenrock.ai/careers "HTTP/1.1 307 Temporary Redirect"
09:19:15 │ INFO    │ httpx │ HTTP Request: HEAD https://www.seeing-systems.com "HTTP/1.1 403 Forbidden"
09:19:15 │ INFO    │ httpx │ HTTP Request: HEAD https://www.fenrock.ai/careers "HTTP/1.1 404 Not Found"
09:19:15 │ INFO    │ httpx │ HTTP Request: GET https://chasi.ai/careers "HTTP/1.1 200 OK"
09:19:15 │ INFO    │ httpx │ HTTP Request: HEAD https://tryvela.ai/careers "HTTP/1.1 200 OK"
09:19:15 │ INFO    │ pipeline.enrichment.job_resolver │ Chasi: Tier 2 (html_heuristic) → 1 jobs
09:19:15 │ INFO    │ httpx │ HTTP Request: HEAD https://maywoodai.com/ "HTTP/1.1 301 Moved Permanently"
09:19:15 │ INFO    │ httpx │ HTTP Request: HEAD https://fenrock.ai/jobs "HTTP/1.1 307 Temporary Redirect"
09:19:15 │ INFO    │ httpx │ HTTP Request: HEAD https://sitefire.ai "HTTP/1.1 200 OK"
09:19:15 │ INFO    │ httpx │ HTTP Request: HEAD https://www.seeing-systems.com "HTTP/1.1 403 Forbidden"
09:19:15 │ INFO    │ httpx │ HTTP Request: HEAD https://sitefire.ai/careers "HTTP/1.1 404 Not Found"
09:19:15 │ INFO    │ httpx │ HTTP Request: GET https://api.lever.co/v0/postings/samoraai "HTTP/1.1 404 Not Found"
09:19:15 │ INFO    │ httpx │ HTTP Request: HEAD https://www.fenrock.ai/jobs "HTTP/1.1 404 Not Found"
09:19:15 │ INFO    │ httpx │ HTTP Request: HEAD https://sitefire.ai/jobs "HTTP/1.1 404 Not Found"
09:19:16 │ INFO    │ httpx │ HTTP Request: HEAD https://fenrock.ai/work-with-us "HTTP/1.1 307 Temporary Redirect"
09:19:16 │ INFO    │ httpx │ HTTP Request: HEAD https://www.maywoodai.com/ "HTTP/1.1 404 Not Found"
09:19:16 │ INFO    │ httpx │ HTTP Request: GET https://www.seeing-systems.com "HTTP/1.1 403 Forbidden"
09:19:16 │ INFO    │ httpx │ HTTP Request: HEAD https://sitefire.ai/work-with-us "HTTP/1.1 404 Not Found"
09:19:16 │ INFO    │ pipeline.enrichment.job_resolver │ Sitefire: Tier 4 (manual_visit)
09:19:16 │ INFO    │ httpx │ HTTP Request: HEAD https://revion.inc/careers "HTTP/1.1 200 OK"
09:19:16 │ INFO    │ httpx │ HTTP Request: HEAD https://www.fenrock.ai/work-with-us "HTTP/1.1 404 Not Found"
09:19:16 │ INFO    │ httpx │ HTTP Request: GET https://fenrock.ai/ "HTTP/1.1 307 Temporary Redirect"
09:19:16 │ INFO    │ httpx │ HTTP Request: GET https://revion.inc "HTTP/1.1 200 OK"
09:19:16 │ INFO    │ httpx │ HTTP Request: HEAD https://maywoodai.com/careers "HTTP/1.1 301 Moved Permanently"
09:19:16 │ INFO    │ httpx │ HTTP Request: GET https://www.fenrock.ai/ "HTTP/1.1 200 OK"
09:19:16 │ INFO    │ httpx │ HTTP Request: HEAD https://usecardboard.com "HTTP/1.1 307 Temporary Redirect"
09:19:16 │ INFO    │ httpx │ HTTP Request: GET https://api.lever.co/v0/postings/samora_ai "HTTP/1.1 404 Not Found"
09:19:16 │ INFO    │ httpx │ HTTP Request: HEAD https://jinba.io "HTTP/1.1 200 OK"
09:19:16 │ INFO    │ httpx │ HTTP Request: HEAD https://www.maywoodai.com/careers "HTTP/1.1 404 Not Found"
09:19:16 │ INFO    │ httpx │ HTTP Request: GET https://api.greenhouse.io/v1/boards/seeing-systems/jobs "HTTP/1.1 404 Not Found"
09:19:16 │ INFO    │ httpx │ HTTP Request: HEAD https://samora.ai/ "HTTP/1.1 200 OK"
09:19:16 │ INFO    │ httpx │ HTTP Request: HEAD https://samora.ai/careers "HTTP/1.1 200 OK"
09:19:16 │ INFO    │ httpx │ HTTP Request: GET https://api.greenhouse.io/v1/boards/revion/jobs "HTTP/1.1 404 Not Found"
09:19:16 │ INFO    │ httpx │ HTTP Request: HEAD https://jinba.io "HTTP/1.1 200 OK"
09:19:16 │ INFO    │ httpx │ HTTP Request: HEAD https://maywoodai.com/jobs "HTTP/1.1 301 Moved Permanently"
09:19:16 │ INFO    │ httpx │ HTTP Request: HEAD https://www.usecardboard.com/ "HTTP/1.1 200 OK"
09:19:16 │ INFO    │ httpx │ HTTP Request: GET https://api.greenhouse.io/v1/boards/fenrock-ai/jobs "HTTP/1.1 404 Not Found"
09:19:16 │ INFO    │ httpx │ HTTP Request: GET https://samora.ai/careers "HTTP/1.1 200 OK"
09:19:16 │ INFO    │ httpx │ HTTP Request: GET https://api.greenhouse.io/v1/boards/seeingsystems/jobs "HTTP/1.1 404 Not Found"
09:19:16 │ INFO    │ httpx │ HTTP Request: HEAD https://usecardboard.com "HTTP/1.1 307 Temporary Redirect"
09:19:16 │ INFO    │ httpx │ HTTP Request: GET https://tryvela.ai/careers "HTTP/1.1 200 OK"
09:19:16 │ INFO    │ pipeline.enrichment.job_resolver │ Vela: Tier 4 (manual_visit)
09:19:16 │ INFO    │ httpx │ HTTP Request: HEAD https://www.maywoodai.com/jobs "HTTP/1.1 404 Not Found"
09:19:16 │ INFO    │ httpx │ HTTP Request: HEAD https://www.usecardboard.com/ "HTTP/1.1 200 OK"
09:19:16 │ INFO    │ pipeline.enrichment.job_resolver │ Samora AI: Tier 4 (manual_visit)
09:19:16 │ INFO    │ httpx │ HTTP Request: GET https://api.greenhouse.io/v1/boards/fenrockai/jobs "HTTP/1.1 404 Not Found"
09:19:16 │ INFO    │ httpx │ HTTP Request: HEAD https://usecardboard.com/careers "HTTP/1.1 307 Temporary Redirect"
09:19:16 │ INFO    │ httpx │ HTTP Request: GET https://api.lever.co/v0/postings/pocket "HTTP/1.1 404 Not Found"
09:19:17 │ INFO    │ httpx │ HTTP Request: HEAD https://maywoodai.com/work-with-us "HTTP/1.1 301 Moved Permanently"
09:19:17 │ INFO    │ httpx │ HTTP Request: GET https://api.greenhouse.io/v1/boards/seeing_systems/jobs "HTTP/1.1 404 Not Found"
09:19:17 │ INFO    │ httpx │ HTTP Request: HEAD https://www.usecardboard.com/careers "HTTP/1.1 200 OK"
09:19:17 │ INFO    │ httpx │ HTTP Request: HEAD https://www.maywoodai.com/work-with-us "HTTP/1.1 404 Not Found"
09:19:17 │ INFO    │ httpx │ HTTP Request: GET https://usecardboard.com "HTTP/1.1 307 Temporary Redirect"
09:19:17 │ INFO    │ httpx │ HTTP Request: GET https://api.greenhouse.io/v1/boards/fenrock_ai/jobs "HTTP/1.1 404 Not Found"
09:19:17 │ INFO    │ httpx │ HTTP Request: GET https://www.usecardboard.com/ "HTTP/1.1 200 OK"
09:19:17 │ INFO    │ httpx │ HTTP Request: GET https://maywoodai.com/ "HTTP/1.1 301 Moved Permanently"
09:19:17 │ INFO    │ httpx │ HTTP Request: HEAD https://rhizomeai.com/ "HTTP/1.1 200 OK"
09:19:17 │ INFO    │ httpx │ HTTP Request: HEAD https://www.paxhistoria.co "HTTP/1.1 200 OK"
09:19:17 │ INFO    │ httpx │ HTTP Request: GET https://www.maywoodai.com/ "HTTP/1.1 404 Not Found"
09:19:17 │ INFO    │ httpx │ HTTP Request: HEAD https://heypocket.com/now "HTTP/1.1 301 Moved Permanently"
09:19:17 │ INFO    │ httpx │ HTTP Request: HEAD https://rhizomeai.com/ "HTTP/1.1 200 OK"
09:19:17 │ INFO    │ httpx │ HTTP Request: HEAD https://www.paxhistoria.co "HTTP/1.1 200 OK"
09:19:17 │ INFO    │ httpx │ HTTP Request: HEAD https://parameter.ai?utm_source=ycombinator&utm_medium=referral&utm_campaign=parameter-profile "HTTP/1.1 307 Temporary Redirect"
09:19:17 │ INFO    │ httpx │ HTTP Request: HEAD https://jinba.io/careers "HTTP/1.1 200 OK"
09:19:17 │ INFO    │ httpx │ HTTP Request: GET https://api.greenhouse.io/v1/boards/cardboard/jobs "HTTP/1.1 404 Not Found"
09:19:17 │ INFO    │ httpx │ HTTP Request: HEAD https://heypocket.com/pages/now "HTTP/1.1 200 OK"
09:19:17 │ INFO    │ httpx │ HTTP Request: GET https://api.lever.co/v0/postings/revion "HTTP/1.1 404 Not Found"
09:19:17 │ INFO    │ httpx │ HTTP Request: GET https://api.greenhouse.io/v1/boards/maywood/jobs "HTTP/1.1 404 Not Found"
09:19:18 │ INFO    │ httpx │ HTTP Request: HEAD https://rhizomeai.com/careers "HTTP/1.1 307 Temporary Redirect"
09:19:18 │ INFO    │ httpx │ HTTP Request: HEAD https://www.paxhistoria.co/careers "HTTP/1.1 404 Not Found"
09:19:18 │ INFO    │ httpx │ HTTP Request: HEAD https://heypocket.com/now/careers "HTTP/1.1 404 Not Found"
09:19:18 │ INFO    │ httpx │ HTTP Request: HEAD https://www.parameter.ai/?utm_source=ycombinator&utm_medium=referral&utm_campaign=parameter-profile "HTTP/1.1 200 OK"
09:19:18 │ INFO    │ httpx │ HTTP Request: GET https://jinba.io "HTTP/1.1 200 OK"
09:19:18 │ INFO    │ httpx │ HTTP Request: HEAD https://revion.inc "HTTP/1.1 200 OK"
09:19:18 │ INFO    │ httpx │ HTTP Request: HEAD https://parameter.ai?utm_source=ycombinator&utm_medium=referral&utm_campaign=parameter-profile "HTTP/1.1 307 Temporary Redirect"
09:19:18 │ INFO    │ httpx │ HTTP Request: GET https://api.lever.co/v0/postings/seeing-systems "HTTP/1.1 404 Not Found"
09:19:18 │ INFO    │ httpx │ HTTP Request: HEAD https://revion.inc/careers "HTTP/1.1 200 OK"
09:19:18 │ INFO    │ httpx │ HTTP Request: HEAD https://rhizomeai.com/sign-up?redirect_url=https%3A%2F%2Frhizomeai.com%2Fcareers "HTTP/1.1 200 OK"
09:19:18 │ INFO    │ httpx │ HTTP Request: HEAD https://heypocket.com/now/jobs "HTTP/1.1 404 Not Found"
09:19:18 │ INFO    │ httpx │ HTTP Request: HEAD https://www.parameter.ai/?utm_source=ycombinator&utm_medium=referral&utm_campaign=parameter-profile "HTTP/1.1 200 OK"
09:19:18 │ INFO    │ httpx │ HTTP Request: GET https://revion.inc/careers "HTTP/1.1 200 OK"
09:19:18 │ INFO    │ httpx │ HTTP Request: HEAD https://www.paxhistoria.co/jobs "HTTP/1.1 404 Not Found"
09:19:18 │ INFO    │ httpx │ HTTP Request: HEAD https://parameter.ai?utm_source=ycombinator&utm_medium=referral&utm_campaign=parameter-profile/careers "HTTP/1.1 307 Temporary Redirect"
09:19:18 │ INFO    │ pipeline.enrichment.job_resolver │ Revion: Tier 4 (manual_visit)
09:19:18 │ INFO    │ httpx │ HTTP Request: HEAD https://heypocket.com/now/work-with-us "HTTP/1.1 404 Not Found"
09:19:18 │ INFO    │ pipeline.enrichment.job_resolver │ Pocket: Tier 4 (manual_visit)
09:19:18 │ INFO    │ httpx │ HTTP Request: GET https://api.lever.co/v0/postings/fenrock-ai "HTTP/1.1 404 Not Found"
09:19:18 │ INFO    │ httpx │ HTTP Request: HEAD https://www.parameter.ai/?utm_source=ycombinator&utm_medium=referral&utm_campaign=parameter-profile/careers "HTTP/1.1 200 OK"
09:19:18 │ INFO    │ httpx │ HTTP Request: GET https://rhizomeai.com/ "HTTP/1.1 200 OK"
09:19:18 │ INFO    │ httpx │ HTTP Request: GET https://api.lever.co/v0/postings/seeingsystems "HTTP/1.1 404 Not Found"
09:19:18 │ INFO    │ httpx │ HTTP Request: GET https://parameter.ai?utm_source=ycombinator&utm_medium=referral&utm_campaign=parameter-profile "HTTP/1.1 307 Temporary Redirect"
09:19:18 │ INFO    │ httpx │ HTTP Request: GET https://www.parameter.ai/?utm_source=ycombinator&utm_medium=referral&utm_campaign=parameter-profile "HTTP/1.1 200 OK"
09:19:18 │ INFO    │ httpx │ HTTP Request: HEAD https://www.paxhistoria.co/work-with-us "HTTP/1.1 404 Not Found"
09:19:18 │ INFO    │ httpx │ HTTP Request: GET https://api.lever.co/v0/postings/fenrockai "HTTP/1.1 404 Not Found"
09:19:18 │ INFO    │ httpx │ HTTP Request: GET https://api.lever.co/v0/postings/seeing_systems "HTTP/1.1 404 Not Found"
09:19:19 │ INFO    │ httpx │ HTTP Request: GET https://api.greenhouse.io/v1/boards/jinba/jobs "HTTP/1.1 404 Not Found"
09:19:19 │ INFO    │ httpx │ HTTP Request: GET https://www.paxhistoria.co "HTTP/1.1 200 OK"
09:19:19 │ INFO    │ httpx │ HTTP Request: GET https://api.lever.co/v0/postings/cardboard "HTTP/1.1 404 Not Found"
09:19:19 │ INFO    │ httpx │ HTTP Request: HEAD https://proximitty.ai "HTTP/1.1 307 Temporary Redirect"
09:19:19 │ INFO    │ httpx │ HTTP Request: HEAD https://www.seeing-systems.com "HTTP/1.1 403 Forbidden"
09:19:19 │ INFO    │ pipeline.enrichment.job_resolver │ Seeing Systems: Tier 4 (manual_visit)
09:19:19 │ INFO    │ httpx │ HTTP Request: HEAD https://stilta.com "HTTP/1.1 200 OK"
09:19:19 │ INFO    │ httpx │ HTTP Request: GET https://api.lever.co/v0/postings/maywood "HTTP/1.1 404 Not Found"
09:19:19 │ INFO    │ httpx │ HTTP Request: HEAD https://stilta.com "HTTP/1.1 200 OK"
09:19:19 │ INFO    │ httpx │ HTTP Request: GET https://api.lever.co/v0/postings/fenrock_ai "HTTP/1.1 404 Not Found"
09:19:19 │ INFO    │ httpx │ HTTP Request: HEAD https://usecardboard.com "HTTP/1.1 307 Temporary Redirect"
09:19:19 │ INFO    │ httpx │ HTTP Request: HEAD https://stilta.com/careers "HTTP/1.1 200 OK"
09:19:19 │ INFO    │ httpx │ HTTP Request: GET https://api.greenhouse.io/v1/boards/rhizome-ai/jobs "HTTP/1.1 404 Not Found"
09:19:19 │ INFO    │ httpx │ HTTP Request: GET https://api.greenhouse.io/v1/boards/parameter-fka-hex-security/jobs "HTTP/1.1 404 Not Found"
09:19:19 │ INFO    │ httpx │ HTTP Request: GET https://stilta.com "HTTP/1.1 200 OK"
09:19:19 │ INFO    │ httpx │ HTTP Request: HEAD https://www.proximitty.ai/ "HTTP/1.1 200 OK"
09:19:19 │ INFO    │ httpx │ HTTP Request: HEAD https://proximitty.ai "HTTP/1.1 307 Temporary Redirect"
09:19:19 │ INFO    │ httpx │ HTTP Request: HEAD https://fenrock.ai/ "HTTP/1.1 307 Temporary Redirect"
09:19:19 │ INFO    │ httpx │ HTTP Request: HEAD https://www.proximitty.ai/ "HTTP/1.1 200 OK"
09:19:19 │ INFO    │ httpx │ HTTP Request: HEAD https://www.usecardboard.com/ "HTTP/1.1 200 OK"
09:19:19 │ INFO    │ httpx │ HTTP Request: GET https://api.greenhouse.io/v1/boards/pax-historia/jobs "HTTP/1.1 404 Not Found"
09:19:19 │ INFO    │ httpx │ HTTP Request: GET https://api.greenhouse.io/v1/boards/rhizomeai/jobs "HTTP/1.1 404 Not Found"
09:19:19 │ INFO    │ httpx │ HTTP Request: GET https://api.greenhouse.io/v1/boards/parameterfkahexsecurity/jobs "HTTP/1.1 404 Not Found"
09:19:19 │ INFO    │ httpx │ HTTP Request: HEAD https://usecardboard.com/careers "HTTP/1.1 307 Temporary Redirect"
09:19:19 │ INFO    │ httpx │ HTTP Request: HEAD https://proximitty.ai/careers "HTTP/1.1 307 Temporary Redirect"
09:19:19 │ INFO    │ httpx │ HTTP Request: HEAD https://www.proximitty.ai/careers "HTTP/1.1 404 Not Found"
09:19:19 │ INFO    │ httpx │ HTTP Request: HEAD https://maywoodai.com/ "HTTP/1.1 301 Moved Permanently"
09:19:19 │ INFO    │ httpx │ HTTP Request: HEAD https://www.usecardboard.com/careers "HTTP/1.1 200 OK"
09:19:19 │ INFO    │ httpx │ HTTP Request: HEAD https://proximitty.ai/jobs "HTTP/1.1 307 Temporary Redirect"
09:19:19 │ INFO    │ httpx │ HTTP Request: HEAD https://www.fenrock.ai/ "HTTP/1.1 200 OK"
09:19:20 │ INFO    │ httpx │ HTTP Request: HEAD https://www.proximitty.ai/jobs "HTTP/1.1 404 Not Found"
09:19:20 │ INFO    │ httpx │ HTTP Request: GET https://www.usecardboard.com/careers "HTTP/1.1 200 OK"
09:19:20 │ INFO    │ httpx │ HTTP Request: GET https://api.greenhouse.io/v1/boards/paxhistoria/jobs "HTTP/1.1 404 Not Found"
09:19:20 │ INFO    │ httpx │ HTTP Request: GET https://api.greenhouse.io/v1/boards/parameter_fka_hex_security/jobs "HTTP/1.1 404 Not Found"
09:19:20 │ INFO    │ httpx │ HTTP Request: GET https://api.greenhouse.io/v1/boards/rhizome_ai/jobs "HTTP/1.1 404 Not Found"
09:19:20 │ INFO    │ httpx │ HTTP Request: HEAD https://fenrock.ai/careers "HTTP/1.1 307 Temporary Redirect"
09:19:20 │ INFO    │ pipeline.enrichment.job_resolver │ Cardboard: Tier 4 (manual_visit)
09:19:20 │ INFO    │ httpx │ HTTP Request: GET https://api.greenhouse.io/v1/boards/stilta/jobs "HTTP/1.1 404 Not Found"
09:19:20 │ INFO    │ httpx │ HTTP Request: HEAD https://proximitty.ai/work-with-us "HTTP/1.1 307 Temporary Redirect"
09:19:20 │ INFO    │ httpx │ HTTP Request: HEAD https://www.fenrock.ai/careers "HTTP/1.1 404 Not Found"
09:19:20 │ INFO    │ httpx │ HTTP Request: HEAD https://www.proximitty.ai/work-with-us "HTTP/1.1 404 Not Found"
09:19:20 │ INFO    │ httpx │ HTTP Request: HEAD https://fenrock.ai/jobs "HTTP/1.1 307 Temporary Redirect"
09:19:20 │ INFO    │ httpx │ HTTP Request: GET https://proximitty.ai "HTTP/1.1 307 Temporary Redirect"
09:19:20 │ INFO    │ httpx │ HTTP Request: HEAD https://www.fenrock.ai/jobs "HTTP/1.1 404 Not Found"
09:19:20 │ INFO    │ httpx │ HTTP Request: GET https://www.proximitty.ai/ "HTTP/1.1 200 OK"
09:19:20 │ INFO    │ httpx │ HTTP Request: HEAD https://fenrock.ai/work-with-us "HTTP/1.1 307 Temporary Redirect"
09:19:20 │ INFO    │ httpx │ HTTP Request: GET https://api.greenhouse.io/v1/boards/pax_historia/jobs "HTTP/1.1 404 Not Found"
09:19:20 │ INFO    │ httpx │ HTTP Request: GET https://api.lever.co/v0/postings/jinba "HTTP/1.1 404 Not Found"
09:19:20 │ INFO    │ httpx │ HTTP Request: HEAD https://www.fenrock.ai/work-with-us "HTTP/1.1 404 Not Found"
09:19:20 │ INFO    │ pipeline.enrichment.job_resolver │ Fenrock AI: Tier 4 (manual_visit)
09:19:20 │ INFO    │ httpx │ HTTP Request: HEAD https://www.maywoodai.com/ "HTTP/1.1 404 Not Found"
09:19:20 │ INFO    │ httpx │ HTTP Request: GET https://api.greenhouse.io/v1/boards/proximitty/jobs "HTTP/1.1 404 Not Found"
09:19:20 │ INFO    │ httpx │ HTTP Request: HEAD https://maywoodai.com/careers "HTTP/1.1 301 Moved Permanently"
09:19:20 │ INFO    │ httpx │ HTTP Request: HEAD https://jinba.io "HTTP/1.1 200 OK"
09:19:20 │ INFO    │ httpx │ HTTP Request: HEAD https://www.maywoodai.com/careers "HTTP/1.1 404 Not Found"
09:19:20 │ INFO    │ httpx │ HTTP Request: HEAD https://maywoodai.com/jobs "HTTP/1.1 301 Moved Permanently"
09:19:21 │ INFO    │ httpx │ HTTP Request: HEAD https://www.ventura.ai "HTTP/1.1 301 Moved Permanently"
09:19:21 │ INFO    │ httpx │ HTTP Request: HEAD https://www.maywoodai.com/jobs "HTTP/1.1 404 Not Found"
09:19:21 │ INFO    │ httpx │ HTTP Request: HEAD https://jinba.io/careers "HTTP/1.1 200 OK"
09:19:21 │ INFO    │ httpx │ HTTP Request: HEAD https://maywoodai.com/work-with-us "HTTP/1.1 301 Moved Permanently"
09:19:21 │ INFO    │ httpx │ HTTP Request: GET https://api.lever.co/v0/postings/rhizome-ai "HTTP/1.1 404 Not Found"
09:19:21 │ INFO    │ httpx │ HTTP Request: GET https://api.lever.co/v0/postings/stilta "HTTP/1.1 404 Not Found"
09:19:21 │ INFO    │ httpx │ HTTP Request: GET https://jinba.io/careers "HTTP/1.1 200 OK"
09:19:21 │ INFO    │ httpx │ HTTP Request: GET https://api.lever.co/v0/postings/parameter-fka-hex-security "HTTP/1.1 404 Not Found"
09:19:21 │ INFO    │ httpx │ HTTP Request: HEAD https://www.maywoodai.com/work-with-us "HTTP/1.1 404 Not Found"
09:19:21 │ INFO    │ pipeline.enrichment.job_resolver │ Maywood: Tier 4 (manual_visit)
09:19:21 │ INFO    │ httpx │ HTTP Request: HEAD https://stilta.com "HTTP/1.1 200 OK"
09:19:21 │ INFO    │ httpx │ HTTP Request: GET https://api.lever.co/v0/postings/pax-historia "HTTP/1.1 404 Not Found"
09:19:21 │ INFO    │ httpx │ HTTP Request: HEAD https://stilta.com/careers "HTTP/1.1 200 OK"
09:19:21 │ INFO    │ httpx │ HTTP Request: HEAD https://sparkles.dev "HTTP/1.1 200 OK"
09:19:21 │ INFO    │ httpx │ HTTP Request: GET https://api.lever.co/v0/postings/rhizomeai "HTTP/1.1 404 Not Found"
09:19:21 │ INFO    │ httpx │ HTTP Request: GET https://stilta.com/careers "HTTP/1.1 200 OK"
09:19:21 │ INFO    │ httpx │ HTTP Request: GET https://api.lever.co/v0/postings/parameterfkahexsecurity "HTTP/1.1 404 Not Found"
09:19:21 │ INFO    │ httpx │ HTTP Request: HEAD https://sparkles.dev "HTTP/1.1 200 OK"
09:19:21 │ INFO    │ pipeline.enrichment.job_resolver │ Stilta: Tier 4 (manual_visit)
09:19:21 │ INFO    │ httpx │ HTTP Request: HEAD https://sparkles.dev/careers "HTTP/1.1 200 OK"
09:19:21 │ INFO    │ httpx │ HTTP Request: GET https://api.lever.co/v0/postings/proximitty "HTTP/1.1 404 Not Found"
09:19:21 │ INFO    │ pipeline.enrichment.job_resolver │ Jinba: Tier 2 (html_heuristic) → 12 jobs
09:19:21 │ INFO    │ httpx │ HTTP Request: GET https://sparkles.dev "HTTP/1.1 200 OK"
09:19:21 │ INFO    │ httpx │ HTTP Request: HEAD https://ventura.ai/ "HTTP/1.1 200 OK"
09:19:22 │ INFO    │ httpx │ HTTP Request: GET https://api.lever.co/v0/postings/rhizome_ai "HTTP/1.1 404 Not Found"
09:19:22 │ INFO    │ httpx │ HTTP Request: GET https://api.lever.co/v0/postings/parameter_fka_hex_security "HTTP/1.1 404 Not Found"
09:19:22 │ INFO    │ httpx │ HTTP Request: GET https://api.lever.co/v0/postings/paxhistoria "HTTP/1.1 404 Not Found"
09:19:22 │ INFO    │ httpx │ HTTP Request: HEAD https://www.ventura.ai "HTTP/1.1 301 Moved Permanently"
09:19:22 │ INFO    │ httpx │ HTTP Request: HEAD http://moritzlegal.com/ "HTTP/1.1 308 Permanent Redirect"
09:19:22 │ INFO    │ httpx │ HTTP Request: HEAD https://proximitty.ai "HTTP/1.1 307 Temporary Redirect"
09:19:22 │ INFO    │ httpx │ HTTP Request: HEAD https://ventura.ai/ "HTTP/1.1 200 OK"
09:19:22 │ INFO    │ httpx │ HTTP Request: HEAD https://www.usesalus.ai/ "HTTP/1.1 200 OK"
09:19:22 │ INFO    │ httpx │ HTTP Request: HEAD https://www.usesalus.ai/ "HTTP/1.1 200 OK"
09:19:22 │ INFO    │ httpx │ HTTP Request: HEAD https://parameter.ai?utm_source=ycombinator&utm_medium=referral&utm_campaign=parameter-profile "HTTP/1.1 307 Temporary Redirect"
09:19:22 │ INFO    │ httpx │ HTTP Request: HEAD https://moritzlegal.com/ "HTTP/1.1 308 Permanent Redirect"
09:19:22 │ INFO    │ httpx │ HTTP Request: GET https://api.greenhouse.io/v1/boards/sparkles/jobs "HTTP/1.1 404 Not Found"
09:19:22 │ INFO    │ httpx │ HTTP Request: GET https://api.lever.co/v0/postings/pax_historia "HTTP/1.1 404 Not Found"
09:19:22 │ INFO    │ httpx │ HTTP Request: HEAD https://www.usesalus.ai/careers "HTTP/1.1 200 OK"
09:19:22 │ INFO    │ httpx │ HTTP Request: HEAD https://www.proximitty.ai/ "HTTP/1.1 200 OK"
09:19:22 │ INFO    │ httpx │ HTTP Request: GET https://www.usesalus.ai/ "HTTP/1.1 200 OK"
09:19:22 │ INFO    │ httpx │ HTTP Request: HEAD https://proximitty.ai/careers "HTTP/1.1 307 Temporary Redirect"
09:19:22 │ INFO    │ httpx │ HTTP Request: HEAD https://www.parameter.ai/?utm_source=ycombinator&utm_medium=referral&utm_campaign=parameter-profile "HTTP/1.1 200 OK"
09:19:22 │ INFO    │ httpx │ HTTP Request: HEAD https://www.ventura.ai/careers "HTTP/1.1 301 Moved Permanently"
09:19:22 │ INFO    │ httpx │ HTTP Request: HEAD https://www.proximitty.ai/careers "HTTP/1.1 404 Not Found"
09:19:22 │ INFO    │ httpx │ HTTP Request: HEAD https://www.moritzlegal.com/ "HTTP/1.1 200 OK"
09:19:22 │ INFO    │ httpx │ HTTP Request: HEAD https://parameter.ai?utm_source=ycombinator&utm_medium=referral&utm_campaign=parameter-profile/careers "HTTP/1.1 307 Temporary Redirect"
09:19:22 │ INFO    │ httpx │ HTTP Request: HEAD https://proximitty.ai/jobs "HTTP/1.1 307 Temporary Redirect"
09:19:22 │ INFO    │ httpx │ HTTP Request: HEAD http://moritzlegal.com/ "HTTP/1.1 308 Permanent Redirect"
09:19:22 │ INFO    │ httpx │ HTTP Request: HEAD https://rhizomeai.com/ "HTTP/1.1 200 OK"
09:19:22 │ INFO    │ httpx │ HTTP Request: HEAD https://www.parameter.ai/?utm_source=ycombinator&utm_medium=referral&utm_campaign=parameter-profile/careers "HTTP/1.1 200 OK"
09:19:22 │ INFO    │ httpx │ HTTP Request: HEAD https://www.proximitty.ai/jobs "HTTP/1.1 404 Not Found"
09:19:22 │ INFO    │ httpx │ HTTP Request: HEAD https://moritzlegal.com/ "HTTP/1.1 308 Permanent Redirect"
09:19:22 │ INFO    │ httpx │ HTTP Request: GET https://www.parameter.ai/?utm_source=ycombinator&utm_medium=referral&utm_campaign=parameter-profile/careers "HTTP/1.1 200 OK"
09:19:22 │ INFO    │ httpx │ HTTP Request: HEAD https://proximitty.ai/work-with-us "HTTP/1.1 307 Temporary Redirect"
09:19:22 │ INFO    │ httpx │ HTTP Request: HEAD https://www.moritzlegal.com/ "HTTP/1.1 200 OK"
09:19:22 │ INFO    │ pipeline.enrichment.job_resolver │ Parameter (fka Hex Security): Tier 4 (manual_visit)
09:19:22 │ INFO    │ httpx │ HTTP Request: HEAD http://moritzlegal.com/careers "HTTP/1.1 308 Permanent Redirect"
09:19:22 │ INFO    │ httpx │ HTTP Request: HEAD https://www.paxhistoria.co "HTTP/1.1 200 OK"
09:19:22 │ INFO    │ httpx │ HTTP Request: HEAD https://www.proximitty.ai/work-with-us "HTTP/1.1 404 Not Found"
09:19:22 │ INFO    │ httpx │ HTTP Request: GET https://api.greenhouse.io/v1/boards/salus/jobs "HTTP/1.1 404 Not Found"
09:19:22 │ INFO    │ pipeline.enrichment.job_resolver │ Proximitty: Tier 4 (manual_visit)
09:19:22 │ INFO    │ httpx │ HTTP Request: HEAD https://moritzlegal.com/careers "HTTP/1.1 308 Permanent Redirect"
09:19:22 │ INFO    │ httpx │ HTTP Request: HEAD https://ventura.ai/careers "HTTP/1.1 404 Not Found"
09:19:22 │ INFO    │ httpx │ HTTP Request: HEAD https://rhizomeai.com/careers "HTTP/1.1 307 Temporary Redirect"
09:19:22 │ INFO    │ httpx │ HTTP Request: HEAD https://www.moritzlegal.com/careers "HTTP/1.1 404 Not Found"
09:19:23 │ INFO    │ httpx │ HTTP Request: HEAD http://moritzlegal.com/jobs "HTTP/1.1 308 Permanent Redirect"
09:19:23 │ INFO    │ httpx │ HTTP Request: HEAD https://moritzlegal.com/jobs "HTTP/1.1 308 Permanent Redirect"
09:19:23 │ INFO    │ httpx │ HTTP Request: HEAD https://www.moritzlegal.com/jobs "HTTP/1.1 404 Not Found"
09:19:23 │ INFO    │ httpx │ HTTP Request: HEAD http://moritzlegal.com/work-with-us "HTTP/1.1 308 Permanent Redirect"
09:19:23 │ INFO    │ httpx │ HTTP Request: HEAD https://www.paxhistoria.co/careers "HTTP/1.1 404 Not Found"
09:19:23 │ INFO    │ httpx │ HTTP Request: HEAD https://terranox.ai "HTTP/1.1 200 OK"
09:19:23 │ INFO    │ httpx │ HTTP Request: HEAD https://rhizomeai.com/sign-up?redirect_url=https%3A%2F%2Frhizomeai.com%2Fcareers "HTTP/1.1 200 OK"
09:19:23 │ INFO    │ httpx │ HTTP Request: HEAD https://moritzlegal.com/work-with-us "HTTP/1.1 308 Permanent Redirect"
09:19:23 │ INFO    │ httpx │ HTTP Request: HEAD https://terranox.ai "HTTP/1.1 200 OK"
09:19:23 │ INFO    │ httpx │ HTTP Request: HEAD https://www.ventura.ai/jobs "HTTP/1.1 301 Moved Permanently"
09:19:23 │ INFO    │ httpx │ HTTP Request: HEAD https://www.moritzlegal.com/work-with-us "HTTP/1.1 404 Not Found"
09:19:23 │ INFO    │ httpx │ HTTP Request: GET http://moritzlegal.com/ "HTTP/1.1 308 Permanent Redirect"
09:19:23 │ INFO    │ httpx │ HTTP Request: HEAD https://ramain.ai "HTTP/1.1 200 OK"
09:19:23 │ INFO    │ httpx │ HTTP Request: GET https://moritzlegal.com/ "HTTP/1.1 308 Permanent Redirect"
09:19:23 │ INFO    │ httpx │ HTTP Request: HEAD https://ramain.ai "HTTP/1.1 200 OK"
09:19:23 │ INFO    │ httpx │ HTTP Request: HEAD https://www.paxhistoria.co/jobs "HTTP/1.1 404 Not Found"
09:19:23 │ INFO    │ httpx │ HTTP Request: GET https://www.moritzlegal.com/ "HTTP/1.1 200 OK"
09:19:23 │ INFO    │ httpx │ HTTP Request: GET https://rhizomeai.com/sign-up?redirect_url=https%3A%2F%2Frhizomeai.com%2Fcareers "HTTP/1.1 200 OK"
09:19:23 │ INFO    │ pipeline.enrichment.job_resolver │ Rhizome AI: Tier 4 (manual_visit)
09:19:23 │ INFO    │ httpx │ HTTP Request: GET https://api.lever.co/v0/postings/sparkles "HTTP/1.1 404 Not Found"
09:19:23 │ INFO    │ httpx │ HTTP Request: HEAD https://ventura.ai/jobs "HTTP/1.1 404 Not Found"
09:19:23 │ INFO    │ httpx │ HTTP Request: HEAD https://www.paxhistoria.co/work-with-us "HTTP/1.1 404 Not Found"
09:19:23 │ INFO    │ pipeline.enrichment.job_resolver │ Pax Historia: Tier 4 (manual_visit)
09:19:24 │ INFO    │ httpx │ HTTP Request: HEAD https://aemon.ai/ "HTTP/1.1 200 OK"
09:19:24 │ INFO    │ httpx │ HTTP Request: HEAD https://cumuluslabs.io "HTTP/1.1 200 OK"
09:19:24 │ INFO    │ httpx │ HTTP Request: HEAD https://cumuluslabs.io "HTTP/1.1 200 OK"
09:19:24 │ INFO    │ httpx │ HTTP Request: HEAD https://aemon.ai/ "HTTP/1.1 200 OK"
09:19:24 │ INFO    │ httpx │ HTTP Request: HEAD https://cumuluslabs.io/careers "HTTP/1.1 404 Not Found"
09:19:24 │ INFO    │ httpx │ HTTP Request: HEAD https://ramain.ai/careers "HTTP/1.1 200 OK"
09:19:24 │ INFO    │ httpx │ HTTP Request: HEAD https://cumuluslabs.io/jobs "HTTP/1.1 404 Not Found"
09:19:24 │ INFO    │ httpx │ HTTP Request: GET https://api.lever.co/v0/postings/salus "HTTP/1.1 404 Not Found"
09:19:24 │ INFO    │ httpx │ HTTP Request: HEAD https://www.ventura.ai/work-with-us "HTTP/1.1 301 Moved Permanently"
09:19:24 │ INFO    │ httpx │ HTTP Request: GET https://ramain.ai "HTTP/1.1 200 OK"
09:19:24 │ INFO    │ httpx │ HTTP Request: HEAD https://cumuluslabs.io/work-with-us "HTTP/1.1 404 Not Found"
09:19:24 │ INFO    │ httpx │ HTTP Request: HEAD https://pirislabs.io/ "HTTP/1.1 200 OK"
09:19:24 │ INFO    │ httpx │ HTTP Request: HEAD https://aemon.ai/careers "HTTP/1.1 404 Not Found"
09:19:24 │ INFO    │ httpx │ HTTP Request: GET https://api.greenhouse.io/v1/boards/moritz/jobs "HTTP/1.1 404 Not Found"
09:19:24 │ INFO    │ httpx │ HTTP Request: HEAD https://sparkles.dev "HTTP/1.1 200 OK"
09:19:24 │ INFO    │ httpx │ HTTP Request: GET https://cumuluslabs.io "HTTP/1.1 200 OK"
09:19:24 │ INFO    │ httpx │ HTTP Request: HEAD https://autositu.com/ "HTTP/1.1 200 OK"
09:19:24 │ INFO    │ httpx │ HTTP Request: HEAD https://pirislabs.io/ "HTTP/1.1 200 OK"
09:19:24 │ INFO    │ httpx │ HTTP Request: HEAD https://sparkles.dev/careers "HTTP/1.1 200 OK"
09:19:24 │ INFO    │ httpx │ HTTP Request: HEAD https://pirislabs.io/careers "HTTP/1.1 200 OK"
09:19:24 │ INFO    │ httpx │ HTTP Request: GET https://sparkles.dev/careers "HTTP/1.1 200 OK"
09:19:24 │ INFO    │ pipeline.enrichment.job_resolver │ Sparkles: Tier 2 (html_heuristic) → 1 jobs
09:19:24 │ INFO    │ httpx │ HTTP Request: HEAD https://www.usesalus.ai/ "HTTP/1.1 200 OK"
09:19:24 │ INFO    │ httpx │ HTTP Request: HEAD https://aemon.ai/jobs "HTTP/1.1 404 Not Found"
09:19:24 │ INFO    │ httpx │ HTTP Request: GET https://pirislabs.io/ "HTTP/1.1 200 OK"
09:19:24 │ INFO    │ httpx │ HTTP Request: HEAD https://www.usesalus.ai/careers "HTTP/1.1 200 OK"
09:19:24 │ INFO    │ httpx │ HTTP Request: HEAD https://terranox.ai/careers "HTTP/1.1 200 OK"
09:19:24 │ INFO    │ httpx │ HTTP Request: GET https://www.usesalus.ai/careers "HTTP/1.1 200 OK"
09:19:24 │ INFO    │ pipeline.enrichment.job_resolver │ Salus: Tier 2 (html_heuristic) → 5 jobs
09:19:24 │ INFO    │ httpx │ HTTP Request: HEAD https://aemon.ai/work-with-us "HTTP/1.1 404 Not Found"
09:19:24 │ INFO    │ httpx │ HTTP Request: HEAD https://ventura.ai/work-with-us "HTTP/1.1 404 Not Found"
09:19:24 │ INFO    │ httpx │ HTTP Request: GET https://api.greenhouse.io/v1/boards/ramain/jobs "HTTP/1.1 404 Not Found"
09:19:24 │ INFO    │ httpx │ HTTP Request: GET https://terranox.ai "HTTP/1.1 200 OK"
09:19:24 │ INFO    │ httpx │ HTTP Request: HEAD https://autositu.com/ "HTTP/1.1 200 OK"
09:19:24 │ INFO    │ httpx │ HTTP Request: GET https://api.greenhouse.io/v1/boards/cumulus-labs/jobs "HTTP/1.1 404 Not Found"
09:19:24 │ INFO    │ httpx │ HTTP Request: GET https://www.ventura.ai "HTTP/1.1 301 Moved Permanently"
09:19:24 │ INFO    │ httpx │ HTTP Request: GET https://aemon.ai/ "HTTP/1.1 200 OK"
09:19:24 │ INFO    │ httpx │ HTTP Request: GET https://api.greenhouse.io/v1/boards/pirislabs/jobs "HTTP/1.1 404 Not Found"
09:19:24 │ INFO    │ httpx │ HTTP Request: GET https://ventura.ai/ "HTTP/1.1 200 OK"
09:19:25 │ INFO    │ httpx │ HTTP Request: GET https://api.greenhouse.io/v1/boards/cumuluslabs/jobs "HTTP/1.1 404 Not Found"
09:19:25 │ INFO    │ httpx │ HTTP Request: GET https://api.greenhouse.io/v1/boards/terranox-ai/jobs "HTTP/1.1 404 Not Found"
09:19:25 │ INFO    │ httpx │ HTTP Request: HEAD https://www.celltype.com "HTTP/1.1 200 OK"
09:19:25 │ INFO    │ httpx │ HTTP Request: HEAD https://autositu.com/careers "HTTP/1.1 404 Not Found"
09:19:25 │ INFO    │ httpx │ HTTP Request: HEAD https://www.celltype.com "HTTP/1.1 200 OK"
09:19:25 │ INFO    │ httpx │ HTTP Request: GET https://api.greenhouse.io/v1/boards/aemon/jobs "HTTP/1.1 404 Not Found"
09:19:25 │ INFO    │ httpx │ HTTP Request: HEAD https://www.celltype.com/careers "HTTP/1.1 200 OK"
09:19:25 │ INFO    │ httpx │ HTTP Request: GET https://api.greenhouse.io/v1/boards/ventura/jobs "HTTP/1.1 404 Not Found"
09:19:25 │ INFO    │ httpx │ HTTP Request: GET https://api.greenhouse.io/v1/boards/cumulus_labs/jobs "HTTP/1.1 404 Not Found"
09:19:25 │ INFO    │ httpx │ HTTP Request: GET https://www.celltype.com "HTTP/1.1 200 OK"
09:19:25 │ INFO    │ httpx │ HTTP Request: GET https://api.greenhouse.io/v1/boards/terranoxai/jobs "HTTP/1.1 404 Not Found"
09:19:25 │ INFO    │ httpx │ HTTP Request: GET https://api.lever.co/v0/postings/moritz "HTTP/1.1 404 Not Found"
09:19:25 │ INFO    │ httpx │ HTTP Request: HEAD https://autositu.com/jobs "HTTP/1.1 404 Not Found"
09:19:25 │ INFO    │ httpx │ HTTP Request: GET https://api.greenhouse.io/v1/boards/terranox_ai/jobs "HTTP/1.1 404 Not Found"
09:19:25 │ INFO    │ httpx │ HTTP Request: HEAD http://moritzlegal.com/ "HTTP/1.1 308 Permanent Redirect"
09:19:25 │ INFO    │ httpx │ HTTP Request: GET https://api.greenhouse.io/v1/boards/celltype/jobs "HTTP/1.1 404 Not Found"
09:19:25 │ INFO    │ httpx │ HTTP Request: HEAD https://moritzlegal.com/ "HTTP/1.1 308 Permanent Redirect"
09:19:25 │ INFO    │ httpx │ HTTP Request: GET https://api.lever.co/v0/postings/ramain "HTTP/1.1 404 Not Found"
09:19:25 │ INFO    │ httpx │ HTTP Request: HEAD https://10xscience.com "HTTP/1.1 200 OK"
09:19:26 │ INFO    │ httpx │ HTTP Request: HEAD https://autositu.com/work-with-us "HTTP/1.1 404 Not Found"
09:19:26 │ INFO    │ httpx │ HTTP Request: HEAD https://www.moritzlegal.com/ "HTTP/1.1 200 OK"
09:19:26 │ INFO    │ httpx │ HTTP Request: HEAD https://10xscience.com "HTTP/1.1 200 OK"
09:19:26 │ INFO    │ httpx │ HTTP Request: HEAD http://moritzlegal.com/careers "HTTP/1.1 308 Permanent Redirect"
09:19:26 │ INFO    │ httpx │ HTTP Request: GET https://api.lever.co/v0/postings/pirislabs "HTTP/1.1 404 Not Found"
09:19:26 │ INFO    │ httpx │ HTTP Request: HEAD https://moritzlegal.com/careers "HTTP/1.1 308 Permanent Redirect"
09:19:26 │ INFO    │ httpx │ HTTP Request: HEAD https://10xscience.com/careers "HTTP/1.1 200 OK"
09:19:26 │ INFO    │ httpx │ HTTP Request: HEAD https://www.moritzlegal.com/careers "HTTP/1.1 404 Not Found"
09:19:26 │ INFO    │ httpx │ HTTP Request: HEAD http://moritzlegal.com/jobs "HTTP/1.1 308 Permanent Redirect"
09:19:26 │ INFO    │ httpx │ HTTP Request: HEAD https://pirislabs.io/ "HTTP/1.1 200 OK"
09:19:26 │ INFO    │ httpx │ HTTP Request: HEAD https://ramain.ai "HTTP/1.1 200 OK"
09:19:26 │ INFO    │ httpx │ HTTP Request: GET https://10xscience.com "HTTP/1.1 200 OK"
09:19:26 │ INFO    │ httpx │ HTTP Request: HEAD https://moritzlegal.com/jobs "HTTP/1.1 308 Permanent Redirect"
09:19:26 │ INFO    │ httpx │ HTTP Request: HEAD https://pirislabs.io/careers "HTTP/1.1 200 OK"
09:19:26 │ INFO    │ httpx │ HTTP Request: HEAD https://ramain.ai/careers "HTTP/1.1 200 OK"
09:19:26 │ INFO    │ httpx │ HTTP Request: HEAD https://www.moritzlegal.com/jobs "HTTP/1.1 404 Not Found"
09:19:26 │ INFO    │ httpx │ HTTP Request: GET https://autositu.com/ "HTTP/1.1 200 OK"
09:19:26 │ INFO    │ httpx │ HTTP Request: GET https://pirislabs.io/careers "HTTP/1.1 200 OK"
09:19:26 │ INFO    │ httpx │ HTTP Request: GET https://ramain.ai/careers "HTTP/1.1 200 OK"
09:19:26 │ INFO    │ httpx │ HTTP Request: HEAD http://moritzlegal.com/work-with-us "HTTP/1.1 308 Permanent Redirect"
09:19:26 │ INFO    │ pipeline.enrichment.job_resolver │ Piris Labs: Tier 4 (manual_visit)
09:19:26 │ INFO    │ pipeline.enrichment.job_resolver │ RamAIn: Tier 2 (html_heuristic) → 1 jobs
09:19:26 │ INFO    │ httpx │ HTTP Request: GET https://api.lever.co/v0/postings/aemon "HTTP/1.1 404 Not Found"
09:19:26 │ INFO    │ httpx │ HTTP Request: GET https://api.lever.co/v0/postings/cumulus-labs "HTTP/1.1 404 Not Found"
09:19:26 │ INFO    │ httpx │ HTTP Request: HEAD https://moritzlegal.com/work-with-us "HTTP/1.1 308 Permanent Redirect"
09:19:26 │ INFO    │ httpx │ HTTP Request: GET https://api.lever.co/v0/postings/ventura "HTTP/1.1 404 Not Found"
09:19:26 │ INFO    │ httpx │ HTTP Request: GET https://api.greenhouse.io/v1/boards/10x-science/jobs "HTTP/1.1 404 Not Found"
09:19:26 │ INFO    │ httpx │ HTTP Request: HEAD https://www.moritzlegal.com/work-with-us "HTTP/1.1 404 Not Found"
09:19:26 │ INFO    │ pipeline.enrichment.job_resolver │ Moritz: Tier 4 (manual_visit)
09:19:26 │ INFO    │ httpx │ HTTP Request: GET https://api.lever.co/v0/postings/terranox-ai "HTTP/1.1 404 Not Found"
09:19:26 │ INFO    │ httpx │ HTTP Request: GET https://api.lever.co/v0/postings/cumuluslabs "HTTP/1.1 404 Not Found"
09:19:26 │ INFO    │ httpx │ HTTP Request: GET https://api.greenhouse.io/v1/boards/10xscience/jobs "HTTP/1.1 404 Not Found"
09:19:27 │ INFO    │ httpx │ HTTP Request: HEAD https://tryasimov.ai/ "HTTP/1.1 200 OK"
09:19:27 │ INFO    │ httpx │ HTTP Request: GET https://api.lever.co/v0/postings/celltype "HTTP/1.1 404 Not Found"
09:19:27 │ INFO    │ httpx │ HTTP Request: HEAD https://tryasimov.ai/ "HTTP/1.1 200 OK"
09:19:27 │ INFO    │ httpx │ HTTP Request: HEAD https://tryasimov.ai/careers "HTTP/1.1 404 Not Found"
09:19:27 │ INFO    │ httpx │ HTTP Request: GET https://api.lever.co/v0/postings/terranoxai "HTTP/1.1 404 Not Found"
09:19:27 │ INFO    │ httpx │ HTTP Request: GET https://api.greenhouse.io/v1/boards/10x_science/jobs "HTTP/1.1 404 Not Found"
09:19:27 │ INFO    │ httpx │ HTTP Request: HEAD https://tryasimov.ai/jobs "HTTP/1.1 404 Not Found"
09:19:27 │ INFO    │ httpx │ HTTP Request: GET https://api.lever.co/v0/postings/cumulus_labs "HTTP/1.1 404 Not Found"
09:19:27 │ INFO    │ httpx │ HTTP Request: HEAD https://tryasimov.ai/work-with-us "HTTP/1.1 404 Not Found"
09:19:27 │ INFO    │ httpx │ HTTP Request: HEAD https://www.ventura.ai "HTTP/1.1 301 Moved Permanently"
09:19:27 │ INFO    │ httpx │ HTTP Request: HEAD https://www.celltype.com "HTTP/1.1 200 OK"
09:19:27 │ INFO    │ httpx │ HTTP Request: GET https://tryasimov.ai/ "HTTP/1.1 200 OK"
09:19:27 │ INFO    │ httpx │ HTTP Request: HEAD https://www.celltype.com/careers "HTTP/1.1 200 OK"
09:19:27 │ INFO    │ httpx │ HTTP Request: GET https://www.celltype.com/careers "HTTP/1.1 200 OK"
09:19:27 │ INFO    │ pipeline.enrichment.job_resolver │ CellType: Tier 4 (manual_visit)
09:19:27 │ INFO    │ httpx │ HTTP Request: GET https://api.greenhouse.io/v1/boards/autositu/jobs "HTTP/1.1 404 Not Found"
09:19:27 │ INFO    │ httpx │ HTTP Request: GET https://api.lever.co/v0/postings/terranox_ai "HTTP/1.1 404 Not Found"
09:19:27 │ INFO    │ httpx │ HTTP Request: HEAD https://www.runanywhere.ai/ "HTTP/1.1 200 OK"
09:19:27 │ INFO    │ httpx │ HTTP Request: HEAD https://aemon.ai/ "HTTP/1.1 200 OK"
09:19:27 │ INFO    │ httpx │ HTTP Request: HEAD https://cumuluslabs.io "HTTP/1.1 200 OK"
09:19:27 │ INFO    │ httpx │ HTTP Request: HEAD https://terranox.ai "HTTP/1.1 200 OK"
09:19:27 │ INFO    │ httpx │ HTTP Request: HEAD https://www.lance.live "HTTP/1.1 200 OK"
09:19:27 │ INFO    │ httpx │ HTTP Request: HEAD https://cumuluslabs.io/careers "HTTP/1.1 404 Not Found"
09:19:27 │ INFO    │ httpx │ HTTP Request: GET https://api.greenhouse.io/v1/boards/asimov/jobs "HTTP/1.1 404 Not Found"
09:19:27 │ INFO    │ httpx │ HTTP Request: HEAD https://cumuluslabs.io/jobs "HTTP/1.1 404 Not Found"
09:19:27 │ INFO    │ httpx │ HTTP Request: HEAD https://aemon.ai/careers "HTTP/1.1 404 Not Found"
09:19:27 │ INFO    │ httpx │ HTTP Request: HEAD https://www.runanywhere.ai/ "HTTP/1.1 200 OK"
09:19:27 │ INFO    │ httpx │ HTTP Request: HEAD https://cumuluslabs.io/work-with-us "HTTP/1.1 404 Not Found"
09:19:27 │ INFO    │ pipeline.enrichment.job_resolver │ Cumulus Labs: Tier 4 (manual_visit)
09:19:27 │ INFO    │ httpx │ HTTP Request: HEAD https://www.runanywhere.ai/careers "HTTP/1.1 404 Not Found"
09:19:27 │ INFO    │ httpx │ HTTP Request: HEAD https://ventura.ai/ "HTTP/1.1 200 OK"
09:19:27 │ INFO    │ httpx │ HTTP Request: HEAD https://aemon.ai/jobs "HTTP/1.1 404 Not Found"
09:19:28 │ INFO    │ httpx │ HTTP Request: HEAD https://rumacare.com "HTTP/1.1 200 OK"
09:19:28 │ INFO    │ httpx │ HTTP Request: HEAD https://www.lance.live "HTTP/1.1 200 OK"
09:19:28 │ INFO    │ httpx │ HTTP Request: HEAD https://www.runanywhere.ai/jobs "HTTP/1.1 404 Not Found"
09:19:28 │ INFO    │ httpx │ HTTP Request: HEAD https://rumacare.com "HTTP/1.1 200 OK"
09:19:28 │ INFO    │ httpx │ HTTP Request: HEAD https://www.ventura.ai/careers "HTTP/1.1 301 Moved Permanently"
09:19:28 │ INFO    │ httpx │ HTTP Request: HEAD https://aemon.ai/work-with-us "HTTP/1.1 404 Not Found"
09:19:28 │ INFO    │ pipeline.enrichment.job_resolver │ Aemon: Tier 4 (manual_visit)
09:19:28 │ INFO    │ httpx │ HTTP Request: HEAD https://www.runanywhere.ai/work-with-us "HTTP/1.1 404 Not Found"
09:19:28 │ INFO    │ httpx │ HTTP Request: HEAD https://rumacare.com/careers "HTTP/1.1 404 Not Found"
09:19:28 │ INFO    │ httpx │ HTTP Request: HEAD https://ventura.ai/careers "HTTP/1.1 404 Not Found"
09:19:28 │ INFO    │ httpx │ HTTP Request: HEAD https://rumacare.com/jobs "HTTP/1.1 404 Not Found"
09:19:28 │ INFO    │ httpx │ HTTP Request: HEAD https://rumacare.com/work-with-us "HTTP/1.1 404 Not Found"
09:19:28 │ INFO    │ httpx │ HTTP Request: HEAD https://www.ventura.ai/jobs "HTTP/1.1 301 Moved Permanently"
09:19:28 │ INFO    │ httpx │ HTTP Request: GET https://rumacare.com "HTTP/1.1 200 OK"
09:19:28 │ INFO    │ httpx │ HTTP Request: HEAD https://www.lance.live/careers "HTTP/1.1 404 Not Found"
09:19:28 │ INFO    │ httpx │ HTTP Request: HEAD https://terranox.ai/careers "HTTP/1.1 200 OK"
09:19:28 │ INFO    │ httpx │ HTTP Request: HEAD https://www.onerobot.io/ "HTTP/1.1 200 OK"
09:19:28 │ INFO    │ httpx │ HTTP Request: HEAD https://ventura.ai/jobs "HTTP/1.1 404 Not Found"
09:19:28 │ INFO    │ httpx │ HTTP Request: HEAD https://www.onerobot.io/ "HTTP/1.1 200 OK"
09:19:28 │ INFO    │ httpx │ HTTP Request: GET https://www.runanywhere.ai/ "HTTP/1.1 200 OK"
09:19:28 │ INFO    │ httpx │ HTTP Request: GET https://api.lever.co/v0/postings/10x-science "HTTP/1.1 404 Not Found"
09:19:28 │ INFO    │ httpx │ HTTP Request: HEAD https://www.onerobot.io/careers "HTTP/1.1 404 Not Found"
09:19:28 │ INFO    │ httpx │ HTTP Request: HEAD https://didit.me/ "HTTP/1.1 200 OK"
09:19:28 │ INFO    │ httpx │ HTTP Request: HEAD https://www.ventura.ai/work-with-us "HTTP/1.1 301 Moved Permanently"
09:19:28 │ INFO    │ httpx │ HTTP Request: HEAD https://www.onerobot.io/jobs "HTTP/1.1 404 Not Found"
09:19:28 │ INFO    │ httpx │ HTTP Request: HEAD https://didit.me/ "HTTP/1.1 200 OK"
09:19:28 │ INFO    │ httpx │ HTTP Request: HEAD https://www.onerobot.io/work-with-us "HTTP/1.1 404 Not Found"
09:19:28 │ INFO    │ httpx │ HTTP Request: HEAD https://www.lance.live/jobs "HTTP/1.1 404 Not Found"
09:19:28 │ INFO    │ httpx │ HTTP Request: HEAD https://ventura.ai/work-with-us "HTTP/1.1 404 Not Found"
09:19:28 │ INFO    │ pipeline.enrichment.job_resolver │ Ventura: Tier 4 (manual_visit)
09:19:28 │ INFO    │ httpx │ HTTP Request: GET https://www.onerobot.io/ "HTTP/1.1 200 OK"
09:19:28 │ INFO    │ httpx │ HTTP Request: GET https://api.lever.co/v0/postings/autositu "HTTP/1.1 404 Not Found"
09:19:28 │ INFO    │ httpx │ HTTP Request: GET https://api.lever.co/v0/postings/10xscience "HTTP/1.1 404 Not Found"
09:19:28 │ INFO    │ httpx │ HTTP Request: GET https://api.greenhouse.io/v1/boards/ruma-care/jobs "HTTP/1.1 404 Not Found"
09:19:28 │ INFO    │ httpx │ HTTP Request: GET https://api.greenhouse.io/v1/boards/runanywhere/jobs "HTTP/1.1 404 Not Found"
09:19:28 │ INFO    │ httpx │ HTTP Request: HEAD https://didit.me/careers "HTTP/1.1 308 Permanent Redirect"
09:19:28 │ INFO    │ httpx │ HTTP Request: HEAD https://www.lance.live/work-with-us "HTTP/1.1 404 Not Found"
09:19:29 │ INFO    │ httpx │ HTTP Request: GET https://terranox.ai/careers "HTTP/1.1 200 OK"
09:19:29 │ INFO    │ pipeline.enrichment.job_resolver │ Terranox AI: Tier 4 (manual_visit)
09:19:29 │ INFO    │ httpx │ HTTP Request: GET https://api.lever.co/v0/postings/asimov "HTTP/1.1 404 Not Found"
09:19:29 │ INFO    │ httpx │ HTTP Request: GET https://api.greenhouse.io/v1/boards/rumacare/jobs "HTTP/1.1 404 Not Found"
09:19:29 │ INFO    │ httpx │ HTTP Request: GET https://api.greenhouse.io/v1/boards/one-robot/jobs "HTTP/1.1 404 Not Found"
09:19:29 │ INFO    │ httpx │ HTTP Request: GET https://api.lever.co/v0/postings/10x_science "HTTP/1.1 404 Not Found"
09:19:29 │ INFO    │ httpx │ HTTP Request: GET https://www.lance.live "HTTP/1.1 200 OK"
09:19:29 │ INFO    │ httpx │ HTTP Request: HEAD https://didit.me/careers/ "HTTP/1.1 404 Not Found"
09:19:29 │ INFO    │ httpx │ HTTP Request: HEAD https://tryasimov.ai/ "HTTP/1.1 200 OK"
09:19:29 │ INFO    │ httpx │ HTTP Request: GET https://api.greenhouse.io/v1/boards/onerobot/jobs "HTTP/1.1 404 Not Found"
09:19:29 │ INFO    │ httpx │ HTTP Request: GET https://api.greenhouse.io/v1/boards/ruma_care/jobs "HTTP/1.1 404 Not Found"
09:19:29 │ INFO    │ httpx │ HTTP Request: HEAD https://tryasimov.ai/careers "HTTP/1.1 404 Not Found"
09:19:29 │ INFO    │ httpx │ HTTP Request: HEAD https://tryasimov.ai/jobs "HTTP/1.1 404 Not Found"
09:19:29 │ INFO    │ httpx │ HTTP Request: HEAD https://payna.com/ "HTTP/1.1 200 OK"
09:19:29 │ INFO    │ httpx │ HTTP Request: HEAD https://tryasimov.ai/work-with-us "HTTP/1.1 404 Not Found"
09:19:29 │ INFO    │ pipeline.enrichment.job_resolver │ Asimov: Tier 4 (manual_visit)
09:19:29 │ INFO    │ httpx │ HTTP Request: HEAD https://didit.me/jobs "HTTP/1.1 308 Permanent Redirect"
09:19:29 │ INFO    │ httpx │ HTTP Request: HEAD https://payna.com/ "HTTP/1.1 200 OK"
09:19:29 │ INFO    │ httpx │ HTTP Request: GET https://api.greenhouse.io/v1/boards/one_robot/jobs "HTTP/1.1 404 Not Found"
09:19:29 │ INFO    │ httpx │ HTTP Request: HEAD https://payna.com/careers "HTTP/1.1 404 Not Found"
09:19:29 │ INFO    │ httpx │ HTTP Request: HEAD https://payna.com/jobs "HTTP/1.1 404 Not Found"
09:19:29 │ INFO    │ httpx │ HTTP Request: HEAD https://10xscience.com "HTTP/1.1 200 OK"
09:19:29 │ INFO    │ httpx │ HTTP Request: HEAD https://payna.com/work-with-us "HTTP/1.1 404 Not Found"
09:19:29 │ INFO    │ httpx │ HTTP Request: HEAD https://didit.me/jobs/ "HTTP/1.1 404 Not Found"
09:19:29 │ INFO    │ httpx │ HTTP Request: HEAD https://imperfect.co "HTTP/1.1 200 OK"
09:19:29 │ INFO    │ httpx │ HTTP Request: GET https://api.greenhouse.io/v1/boards/lance/jobs "HTTP/1.1 404 Not Found"
09:19:29 │ INFO    │ httpx │ HTTP Request: HEAD http://askclara.com "HTTP/1.0 308 Permanent Redirect"
09:19:29 │ INFO    │ httpx │ HTTP Request: GET https://payna.com/ "HTTP/1.1 200 OK"
09:19:29 │ INFO    │ httpx │ HTTP Request: HEAD https://10xscience.com/careers "HTTP/1.1 200 OK"
09:19:30 │ INFO    │ httpx │ HTTP Request: HEAD https://didit.me/work-with-us "HTTP/1.1 308 Permanent Redirect"
09:19:30 │ INFO    │ httpx │ HTTP Request: GET https://10xscience.com/careers "HTTP/1.1 200 OK"
09:19:30 │ INFO    │ pipeline.enrichment.job_resolver │ 10x Science: Tier 4 (manual_visit)
09:19:30 │ INFO    │ httpx │ HTTP Request: GET https://api.lever.co/v0/postings/runanywhere "HTTP/1.1 404 Not Found"
09:19:30 │ INFO    │ httpx │ HTTP Request: HEAD https://askclara.com/ "HTTP/1.1 200 OK"
09:19:30 │ INFO    │ httpx │ HTTP Request: GET https://api.greenhouse.io/v1/boards/payna/jobs "HTTP/1.1 404 Not Found"
09:19:30 │ INFO    │ httpx │ HTTP Request: HEAD https://didit.me/work-with-us/ "HTTP/1.1 404 Not Found"
09:19:30 │ INFO    │ httpx │ HTTP Request: HEAD http://askclara.com "HTTP/1.0 308 Permanent Redirect"
09:19:30 │ INFO    │ httpx │ HTTP Request: HEAD https://askclara.com/ "HTTP/1.1 200 OK"
09:19:30 │ INFO    │ httpx │ HTTP Request: HEAD http://askclara.com/careers "HTTP/1.0 308 Permanent Redirect"
09:19:30 │ INFO    │ httpx │ HTTP Request: HEAD https://ploy.ai "HTTP/1.1 200 OK"
09:19:30 │ INFO    │ httpx │ HTTP Request: HEAD https://www.runanywhere.ai/ "HTTP/1.1 200 OK"
09:19:30 │ INFO    │ httpx │ HTTP Request: GET https://didit.me/ "HTTP/1.1 200 OK"
09:19:30 │ INFO    │ httpx │ HTTP Request: GET https://api.lever.co/v0/postings/ruma-care "HTTP/1.1 404 Not Found"
09:19:30 │ INFO    │ httpx │ HTTP Request: HEAD https://ploy.ai "HTTP/1.1 200 OK"
09:19:30 │ INFO    │ httpx │ HTTP Request: HEAD https://askclara.com/careers "HTTP/1.1 404 Not Found"
09:19:30 │ INFO    │ httpx │ HTTP Request: HEAD https://www.runanywhere.ai/careers "HTTP/1.1 404 Not Found"
09:19:30 │ INFO    │ httpx │ HTTP Request: HEAD https://ploy.ai/careers "HTTP/1.1 200 OK"
09:19:30 │ INFO    │ httpx │ HTTP Request: HEAD https://www.runanywhere.ai/jobs "HTTP/1.1 404 Not Found"
09:19:30 │ INFO    │ httpx │ HTTP Request: GET https://ploy.ai "HTTP/1.1 200 OK"
09:19:30 │ INFO    │ httpx │ HTTP Request: HEAD http://askclara.com/jobs "HTTP/1.0 308 Permanent Redirect"
09:19:30 │ INFO    │ httpx │ HTTP Request: HEAD https://imperfect.co "HTTP/1.1 200 OK"
09:19:30 │ INFO    │ httpx │ HTTP Request: HEAD https://autositu.com/ "HTTP/1.1 200 OK"
09:19:30 │ INFO    │ httpx │ HTTP Request: HEAD https://www.runanywhere.ai/work-with-us "HTTP/1.1 404 Not Found"
09:19:30 │ INFO    │ pipeline.enrichment.job_resolver │ RunAnywhere: Tier 4 (manual_visit)
09:19:30 │ INFO    │ httpx │ HTTP Request: GET https://api.lever.co/v0/postings/rumacare "HTTP/1.1 404 Not Found"
09:19:30 │ INFO    │ httpx │ HTTP Request: GET https://api.lever.co/v0/postings/one-robot "HTTP/1.1 404 Not Found"
09:19:31 │ INFO    │ httpx │ HTTP Request: HEAD https://askclara.com/jobs "HTTP/1.1 404 Not Found"
09:19:31 │ INFO    │ httpx │ HTTP Request: HEAD http://askclara.com/work-with-us "HTTP/1.0 308 Permanent Redirect"
09:19:31 │ INFO    │ httpx │ HTTP Request: GET https://api.lever.co/v0/postings/lance "HTTP/1.1 404 Not Found"
09:19:31 │ INFO    │ httpx │ HTTP Request: GET https://api.greenhouse.io/v1/boards/didit/jobs "HTTP/1.1 404 Not Found"
09:19:31 │ INFO    │ httpx │ HTTP Request: HEAD https://askclara.com/work-with-us "HTTP/1.1 404 Not Found"
09:19:31 │ INFO    │ httpx │ HTTP Request: GET https://api.lever.co/v0/postings/ruma_care "HTTP/1.1 404 Not Found"
09:19:31 │ INFO    │ httpx │ HTTP Request: GET https://api.lever.co/v0/postings/onerobot "HTTP/1.1 404 Not Found"
09:19:31 │ INFO    │ httpx │ HTTP Request: GET http://askclara.com "HTTP/1.0 308 Permanent Redirect"
09:19:31 │ INFO    │ httpx │ HTTP Request: HEAD https://autositu.com/careers "HTTP/1.1 404 Not Found"
09:19:31 │ INFO    │ httpx │ HTTP Request: GET https://askclara.com/ "HTTP/1.1 200 OK"
09:19:31 │ INFO    │ httpx │ HTTP Request: GET https://api.greenhouse.io/v1/boards/ploy/jobs "HTTP/1.1 404 Not Found"
09:19:31 │ INFO    │ httpx │ HTTP Request: HEAD https://rumacare.com "HTTP/1.1 200 OK"
09:19:31 │ INFO    │ httpx │ HTTP Request: HEAD https://rumacare.com/careers "HTTP/1.1 404 Not Found"
09:19:31 │ INFO    │ httpx │ HTTP Request: GET https://api.lever.co/v0/postings/payna "HTTP/1.1 404 Not Found"
09:19:31 │ INFO    │ httpx │ HTTP Request: GET https://api.lever.co/v0/postings/one_robot "HTTP/1.1 404 Not Found"
09:19:31 │ INFO    │ httpx │ HTTP Request: HEAD https://rumacare.com/jobs "HTTP/1.1 404 Not Found"
09:19:31 │ INFO    │ httpx │ HTTP Request: HEAD https://catchbackcards.com "HTTP/1.1 200 OK"
09:19:31 │ INFO    │ httpx │ HTTP Request: HEAD https://www.lance.live "HTTP/1.1 200 OK"
09:19:31 │ INFO    │ httpx │ HTTP Request: HEAD https://rumacare.com/work-with-us "HTTP/1.1 404 Not Found"
09:19:31 │ INFO    │ pipeline.enrichment.job_resolver │ Ruma Care: Tier 4 (manual_visit)
09:19:31 │ INFO    │ httpx │ HTTP Request: GET https://api.greenhouse.io/v1/boards/clara-2/jobs "HTTP/1.1 404 Not Found"
09:19:31 │ INFO    │ httpx │ HTTP Request: HEAD https://autositu.com/jobs "HTTP/1.1 404 Not Found"
09:19:31 │ INFO    │ httpx │ HTTP Request: HEAD https://catchbackcards.com "HTTP/1.1 200 OK"
09:19:31 │ INFO    │ httpx │ HTTP Request: HEAD https://imperfect.co/careers "HTTP/1.1 404 Not Found"
09:19:31 │ INFO    │ httpx │ HTTP Request: HEAD https://www.onerobot.io/ "HTTP/1.1 200 OK"
09:19:31 │ INFO    │ httpx │ HTTP Request: HEAD https://payna.com/ "HTTP/1.1 200 OK"
09:19:31 │ INFO    │ httpx │ HTTP Request: HEAD https://catchbackcards.com/careers "HTTP/1.1 200 OK"
09:19:31 │ INFO    │ httpx │ HTTP Request: HEAD https://www.onerobot.io/careers "HTTP/1.1 404 Not Found"
09:19:31 │ INFO    │ httpx │ HTTP Request: HEAD https://www.lance.live/careers "HTTP/1.1 404 Not Found"
09:19:31 │ INFO    │ httpx │ HTTP Request: HEAD https://payna.com/careers "HTTP/1.1 404 Not Found"
09:19:32 │ INFO    │ httpx │ HTTP Request: GET https://catchbackcards.com "HTTP/1.1 200 OK"
09:19:32 │ INFO    │ httpx │ HTTP Request: HEAD https://www.onerobot.io/jobs "HTTP/1.1 404 Not Found"
09:19:32 │ INFO    │ httpx │ HTTP Request: HEAD https://payna.com/jobs "HTTP/1.1 404 Not Found"
09:19:32 │ INFO    │ httpx │ HTTP Request: HEAD https://payna.com/work-with-us "HTTP/1.1 404 Not Found"
09:19:32 │ INFO    │ pipeline.enrichment.job_resolver │ Payna: Tier 4 (manual_visit)
09:19:32 │ INFO    │ httpx │ HTTP Request: HEAD https://www.onerobot.io/work-with-us "HTTP/1.1 404 Not Found"
09:19:32 │ INFO    │ httpx │ HTTP Request: GET https://api.greenhouse.io/v1/boards/clara2/jobs "HTTP/1.1 404 Not Found"
09:19:32 │ INFO    │ pipeline.enrichment.job_resolver │ One Robot: Tier 4 (manual_visit)
09:19:32 │ INFO    │ httpx │ HTTP Request: HEAD https://imperfect.co/jobs "HTTP/1.1 404 Not Found"
09:19:32 │ INFO    │ httpx │ HTTP Request: HEAD https://autositu.com/work-with-us "HTTP/1.1 404 Not Found"
09:19:32 │ INFO    │ pipeline.enrichment.job_resolver │ AutoSitu: Tier 4 (manual_visit)
09:19:32 │ INFO    │ httpx │ HTTP Request: HEAD https://mantisbiotech.com/ "HTTP/1.1 200 OK"
09:19:32 │ INFO    │ httpx │ HTTP Request: HEAD https://www.lance.live/jobs "HTTP/1.1 404 Not Found"
09:19:32 │ INFO    │ httpx │ HTTP Request: HEAD https://mantisbiotech.com/ "HTTP/1.1 200 OK"
09:19:32 │ INFO    │ httpx │ HTTP Request: HEAD https://mantisbiotech.com/careers "HTTP/1.1 404 Not Found"
09:19:32 │ INFO    │ httpx │ HTTP Request: GET https://api.greenhouse.io/v1/boards/catchback-cards/jobs "HTTP/1.1 404 Not Found"
09:19:32 │ INFO    │ httpx │ HTTP Request: GET https://api.greenhouse.io/v1/boards/clara_2/jobs "HTTP/1.1 404 Not Found"
09:19:32 │ INFO    │ httpx │ HTTP Request: HEAD https://mantisbiotech.com/jobs "HTTP/1.1 404 Not Found"
09:19:32 │ INFO    │ httpx │ HTTP Request: HEAD https://moss.dev "HTTP/1.1 307 Temporary Redirect"
09:19:32 │ INFO    │ httpx │ HTTP Request: GET https://api.lever.co/v0/postings/didit "HTTP/1.1 404 Not Found"
09:19:32 │ INFO    │ httpx │ HTTP Request: HEAD https://clickshealth.com/ "HTTP/1.1 200 OK"
09:19:32 │ INFO    │ httpx │ HTTP Request: HEAD https://mantisbiotech.com/work-with-us "HTTP/1.1 404 Not Found"
09:19:32 │ INFO    │ httpx │ HTTP Request: HEAD https://imperfect.co/work-with-us "HTTP/1.1 404 Not Found"
09:19:32 │ INFO    │ httpx │ HTTP Request: HEAD https://www.lance.live/work-with-us "HTTP/1.1 404 Not Found"
09:19:32 │ INFO    │ pipeline.enrichment.job_resolver │ Lance: Tier 4 (manual_visit)
09:19:32 │ INFO    │ httpx │ HTTP Request: HEAD https://clickshealth.com/ "HTTP/1.1 200 OK"
09:19:32 │ INFO    │ httpx │ HTTP Request: GET https://mantisbiotech.com/ "HTTP/1.1 200 OK"
09:19:32 │ INFO    │ httpx │ HTTP Request: GET https://api.greenhouse.io/v1/boards/catchbackcards/jobs "HTTP/1.1 404 Not Found"
09:19:32 │ INFO    │ httpx │ HTTP Request: HEAD https://item.app "HTTP/1.1 200 OK"
09:19:32 │ INFO    │ httpx │ HTTP Request: HEAD https://clickshealth.com/careers "HTTP/1.1 404 Not Found"
09:19:32 │ INFO    │ httpx │ HTTP Request: GET https://api.lever.co/v0/postings/ploy "HTTP/1.1 404 Not Found"
09:19:32 │ INFO    │ httpx │ HTTP Request: HEAD https://didit.me/ "HTTP/1.1 200 OK"
09:19:32 │ INFO    │ httpx │ HTTP Request: HEAD https://clickshealth.com/jobs "HTTP/1.1 404 Not Found"
09:19:32 │ INFO    │ httpx │ HTTP Request: HEAD https://clickshealth.com/work-with-us "HTTP/1.1 404 Not Found"
09:19:33 │ INFO    │ httpx │ HTTP Request: HEAD https://ploy.ai "HTTP/1.1 200 OK"
09:19:33 │ INFO    │ httpx │ HTTP Request: GET https://clickshealth.com/ "HTTP/1.1 200 OK"
09:19:33 │ INFO    │ httpx │ HTTP Request: GET https://api.greenhouse.io/v1/boards/catchback_cards/jobs "HTTP/1.1 404 Not Found"
09:19:33 │ INFO    │ httpx │ HTTP Request: HEAD https://ploy.ai/careers "HTTP/1.1 200 OK"
09:19:33 │ INFO    │ httpx │ HTTP Request: GET https://imperfect.co "HTTP/1.1 200 OK"
09:19:33 │ INFO    │ httpx │ HTTP Request: HEAD https://item.app "HTTP/1.1 200 OK"
09:19:33 │ INFO    │ httpx │ HTTP Request: HEAD https://didit.me/careers "HTTP/1.1 308 Permanent Redirect"
09:19:33 │ INFO    │ httpx │ HTTP Request: GET https://ploy.ai/careers "HTTP/1.1 200 OK"
09:19:33 │ INFO    │ pipeline.enrichment.job_resolver │ Ploy: Tier 2 (html_heuristic) → 29 jobs
09:19:33 │ INFO    │ httpx │ HTTP Request: GET https://api.greenhouse.io/v1/boards/mantis/jobs "HTTP/1.1 200 OK"
09:19:33 │ INFO    │ pipeline.enrichment.job_resolver │ Mantis: Tier 1 (greenhouse) → 6 jobs
09:19:33 │ INFO    │ httpx │ HTTP Request: HEAD https://item.app/careers "HTTP/1.1 200 OK"
09:19:33 │ INFO    │ httpx │ HTTP Request: HEAD https://didit.me/careers/ "HTTP/1.1 404 Not Found"
09:19:33 │ INFO    │ httpx │ HTTP Request: HEAD https://vectorlegal.com "HTTP/1.1 403 Forbidden"
09:19:33 │ INFO    │ httpx │ HTTP Request: GET https://item.app "HTTP/1.1 200 OK"
09:19:33 │ INFO    │ httpx │ HTTP Request: HEAD https://vectorlegal.com "HTTP/1.1 403 Forbidden"
09:19:33 │ INFO    │ httpx │ HTTP Request: GET https://api.greenhouse.io/v1/boards/clicks-health/jobs "HTTP/1.1 404 Not Found"
09:19:33 │ INFO    │ httpx │ HTTP Request: GET https://vectorlegal.com "HTTP/1.1 403 Forbidden"
09:19:33 │ INFO    │ httpx │ HTTP Request: HEAD https://www.moss.dev/ "HTTP/1.1 200 OK"
09:19:33 │ INFO    │ httpx │ HTTP Request: GET https://api.lever.co/v0/postings/clara-2 "HTTP/1.1 404 Not Found"
09:19:33 │ INFO    │ httpx │ HTTP Request: HEAD https://velvetlab.ai "HTTP/1.1 200 OK"
09:19:33 │ INFO    │ httpx │ HTTP Request: HEAD https://moss.dev "HTTP/1.1 307 Temporary Redirect"
09:19:33 │ INFO    │ httpx │ HTTP Request: HEAD https://velvetlab.ai "HTTP/1.1 200 OK"
09:19:33 │ INFO    │ httpx │ HTTP Request: GET https://api.greenhouse.io/v1/boards/clickshealth/jobs "HTTP/1.1 404 Not Found"
09:19:33 │ INFO    │ httpx │ HTTP Request: HEAD https://didit.me/jobs "HTTP/1.1 308 Permanent Redirect"
09:19:33 │ INFO    │ httpx │ HTTP Request: HEAD https://velvetlab.ai/careers "HTTP/1.1 404 Not Found"
09:19:33 │ INFO    │ httpx │ HTTP Request: GET https://api.greenhouse.io/v1/boards/imperfect/jobs "HTTP/1.1 404 Not Found"
09:19:33 │ INFO    │ httpx │ HTTP Request: HEAD https://www.moss.dev/ "HTTP/1.1 200 OK"
09:19:33 │ INFO    │ httpx │ HTTP Request: HEAD https://velvetlab.ai/jobs "HTTP/1.1 404 Not Found"
09:19:33 │ INFO    │ httpx │ HTTP Request: HEAD https://moss.dev/careers "HTTP/1.1 307 Temporary Redirect"
09:19:33 │ INFO    │ httpx │ HTTP Request: HEAD https://velvetlab.ai/work-with-us "HTTP/1.1 404 Not Found"
09:19:33 │ INFO    │ httpx │ HTTP Request: GET https://api.greenhouse.io/v1/boards/vector-legal/jobs "HTTP/1.1 404 Not Found"
09:19:33 │ INFO    │ httpx │ HTTP Request: GET https://api.lever.co/v0/postings/clara2 "HTTP/1.1 404 Not Found"
09:19:33 │ INFO    │ httpx │ HTTP Request: GET https://api.greenhouse.io/v1/boards/item/jobs "HTTP/1.1 404 Not Found"
09:19:33 │ INFO    │ httpx │ HTTP Request: HEAD https://www.moss.dev/careers "HTTP/1.1 404 Not Found"
09:19:33 │ INFO    │ httpx │ HTTP Request: GET https://velvetlab.ai "HTTP/1.1 200 OK"
09:19:34 │ INFO    │ httpx │ HTTP Request: HEAD https://moss.dev/jobs "HTTP/1.1 307 Temporary Redirect"
09:19:34 │ INFO    │ httpx │ HTTP Request: GET https://api.greenhouse.io/v1/boards/clicks_health/jobs "HTTP/1.1 404 Not Found"
09:19:34 │ INFO    │ httpx │ HTTP Request: HEAD https://www.moss.dev/jobs "HTTP/1.1 404 Not Found"
09:19:34 │ INFO    │ httpx │ HTTP Request: HEAD https://didit.me/jobs/ "HTTP/1.1 404 Not Found"
09:19:34 │ INFO    │ httpx │ HTTP Request: HEAD https://moss.dev/work-with-us "HTTP/1.1 307 Temporary Redirect"
09:19:34 │ INFO    │ httpx │ HTTP Request: GET https://api.greenhouse.io/v1/boards/vectorlegal/jobs "HTTP/1.1 404 Not Found"
09:19:34 │ INFO    │ httpx │ HTTP Request: HEAD https://www.moss.dev/work-with-us "HTTP/1.1 404 Not Found"
09:19:34 │ INFO    │ httpx │ HTTP Request: GET https://api.lever.co/v0/postings/catchback-cards "HTTP/1.1 404 Not Found"
09:19:34 │ INFO    │ httpx │ HTTP Request: GET https://moss.dev "HTTP/1.1 307 Temporary Redirect"
09:19:34 │ INFO    │ httpx │ HTTP Request: HEAD https://antigen.sh/ "HTTP/1.1 200 OK"
09:19:34 │ INFO    │ httpx │ HTTP Request: HEAD https://didit.me/work-with-us "HTTP/1.1 308 Permanent Redirect"
09:19:34 │ INFO    │ httpx │ HTTP Request: GET https://api.greenhouse.io/v1/boards/velvet/jobs "HTTP/1.1 404 Not Found"
09:19:34 │ INFO    │ httpx │ HTTP Request: GET https://www.moss.dev/ "HTTP/1.1 200 OK"
09:19:34 │ INFO    │ httpx │ HTTP Request: GET https://api.greenhouse.io/v1/boards/vector_legal/jobs "HTTP/1.1 404 Not Found"
09:19:34 │ INFO    │ httpx │ HTTP Request: GET https://api.lever.co/v0/postings/catchbackcards "HTTP/1.1 404 Not Found"
09:19:34 │ INFO    │ httpx │ HTTP Request: HEAD https://antigen.sh/ "HTTP/1.1 200 OK"
09:19:34 │ INFO    │ httpx │ HTTP Request: HEAD https://didit.me/work-with-us/ "HTTP/1.1 404 Not Found"
09:19:34 │ INFO    │ pipeline.enrichment.job_resolver │ Didit: Tier 4 (manual_visit)
09:19:34 │ INFO    │ httpx │ HTTP Request: HEAD https://antigen.sh/careers "HTTP/1.1 404 Not Found"
09:19:34 │ INFO    │ httpx │ HTTP Request: GET https://api.lever.co/v0/postings/catchback_cards "HTTP/1.1 404 Not Found"
09:19:34 │ INFO    │ httpx │ HTTP Request: GET https://api.lever.co/v0/postings/imperfect "HTTP/1.1 404 Not Found"
09:19:35 │ INFO    │ httpx │ HTTP Request: HEAD https://antigen.sh/jobs "HTTP/1.1 404 Not Found"
09:19:35 │ INFO    │ httpx │ HTTP Request: HEAD https://catchbackcards.com "HTTP/1.1 200 OK"
09:19:35 │ INFO    │ httpx │ HTTP Request: HEAD https://diligencesquared.com/ "HTTP/1.1 308 Permanent Redirect"
09:19:35 │ INFO    │ httpx │ HTTP Request: GET https://api.lever.co/v0/postings/item "HTTP/1.1 404 Not Found"
09:19:35 │ INFO    │ httpx │ HTTP Request: GET https://api.greenhouse.io/v1/boards/moss/jobs "HTTP/1.1 404 Not Found"
09:19:35 │ INFO    │ httpx │ HTTP Request: HEAD https://catchbackcards.com/careers "HTTP/1.1 200 OK"
09:19:35 │ INFO    │ httpx │ HTTP Request: GET https://api.lever.co/v0/postings/clicks-health "HTTP/1.1 404 Not Found"
09:19:35 │ INFO    │ httpx │ HTTP Request: HEAD https://antigen.sh/work-with-us "HTTP/1.1 404 Not Found"
09:19:35 │ INFO    │ httpx │ HTTP Request: GET https://catchbackcards.com/careers "HTTP/1.1 200 OK"
09:19:35 │ INFO    │ pipeline.enrichment.job_resolver │ CatchBack Cards: Tier 4 (manual_visit)
09:19:35 │ INFO    │ httpx │ HTTP Request: HEAD https://www.diligencesquared.com/ "HTTP/1.1 200 OK"
09:19:35 │ INFO    │ httpx │ HTTP Request: HEAD https://item.app "HTTP/1.1 200 OK"
09:19:35 │ INFO    │ httpx │ HTTP Request: HEAD https://diligencesquared.com/ "HTTP/1.1 308 Permanent Redirect"
09:19:35 │ INFO    │ httpx │ HTTP Request: HEAD https://www.diligencesquared.com/ "HTTP/1.1 200 OK"
09:19:35 │ INFO    │ httpx │ HTTP Request: HEAD https://item.app/careers "HTTP/1.1 200 OK"
09:19:35 │ INFO    │ httpx │ HTTP Request: HEAD https://diligencesquared.com/careers "HTTP/1.1 308 Permanent Redirect"
09:19:35 │ INFO    │ httpx │ HTTP Request: GET https://api.lever.co/v0/postings/velvet "HTTP/1.1 404 Not Found"
09:19:35 │ INFO    │ httpx │ HTTP Request: GET https://item.app/careers "HTTP/1.1 200 OK"
09:19:35 │ INFO    │ httpx │ HTTP Request: GET https://api.lever.co/v0/postings/clickshealth "HTTP/1.1 404 Not Found"
09:19:35 │ INFO    │ httpx │ HTTP Request: HEAD https://www.diligencesquared.com/careers "HTTP/1.1 404 Not Found"
09:19:36 │ INFO    │ pipeline.enrichment.job_resolver │ item: Tier 2 (html_heuristic) → 1 jobs
09:19:36 │ INFO    │ httpx │ HTTP Request: GET https://api.lever.co/v0/postings/vector-legal "HTTP/1.1 404 Not Found"
09:19:36 │ INFO    │ httpx │ HTTP Request: HEAD https://diligencesquared.com/jobs "HTTP/1.1 308 Permanent Redirect"
09:19:36 │ INFO    │ httpx │ HTTP Request: GET https://antigen.sh/ "HTTP/1.1 200 OK"
09:19:36 │ INFO    │ httpx │ HTTP Request: GET https://api.lever.co/v0/postings/clicks_health "HTTP/1.1 404 Not Found"
09:19:36 │ INFO    │ httpx │ HTTP Request: HEAD https://imperfect.co "HTTP/1.1 200 OK"
09:19:36 │ INFO    │ httpx │ HTTP Request: HEAD https://www.diligencesquared.com/jobs "HTTP/1.1 404 Not Found"
09:19:36 │ INFO    │ httpx │ HTTP Request: HEAD https://diligencesquared.com/work-with-us "HTTP/1.1 308 Permanent Redirect"
09:19:36 │ INFO    │ httpx │ HTTP Request: HEAD https://www.diligencesquared.com/work-with-us "HTTP/1.1 404 Not Found"
09:19:36 │ INFO    │ httpx │ HTTP Request: HEAD https://velvetlab.ai "HTTP/1.1 200 OK"
09:19:36 │ INFO    │ httpx │ HTTP Request: GET https://diligencesquared.com/ "HTTP/1.1 308 Permanent Redirect"
09:19:36 │ INFO    │ httpx │ HTTP Request: HEAD https://velvetlab.ai/careers "HTTP/1.1 404 Not Found"
09:19:36 │ INFO    │ httpx │ HTTP Request: GET https://www.diligencesquared.com/ "HTTP/1.1 200 OK"
09:19:36 │ INFO    │ httpx │ HTTP Request: HEAD https://velvetlab.ai/jobs "HTTP/1.1 404 Not Found"
09:19:36 │ INFO    │ httpx │ HTTP Request: GET https://api.lever.co/v0/postings/vectorlegal "HTTP/1.1 404 Not Found"
09:19:36 │ INFO    │ httpx │ HTTP Request: HEAD https://clickshealth.com/ "HTTP/1.1 200 OK"
09:19:36 │ INFO    │ httpx │ HTTP Request: HEAD https://velvetlab.ai/work-with-us "HTTP/1.1 404 Not Found"
09:19:36 │ INFO    │ httpx │ HTTP Request: HEAD https://clickshealth.com/careers "HTTP/1.1 404 Not Found"
09:19:36 │ INFO    │ httpx │ HTTP Request: GET https://api.greenhouse.io/v1/boards/antigen/jobs "HTTP/1.1 404 Not Found"
09:19:36 │ INFO    │ pipeline.enrichment.job_resolver │ Velvet: Tier 4 (manual_visit)
09:19:36 │ INFO    │ httpx │ HTTP Request: HEAD https://thehog.ai/ "HTTP/1.1 200 OK"
09:19:36 │ INFO    │ httpx │ HTTP Request: HEAD https://lightberry.com "HTTP/1.1 200 OK"
09:19:36 │ INFO    │ httpx │ HTTP Request: HEAD https://clickshealth.com/jobs "HTTP/1.1 404 Not Found"
09:19:36 │ INFO    │ httpx │ HTTP Request: HEAD https://lightberry.com "HTTP/1.1 200 OK"
09:19:36 │ INFO    │ httpx │ HTTP Request: HEAD https://thehog.ai/ "HTTP/1.1 200 OK"
09:19:36 │ INFO    │ httpx │ HTTP Request: GET https://api.lever.co/v0/postings/vector_legal "HTTP/1.1 404 Not Found"
09:19:36 │ INFO    │ httpx │ HTTP Request: HEAD https://lightberry.com/careers "HTTP/1.1 200 OK"
09:19:36 │ INFO    │ httpx │ HTTP Request: HEAD https://clickshealth.com/work-with-us "HTTP/1.1 404 Not Found"
09:19:36 │ INFO    │ httpx │ HTTP Request: HEAD https://thehog.ai/careers "HTTP/1.1 404 Not Found"
09:19:36 │ INFO    │ httpx │ HTTP Request: GET https://api.lever.co/v0/postings/clara_2 "HTTP/1.1 404 Not Found"
09:19:36 │ INFO    │ pipeline.enrichment.job_resolver │ Clicks Health: Tier 4 (manual_visit)
09:19:36 │ INFO    │ httpx │ HTTP Request: GET https://lightberry.com "HTTP/1.1 200 OK"
09:19:36 │ INFO    │ httpx │ HTTP Request: GET https://api.lever.co/v0/postings/moss "HTTP/1.1 404 Not Found"
09:19:36 │ INFO    │ httpx │ HTTP Request: HEAD https://thehog.ai/jobs "HTTP/1.1 404 Not Found"
09:19:36 │ INFO    │ httpx │ HTTP Request: GET https://api.greenhouse.io/v1/boards/diligencesquared-inc/jobs "HTTP/1.1 404 Not Found"
09:19:36 │ INFO    │ httpx │ HTTP Request: HEAD https://www.rovi.health "HTTP/1.1 200 OK"
09:19:36 │ INFO    │ httpx │ HTTP Request: HEAD http://askclara.com "HTTP/1.0 308 Permanent Redirect"
09:19:36 │ INFO    │ httpx │ HTTP Request: HEAD https://thehog.ai/work-with-us "HTTP/1.1 404 Not Found"
09:19:36 │ INFO    │ httpx │ HTTP Request: HEAD https://www.rovi.health "HTTP/1.1 200 OK"
09:19:37 │ INFO    │ httpx │ HTTP Request: HEAD https://www.rovi.health/careers "HTTP/1.1 404 Not Found"
09:19:37 │ INFO    │ httpx │ HTTP Request: GET https://thehog.ai/ "HTTP/1.1 200 OK"
09:19:37 │ INFO    │ httpx │ HTTP Request: HEAD https://imperfect.co/careers "HTTP/1.1 404 Not Found"
09:19:37 │ INFO    │ httpx │ HTTP Request: HEAD https://moss.dev "HTTP/1.1 307 Temporary Redirect"
09:19:37 │ INFO    │ httpx │ HTTP Request: HEAD https://vectorlegal.com "HTTP/1.1 403 Forbidden"
09:19:37 │ INFO    │ httpx │ HTTP Request: HEAD https://www.rovi.health/jobs "HTTP/1.1 404 Not Found"
09:19:37 │ INFO    │ pipeline.enrichment.job_resolver │ Vector Legal: Tier 4 (manual_visit)
09:19:37 │ INFO    │ httpx │ HTTP Request: HEAD https://askclara.com/ "HTTP/1.1 200 OK"
09:19:37 │ INFO    │ httpx │ HTTP Request: GET https://api.greenhouse.io/v1/boards/diligencesquaredinc/jobs "HTTP/1.1 404 Not Found"
09:19:37 │ INFO    │ httpx │ HTTP Request: GET https://api.greenhouse.io/v1/boards/lightberry/jobs "HTTP/1.1 404 Not Found"
09:19:37 │ INFO    │ httpx │ HTTP Request: HEAD https://www.rovi.health/work-with-us "HTTP/1.1 404 Not Found"
09:19:37 │ INFO    │ httpx │ HTTP Request: HEAD http://askclara.com/careers "HTTP/1.0 308 Permanent Redirect"
09:19:37 │ INFO    │ httpx │ HTTP Request: GET https://www.rovi.health "HTTP/1.1 200 OK"
09:19:37 │ INFO    │ httpx │ HTTP Request: HEAD https://www.moss.dev/ "HTTP/1.1 200 OK"
09:19:37 │ INFO    │ httpx │ HTTP Request: HEAD https://askclara.com/careers "HTTP/1.1 404 Not Found"
09:19:37 │ INFO    │ httpx │ HTTP Request: HEAD https://moss.dev/careers "HTTP/1.1 307 Temporary Redirect"
09:19:37 │ INFO    │ httpx │ HTTP Request: GET https://api.greenhouse.io/v1/boards/diligencesquared_inc/jobs "HTTP/1.1 404 Not Found"
09:19:37 │ INFO    │ httpx │ HTTP Request: HEAD https://imperfect.co/jobs "HTTP/1.1 404 Not Found"
09:19:37 │ INFO    │ httpx │ HTTP Request: HEAD https://jarmin.ai/ "HTTP/1.1 307 Temporary Redirect"
09:19:37 │ INFO    │ httpx │ HTTP Request: HEAD http://askclara.com/jobs "HTTP/1.0 308 Permanent Redirect"
09:19:37 │ INFO    │ httpx │ HTTP Request: HEAD https://www.moss.dev/careers "HTTP/1.1 404 Not Found"
09:19:37 │ INFO    │ httpx │ HTTP Request: GET https://api.greenhouse.io/v1/boards/the-hog/jobs "HTTP/1.1 404 Not Found"
09:19:37 │ INFO    │ httpx │ HTTP Request: HEAD https://askclara.com/jobs "HTTP/1.1 404 Not Found"
09:19:37 │ INFO    │ httpx │ HTTP Request: HEAD https://moss.dev/jobs "HTTP/1.1 307 Temporary Redirect"
09:19:37 │ INFO    │ httpx │ HTTP Request: HEAD https://www.moss.dev/jobs "HTTP/1.1 404 Not Found"
09:19:37 │ INFO    │ httpx │ HTTP Request: HEAD http://askclara.com/work-with-us "HTTP/1.0 308 Permanent Redirect"
09:19:37 │ INFO    │ httpx │ HTTP Request: HEAD https://moss.dev/work-with-us "HTTP/1.1 307 Temporary Redirect"
09:19:37 │ INFO    │ httpx │ HTTP Request: GET https://api.lever.co/v0/postings/antigen "HTTP/1.1 404 Not Found"
09:19:37 │ INFO    │ httpx │ HTTP Request: GET https://api.greenhouse.io/v1/boards/rovi-health/jobs "HTTP/1.1 404 Not Found"
09:19:37 │ INFO    │ httpx │ HTTP Request: HEAD https://askclara.com/work-with-us "HTTP/1.1 404 Not Found"
09:19:37 │ INFO    │ pipeline.enrichment.job_resolver │ Clara: Tier 4 (manual_visit)
09:19:37 │ INFO    │ httpx │ HTTP Request: HEAD https://www.moss.dev/work-with-us "HTTP/1.1 404 Not Found"
09:19:37 │ INFO    │ pipeline.enrichment.job_resolver │ Moss: Tier 4 (manual_visit)
09:19:37 │ INFO    │ httpx │ HTTP Request: HEAD https://imperfect.co/work-with-us "HTTP/1.1 404 Not Found"
09:19:37 │ INFO    │ httpx │ HTTP Request: GET https://api.greenhouse.io/v1/boards/thehog/jobs "HTTP/1.1 404 Not Found"
09:19:37 │ INFO    │ pipeline.enrichment.job_resolver │ Imperfect: Tier 4 (manual_visit)
09:19:38 │ INFO    │ httpx │ HTTP Request: HEAD https://www.jarmin.ai/ "HTTP/1.1 200 OK"
09:19:38 │ INFO    │ httpx │ HTTP Request: GET https://api.greenhouse.io/v1/boards/rovihealth/jobs "HTTP/1.1 404 Not Found"
09:19:38 │ INFO    │ httpx │ HTTP Request: HEAD https://generalastro.com/ "HTTP/1.1 200 OK"
09:19:38 │ INFO    │ httpx │ HTTP Request: HEAD https://jarmin.ai/ "HTTP/1.1 307 Temporary Redirect"
09:19:38 │ INFO    │ httpx │ HTTP Request: HEAD https://exonic.ai "HTTP/1.1 307 Temporary Redirect"
09:19:38 │ INFO    │ httpx │ HTTP Request: HEAD https://www.karumi.ai/ "HTTP/1.1 200 OK"
09:19:38 │ INFO    │ httpx │ HTTP Request: GET https://api.greenhouse.io/v1/boards/the_hog/jobs "HTTP/1.1 404 Not Found"
09:19:38 │ INFO    │ httpx │ HTTP Request: HEAD https://www.karumi.ai/ "HTTP/1.1 200 OK"
09:19:38 │ INFO    │ httpx │ HTTP Request: GET https://api.greenhouse.io/v1/boards/rovi_health/jobs "HTTP/1.1 404 Not Found"
09:19:38 │ INFO    │ httpx │ HTTP Request: HEAD https://www.karumi.ai/careers "HTTP/1.1 404 Not Found"
09:19:38 │ INFO    │ httpx │ HTTP Request: HEAD https://www.jarmin.ai/ "HTTP/1.1 200 OK"
09:19:38 │ INFO    │ httpx │ HTTP Request: HEAD https://www.karumi.ai/jobs "HTTP/1.1 404 Not Found"
09:19:38 │ INFO    │ httpx │ HTTP Request: HEAD https://www.karumi.ai/work-with-us "HTTP/1.1 404 Not Found"
09:19:38 │ INFO    │ httpx │ HTTP Request: HEAD https://jarmin.ai/careers "HTTP/1.1 307 Temporary Redirect"
09:19:38 │ INFO    │ httpx │ HTTP Request: GET https://www.karumi.ai/ "HTTP/1.1 200 OK"
09:19:38 │ INFO    │ httpx │ HTTP Request: HEAD https://www.exonic.ai/ "HTTP/1.1 200 OK"
09:19:38 │ INFO    │ httpx │ HTTP Request: GET https://api.lever.co/v0/postings/lightberry "HTTP/1.1 404 Not Found"
09:19:38 │ INFO    │ httpx │ HTTP Request: HEAD https://exonic.ai "HTTP/1.1 307 Temporary Redirect"
09:19:38 │ INFO    │ httpx │ HTTP Request: HEAD https://www.exonic.ai/ "HTTP/1.1 200 OK"
09:19:38 │ INFO    │ httpx │ HTTP Request: GET https://api.lever.co/v0/postings/diligencesquared-inc "HTTP/1.1 404 Not Found"
09:19:38 │ INFO    │ httpx │ HTTP Request: HEAD https://exonic.ai/careers "HTTP/1.1 307 Temporary Redirect"
09:19:38 │ INFO    │ httpx │ HTTP Request: HEAD https://www.icarus.one/ "HTTP/1.1 200 OK"
09:19:38 │ INFO    │ httpx │ HTTP Request: HEAD https://lightberry.com "HTTP/1.1 200 OK"
09:19:38 │ INFO    │ httpx │ HTTP Request: HEAD https://www.jarmin.ai/careers "HTTP/1.1 404 Not Found"
09:19:38 │ INFO    │ httpx │ HTTP Request: HEAD https://www.exonic.ai/careers "HTTP/1.1 200 OK"
09:19:38 │ INFO    │ httpx │ HTTP Request: HEAD https://generalastro.com/ "HTTP/1.1 200 OK"
09:19:38 │ INFO    │ httpx │ HTTP Request: HEAD https://www.icarus.one/ "HTTP/1.1 200 OK"
09:19:38 │ INFO    │ httpx │ HTTP Request: GET https://exonic.ai "HTTP/1.1 307 Temporary Redirect"
09:19:38 │ INFO    │ httpx │ HTTP Request: HEAD https://jarmin.ai/jobs "HTTP/1.1 307 Temporary Redirect"
09:19:38 │ INFO    │ httpx │ HTTP Request: HEAD https://lightberry.com/careers "HTTP/1.1 200 OK"
09:19:38 │ INFO    │ httpx │ HTTP Request: GET https://api.lever.co/v0/postings/diligencesquaredinc "HTTP/1.1 404 Not Found"
09:19:38 │ INFO    │ httpx │ HTTP Request: HEAD https://antigen.sh/ "HTTP/1.1 200 OK"
09:19:38 │ INFO    │ httpx │ HTTP Request: GET https://www.exonic.ai/ "HTTP/1.1 200 OK"
09:19:39 │ INFO    │ httpx │ HTTP Request: GET https://lightberry.com/careers "HTTP/1.1 200 OK"
09:19:39 │ INFO    │ pipeline.enrichment.job_resolver │ Lightberry: Tier 2 (html_heuristic) → 16 jobs
09:19:39 │ INFO    │ httpx │ HTTP Request: HEAD https://www.jarmin.ai/jobs "HTTP/1.1 404 Not Found"
09:19:39 │ INFO    │ httpx │ HTTP Request: GET https://api.greenhouse.io/v1/boards/karumi/jobs "HTTP/1.1 404 Not Found"
09:19:39 │ INFO    │ httpx │ HTTP Request: HEAD https://generalastro.com/careers "HTTP/1.1 404 Not Found"
09:19:39 │ INFO    │ httpx │ HTTP Request: GET https://api.lever.co/v0/postings/diligencesquared_inc "HTTP/1.1 404 Not Found"
09:19:39 │ INFO    │ httpx │ HTTP Request: HEAD https://jarmin.ai/work-with-us "HTTP/1.1 307 Temporary Redirect"
09:19:39 │ INFO    │ httpx │ HTTP Request: HEAD https://antigen.sh/careers "HTTP/1.1 404 Not Found"
09:19:39 │ INFO    │ httpx │ HTTP Request: HEAD https://www.icarus.one/careers "HTTP/1.1 404 Not Found"
09:19:39 │ INFO    │ httpx │ HTTP Request: GET https://api.greenhouse.io/v1/boards/exonic/jobs "HTTP/1.1 404 Not Found"
09:19:39 │ INFO    │ httpx │ HTTP Request: HEAD https://diligencesquared.com/ "HTTP/1.1 308 Permanent Redirect"
09:19:39 │ INFO    │ httpx │ HTTP Request: GET https://api.lever.co/v0/postings/rovi-health "HTTP/1.1 404 Not Found"
09:19:39 │ INFO    │ httpx │ HTTP Request: GET https://api.lever.co/v0/postings/the-hog "HTTP/1.1 404 Not Found"
09:19:39 │ INFO    │ httpx │ HTTP Request: HEAD https://www.jarmin.ai/work-with-us "HTTP/1.1 404 Not Found"
09:19:39 │ INFO    │ httpx │ HTTP Request: HEAD https://antigen.sh/jobs "HTTP/1.1 404 Not Found"
09:19:39 │ INFO    │ httpx │ HTTP Request: HEAD https://www.savahq.com "HTTP/1.1 200 OK"
09:19:39 │ INFO    │ httpx │ HTTP Request: HEAD https://www.icarus.one/jobs "HTTP/1.1 404 Not Found"
09:19:39 │ INFO    │ httpx │ HTTP Request: HEAD https://generalastro.com/jobs "HTTP/1.1 404 Not Found"
09:19:39 │ INFO    │ httpx │ HTTP Request: GET https://jarmin.ai/ "HTTP/1.1 307 Temporary Redirect"
09:19:39 │ INFO    │ httpx │ HTTP Request: HEAD https://www.diligencesquared.com/ "HTTP/1.1 200 OK"
09:19:39 │ INFO    │ httpx │ HTTP Request: HEAD https://www.savahq.com "HTTP/1.1 200 OK"
09:19:39 │ INFO    │ httpx │ HTTP Request: HEAD https://diligencesquared.com/careers "HTTP/1.1 308 Permanent Redirect"
09:19:39 │ INFO    │ httpx │ HTTP Request: HEAD https://www.savahq.com/careers "HTTP/1.1 404 Not Found"
09:19:39 │ INFO    │ httpx │ HTTP Request: HEAD https://www.diligencesquared.com/careers "HTTP/1.1 404 Not Found"
09:19:39 │ INFO    │ httpx │ HTTP Request: GET https://api.lever.co/v0/postings/rovihealth "HTTP/1.1 404 Not Found"
09:19:39 │ INFO    │ httpx │ HTTP Request: GET https://api.lever.co/v0/postings/thehog "HTTP/1.1 404 Not Found"
09:19:40 │ INFO    │ httpx │ HTTP Request: GET https://www.jarmin.ai/ "HTTP/1.1 200 OK"
09:19:40 │ INFO    │ httpx │ HTTP Request: HEAD https://www.savahq.com/jobs "HTTP/1.1 404 Not Found"
09:19:40 │ INFO    │ httpx │ HTTP Request: HEAD https://generalastro.com/work-with-us "HTTP/1.1 404 Not Found"
09:19:40 │ INFO    │ httpx │ HTTP Request: HEAD https://www.icarus.one/work-with-us "HTTP/1.1 404 Not Found"
09:19:40 │ INFO    │ httpx │ HTTP Request: HEAD https://diligencesquared.com/jobs "HTTP/1.1 308 Permanent Redirect"
09:19:40 │ INFO    │ httpx │ HTTP Request: HEAD https://www.savahq.com/work-with-us "HTTP/1.1 404 Not Found"
09:19:40 │ INFO    │ httpx │ HTTP Request: HEAD https://www.diligencesquared.com/jobs "HTTP/1.1 404 Not Found"
09:19:40 │ INFO    │ httpx │ HTTP Request: GET https://www.savahq.com "HTTP/1.1 200 OK"
09:19:40 │ INFO    │ httpx │ HTTP Request: GET https://www.icarus.one/ "HTTP/1.1 200 OK"
09:19:40 │ INFO    │ httpx │ HTTP Request: HEAD https://diligencesquared.com/work-with-us "HTTP/1.1 308 Permanent Redirect"
09:19:40 │ INFO    │ httpx │ HTTP Request: HEAD https://antigen.sh/work-with-us "HTTP/1.1 404 Not Found"
09:19:40 │ INFO    │ pipeline.enrichment.job_resolver │ Antigen: Tier 4 (manual_visit)
09:19:40 │ INFO    │ httpx │ HTTP Request: HEAD https://www.diligencesquared.com/work-with-us "HTTP/1.1 404 Not Found"
09:19:40 │ INFO    │ pipeline.enrichment.job_resolver │ DiligenceSquared: Tier 4 (manual_visit)
09:19:40 │ INFO    │ httpx │ HTTP Request: GET https://generalastro.com/ "HTTP/1.1 200 OK"
09:19:40 │ INFO    │ httpx │ HTTP Request: GET https://api.greenhouse.io/v1/boards/jarmin/jobs "HTTP/1.1 404 Not Found"
09:19:40 │ INFO    │ httpx │ HTTP Request: GET https://api.lever.co/v0/postings/the_hog "HTTP/1.1 404 Not Found"
09:19:40 │ INFO    │ httpx │ HTTP Request: GET https://api.greenhouse.io/v1/boards/savahq/jobs "HTTP/1.1 404 Not Found"
09:19:41 │ INFO    │ httpx │ HTTP Request: HEAD https://thehog.ai/ "HTTP/1.1 200 OK"
09:19:41 │ INFO    │ httpx │ HTTP Request: HEAD https://thehog.ai/careers "HTTP/1.1 404 Not Found"
09:19:41 │ INFO    │ httpx │ HTTP Request: HEAD https://thehog.ai/jobs "HTTP/1.1 404 Not Found"
09:19:41 │ INFO    │ httpx │ HTTP Request: GET https://api.greenhouse.io/v1/boards/job-boards/jobs "HTTP/1.1 404 Not Found"
09:19:41 │ INFO    │ httpx │ HTTP Request: HEAD https://thehog.ai/work-with-us "HTTP/1.1 404 Not Found"
09:19:41 │ INFO    │ pipeline.enrichment.job_resolver │ The Hog: Tier 4 (manual_visit)
09:19:41 │ INFO    │ httpx │ HTTP Request: GET https://api.greenhouse.io/v1/boards/generalastro/jobs "HTTP/1.1 404 Not Found"
09:19:41 │ INFO    │ httpx │ HTTP Request: HEAD https://kalpalabs.ai/ "HTTP/1.1 200 OK"
09:19:41 │ INFO    │ httpx │ HTTP Request: HEAD https://metorial.com "HTTP/1.1 200 OK"
09:19:41 │ INFO    │ httpx │ HTTP Request: GET https://api.greenhouse.io/v1/boards/icarus/jobs "HTTP/1.1 200 OK"
09:19:41 │ INFO    │ pipeline.enrichment.job_resolver │ Icarus: Tier 1 (greenhouse) → 27 jobs
09:19:41 │ INFO    │ httpx │ HTTP Request: HEAD https://kalpalabs.ai/ "HTTP/1.1 200 OK"
09:19:41 │ INFO    │ httpx │ HTTP Request: HEAD https://kalpalabs.ai/careers "HTTP/1.1 404 Not Found"
09:19:41 │ INFO    │ httpx │ HTTP Request: GET https://api.lever.co/v0/postings/rovi_health "HTTP/1.1 404 Not Found"
09:19:41 │ INFO    │ httpx │ HTTP Request: GET https://api.lever.co/v0/postings/jarmin "HTTP/1.1 404 Not Found"
09:19:42 │ INFO    │ httpx │ HTTP Request: HEAD https://kalpalabs.ai/jobs "HTTP/1.1 404 Not Found"
09:19:42 │ INFO    │ httpx │ HTTP Request: HEAD https://metorial.com "HTTP/1.1 200 OK"
09:19:42 │ INFO    │ httpx │ HTTP Request: HEAD https://kalpalabs.ai/work-with-us "HTTP/1.1 404 Not Found"
09:19:42 │ INFO    │ httpx │ HTTP Request: HEAD https://www.rovi.health "HTTP/1.1 200 OK"
09:19:42 │ INFO    │ httpx │ HTTP Request: GET https://api.lever.co/v0/postings/savahq "HTTP/1.1 404 Not Found"
09:19:42 │ INFO    │ httpx │ HTTP Request: HEAD https://www.rovi.health/careers "HTTP/1.1 404 Not Found"
09:19:42 │ INFO    │ httpx │ HTTP Request: HEAD https://jarmin.ai/ "HTTP/1.1 307 Temporary Redirect"
09:19:42 │ INFO    │ httpx │ HTTP Request: GET https://kalpalabs.ai/ "HTTP/1.1 200 OK"
09:19:42 │ INFO    │ httpx │ HTTP Request: HEAD https://metorial.com/careers "HTTP/1.1 404 Not Found"
09:19:42 │ INFO    │ httpx │ HTTP Request: HEAD https://www.rovi.health/jobs "HTTP/1.1 404 Not Found"
09:19:42 │ INFO    │ httpx │ HTTP Request: GET https://api.lever.co/v0/postings/karumi "HTTP/1.1 404 Not Found"
09:19:42 │ INFO    │ httpx │ HTTP Request: HEAD https://www.rovi.health/work-with-us "HTTP/1.1 404 Not Found"
09:19:42 │ INFO    │ pipeline.enrichment.job_resolver │ Rovi Health: Tier 4 (manual_visit)
09:19:42 │ INFO    │ httpx │ HTTP Request: HEAD https://www.savahq.com "HTTP/1.1 200 OK"
09:19:42 │ INFO    │ httpx │ HTTP Request: HEAD https://metorial.com/jobs "HTTP/1.1 404 Not Found"
09:19:42 │ INFO    │ httpx │ HTTP Request: HEAD https://www.savahq.com/careers "HTTP/1.1 404 Not Found"
09:19:42 │ INFO    │ httpx │ HTTP Request: HEAD https://www.karumi.ai/ "HTTP/1.1 200 OK"
09:19:42 │ INFO    │ httpx │ HTTP Request: HEAD https://www.savahq.com/jobs "HTTP/1.1 404 Not Found"
09:19:42 │ INFO    │ httpx │ HTTP Request: GET https://api.lever.co/v0/postings/generalastro "HTTP/1.1 404 Not Found"
09:19:42 │ INFO    │ httpx │ HTTP Request: HEAD https://www.karumi.ai/careers "HTTP/1.1 404 Not Found"
09:19:42 │ INFO    │ httpx │ HTTP Request: HEAD https://www.savahq.com/work-with-us "HTTP/1.1 404 Not Found"
09:19:42 │ INFO    │ httpx │ HTTP Request: HEAD https://metorial.com/work-with-us "HTTP/1.1 404 Not Found"
09:19:42 │ INFO    │ pipeline.enrichment.job_resolver │ Sava: Tier 4 (manual_visit)
09:19:42 │ INFO    │ httpx │ HTTP Request: HEAD https://www.sourcebot.dev/ "HTTP/1.1 200 OK"
09:19:42 │ INFO    │ httpx │ HTTP Request: GET https://api.greenhouse.io/v1/boards/kalpa-labs/jobs "HTTP/1.1 404 Not Found"
09:19:42 │ INFO    │ httpx │ HTTP Request: HEAD https://www.jarmin.ai/ "HTTP/1.1 200 OK"
09:19:42 │ INFO    │ httpx │ HTTP Request: HEAD https://www.karumi.ai/jobs "HTTP/1.1 404 Not Found"
09:19:42 │ INFO    │ httpx │ HTTP Request: HEAD https://jarmin.ai/careers "HTTP/1.1 307 Temporary Redirect"
09:19:42 │ INFO    │ httpx │ HTTP Request: HEAD https://www.sourcebot.dev/ "HTTP/1.1 200 OK"
09:19:42 │ INFO    │ httpx │ HTTP Request: HEAD https://www.karumi.ai/work-with-us "HTTP/1.1 404 Not Found"
09:19:42 │ INFO    │ pipeline.enrichment.job_resolver │ Karumi: Tier 4 (manual_visit)
09:19:42 │ INFO    │ httpx │ HTTP Request: HEAD https://www.zalos.ai/ "HTTP/1.1 200 OK"
09:19:42 │ INFO    │ httpx │ HTTP Request: GET https://metorial.com "HTTP/1.1 200 OK"
09:19:42 │ INFO    │ httpx │ HTTP Request: HEAD https://www.sourcebot.dev/careers "HTTP/1.1 404 Not Found"
09:19:42 │ INFO    │ httpx │ HTTP Request: GET https://api.greenhouse.io/v1/boards/kalpalabs/jobs "HTTP/1.1 404 Not Found"
09:19:42 │ INFO    │ httpx │ HTTP Request: HEAD https://www.zalos.ai/ "HTTP/1.1 200 OK"
09:19:42 │ INFO    │ httpx │ HTTP Request: HEAD https://www.sourcebot.dev/jobs "HTTP/1.1 404 Not Found"
09:19:43 │ INFO    │ httpx │ HTTP Request: HEAD https://www.jarmin.ai/careers "HTTP/1.1 404 Not Found"
09:19:43 │ INFO    │ httpx │ HTTP Request: HEAD https://www.sourcebot.dev/work-with-us "HTTP/1.1 404 Not Found"
09:19:43 │ INFO    │ httpx │ HTTP Request: HEAD https://jarmin.ai/jobs "HTTP/1.1 307 Temporary Redirect"
09:19:43 │ INFO    │ httpx │ HTTP Request: HEAD https://aside.com "HTTP/1.1 200 OK"
09:19:43 │ INFO    │ httpx │ HTTP Request: GET https://www.sourcebot.dev/ "HTTP/1.1 200 OK"
09:19:43 │ INFO    │ httpx │ HTTP Request: HEAD https://aside.com "HTTP/1.1 200 OK"
09:19:43 │ INFO    │ httpx │ HTTP Request: GET https://api.greenhouse.io/v1/boards/kalpa_labs/jobs "HTTP/1.1 404 Not Found"
09:19:43 │ INFO    │ httpx │ HTTP Request: HEAD https://tryscott.ai "HTTP/1.1 307 Temporary Redirect"
09:19:43 │ INFO    │ httpx │ HTTP Request: HEAD https://aside.com/careers "HTTP/1.1 404 Not Found"
09:19:43 │ INFO    │ httpx │ HTTP Request: HEAD https://www.zalos.ai/careers "HTTP/1.1 200 OK"
09:19:43 │ INFO    │ httpx │ HTTP Request: HEAD https://www.jarmin.ai/jobs "HTTP/1.1 404 Not Found"
09:19:43 │ INFO    │ httpx │ HTTP Request: HEAD https://aside.com/jobs "HTTP/1.1 404 Not Found"
09:19:43 │ INFO    │ httpx │ HTTP Request: GET https://www.zalos.ai/ "HTTP/1.1 200 OK"
09:19:43 │ INFO    │ httpx │ HTTP Request: HEAD https://heylua.ai/ "HTTP/1.1 200 OK"
09:19:43 │ INFO    │ httpx │ HTTP Request: HEAD https://jarmin.ai/work-with-us "HTTP/1.1 307 Temporary Redirect"
09:19:43 │ INFO    │ httpx │ HTTP Request: HEAD https://aside.com/work-with-us "HTTP/1.1 404 Not Found"
09:19:43 │ INFO    │ httpx │ HTTP Request: GET https://api.greenhouse.io/v1/boards/metorial/jobs "HTTP/1.1 404 Not Found"
09:19:43 │ INFO    │ httpx │ HTTP Request: GET https://api.greenhouse.io/v1/boards/sourcebot/jobs "HTTP/1.1 404 Not Found"
09:19:43 │ INFO    │ httpx │ HTTP Request: GET https://aside.com "HTTP/1.1 200 OK"
09:19:43 │ INFO    │ httpx │ HTTP Request: HEAD https://heylua.ai/ "HTTP/1.1 200 OK"
09:19:43 │ INFO    │ httpx │ HTTP Request: HEAD https://www.tryscott.ai/ "HTTP/1.1 200 OK"
09:19:43 │ INFO    │ httpx │ HTTP Request: HEAD https://www.jarmin.ai/work-with-us "HTTP/1.1 404 Not Found"
09:19:43 │ INFO    │ pipeline.enrichment.job_resolver │ Jarmin: Tier 4 (manual_visit)
09:19:43 │ INFO    │ httpx │ HTTP Request: HEAD https://tryscott.ai "HTTP/1.1 307 Temporary Redirect"
09:19:43 │ INFO    │ httpx │ HTTP Request: HEAD https://generalastro.com/ "HTTP/1.1 200 OK"
09:19:43 │ INFO    │ httpx │ HTTP Request: HEAD https://heylua.ai/careers "HTTP/1.1 200 OK"
09:19:43 │ INFO    │ httpx │ HTTP Request: GET https://api.greenhouse.io/v1/boards/zalos/jobs "HTTP/1.1 404 Not Found"
09:19:43 │ INFO    │ httpx │ HTTP Request: HEAD https://www.tryscott.ai/ "HTTP/1.1 200 OK"
09:19:44 │ INFO    │ httpx │ HTTP Request: HEAD https://tryscott.ai/careers "HTTP/1.1 307 Temporary Redirect"
09:19:44 │ INFO    │ httpx │ HTTP Request: GET https://api.greenhouse.io/v1/boards/aside/jobs "HTTP/1.1 404 Not Found"
09:19:44 │ INFO    │ httpx │ HTTP Request: HEAD https://www.tryscott.ai/careers "HTTP/1.1 404 Not Found"
09:19:44 │ INFO    │ httpx │ HTTP Request: HEAD https://tryscott.ai/jobs "HTTP/1.1 307 Temporary Redirect"
09:19:44 │ INFO    │ httpx │ HTTP Request: HEAD https://imagineai.me "HTTP/1.1 307 Temporary Redirect"
09:19:44 │ INFO    │ httpx │ HTTP Request: HEAD https://generalastro.com/careers "HTTP/1.1 404 Not Found"
09:19:44 │ INFO    │ httpx │ HTTP Request: GET https://heylua.ai/ "HTTP/1.1 200 OK"
09:19:44 │ INFO    │ httpx │ HTTP Request: HEAD https://www.tryscott.ai/jobs "HTTP/1.1 404 Not Found"
09:19:44 │ INFO    │ httpx │ HTTP Request: GET https://api.lever.co/v0/postings/exonic "HTTP/1.1 404 Not Found"
09:19:44 │ INFO    │ httpx │ HTTP Request: HEAD https://tryscott.ai/work-with-us "HTTP/1.1 307 Temporary Redirect"
09:19:44 │ INFO    │ httpx │ HTTP Request: GET https://api.lever.co/v0/postings/kalpa-labs "HTTP/1.1 404 Not Found"
09:19:44 │ INFO    │ httpx │ HTTP Request: HEAD https://www.tryscott.ai/work-with-us "HTTP/1.1 404 Not Found"
09:19:44 │ INFO    │ httpx │ HTTP Request: GET https://tryscott.ai "HTTP/1.1 307 Temporary Redirect"
09:19:44 │ INFO    │ httpx │ HTTP Request: HEAD https://exonic.ai "HTTP/1.1 307 Temporary Redirect"
09:19:44 │ INFO    │ httpx │ HTTP Request: GET https://www.tryscott.ai/ "HTTP/1.1 200 OK"
09:19:44 │ INFO    │ httpx │ HTTP Request: HEAD https://generalastro.com/jobs "HTTP/1.1 404 Not Found"
09:19:44 │ INFO    │ httpx │ HTTP Request: HEAD https://www.imagineai.me/ "HTTP/1.1 200 OK"
09:19:44 │ INFO    │ httpx │ HTTP Request: HEAD https://www.exonic.ai/ "HTTP/1.1 200 OK"
09:19:44 │ INFO    │ httpx │ HTTP Request: HEAD https://imagineai.me "HTTP/1.1 307 Temporary Redirect"
09:19:44 │ INFO    │ httpx │ HTTP Request: GET https://api.lever.co/v0/postings/metorial "HTTP/1.1 404 Not Found"
09:19:44 │ INFO    │ httpx │ HTTP Request: GET https://api.lever.co/v0/postings/sourcebot "HTTP/1.1 404 Not Found"
09:19:44 │ INFO    │ httpx │ HTTP Request: HEAD https://exonic.ai/careers "HTTP/1.1 307 Temporary Redirect"
09:19:44 │ INFO    │ httpx │ HTTP Request: HEAD https://www.imagineai.me/ "HTTP/1.1 200 OK"
09:19:44 │ INFO    │ httpx │ HTTP Request: GET https://api.lever.co/v0/postings/kalpalabs "HTTP/1.1 404 Not Found"
09:19:44 │ INFO    │ httpx │ HTTP Request: HEAD https://www.exonic.ai/careers "HTTP/1.1 200 OK"
09:19:44 │ INFO    │ httpx │ HTTP Request: HEAD https://imagineai.me/careers "HTTP/1.1 307 Temporary Redirect"
09:19:44 │ INFO    │ httpx │ HTTP Request: GET https://api.greenhouse.io/v1/boards/scott-ai/jobs "HTTP/1.1 404 Not Found"
09:19:45 │ INFO    │ httpx │ HTTP Request: GET https://www.exonic.ai/careers "HTTP/1.1 200 OK"
09:19:45 │ INFO    │ pipeline.enrichment.job_resolver │ Exonic: Tier 4 (manual_visit)
09:19:45 │ INFO    │ httpx │ HTTP Request: HEAD https://www.imagineai.me/careers "HTTP/1.1 404 Not Found"
09:19:45 │ INFO    │ httpx │ HTTP Request: HEAD https://generalastro.com/work-with-us "HTTP/1.1 404 Not Found"
09:19:45 │ INFO    │ pipeline.enrichment.job_resolver │ General Astronautics: Tier 4 (manual_visit)
09:19:45 │ INFO    │ httpx │ HTTP Request: GET https://api.lever.co/v0/postings/kalpa_labs "HTTP/1.1 404 Not Found"
09:19:45 │ INFO    │ httpx │ HTTP Request: GET https://api.lever.co/v0/postings/zalos "HTTP/1.1 404 Not Found"
09:19:45 │ INFO    │ httpx │ HTTP Request: HEAD https://www.sourcebot.dev/ "HTTP/1.1 200 OK"
09:19:45 │ INFO    │ httpx │ HTTP Request: HEAD https://imagineai.me/jobs "HTTP/1.1 307 Temporary Redirect"
09:19:45 │ INFO    │ httpx │ HTTP Request: GET https://api.lever.co/v0/postings/aside "HTTP/1.1 404 Not Found"
09:19:45 │ INFO    │ httpx │ HTTP Request: GET https://api.greenhouse.io/v1/boards/scottai/jobs "HTTP/1.1 404 Not Found"
09:19:45 │ INFO    │ httpx │ HTTP Request: HEAD https://www.imagineai.me/jobs "HTTP/1.1 404 Not Found"
09:19:45 │ INFO    │ httpx │ HTTP Request: HEAD https://www.sourcebot.dev/careers "HTTP/1.1 404 Not Found"
09:19:45 │ INFO    │ httpx │ HTTP Request: HEAD https://imagineai.me/work-with-us "HTTP/1.1 307 Temporary Redirect"
09:19:45 │ INFO    │ httpx │ HTTP Request: HEAD https://www.sourcebot.dev/jobs "HTTP/1.1 404 Not Found"
09:19:45 │ INFO    │ httpx │ HTTP Request: GET https://api.greenhouse.io/v1/boards/lua-global-inc/jobs "HTTP/1.1 404 Not Found"
09:19:45 │ INFO    │ httpx │ HTTP Request: HEAD https://metorial.com "HTTP/1.1 200 OK"
09:19:45 │ INFO    │ httpx │ HTTP Request: HEAD https://www.imagineai.me/work-with-us "HTTP/1.1 404 Not Found"
09:19:45 │ INFO    │ httpx │ HTTP Request: HEAD https://www.zalos.ai/ "HTTP/1.1 200 OK"
09:19:45 │ INFO    │ httpx │ HTTP Request: HEAD https://www.sourcebot.dev/work-with-us "HTTP/1.1 404 Not Found"
09:19:45 │ INFO    │ pipeline.enrichment.job_resolver │ Sourcebot: Tier 4 (manual_visit)
09:19:45 │ INFO    │ httpx │ HTTP Request: HEAD https://aside.com "HTTP/1.1 200 OK"
09:19:45 │ INFO    │ httpx │ HTTP Request: GET https://imagineai.me "HTTP/1.1 307 Temporary Redirect"
09:19:45 │ INFO    │ httpx │ HTTP Request: GET https://api.greenhouse.io/v1/boards/scott_ai/jobs "HTTP/1.1 404 Not Found"
09:19:45 │ INFO    │ httpx │ HTTP Request: HEAD https://metorial.com/careers "HTTP/1.1 404 Not Found"
09:19:45 │ INFO    │ httpx │ HTTP Request: GET https://www.imagineai.me/ "HTTP/1.1 200 OK"
09:19:45 │ INFO    │ httpx │ HTTP Request: HEAD https://aside.com/careers "HTTP/1.1 404 Not Found"
09:19:45 │ INFO    │ httpx │ HTTP Request: GET https://api.greenhouse.io/v1/boards/luaglobalinc/jobs "HTTP/1.1 404 Not Found"
09:19:45 │ INFO    │ httpx │ HTTP Request: HEAD https://aside.com/jobs "HTTP/1.1 404 Not Found"
09:19:45 │ INFO    │ httpx │ HTTP Request: HEAD https://metorial.com/jobs "HTTP/1.1 404 Not Found"
09:19:45 │ INFO    │ httpx │ HTTP Request: HEAD https://www.zalos.ai/careers "HTTP/1.1 200 OK"
09:19:45 │ INFO    │ httpx │ HTTP Request: HEAD https://aside.com/work-with-us "HTTP/1.1 404 Not Found"
09:19:45 │ INFO    │ pipeline.enrichment.job_resolver │ Aside: Tier 4 (manual_visit)
09:19:45 │ INFO    │ httpx │ HTTP Request: HEAD https://metorial.com/work-with-us "HTTP/1.1 404 Not Found"
09:19:45 │ INFO    │ pipeline.enrichment.job_resolver │ Metorial: Tier 4 (manual_visit)
09:19:45 │ INFO    │ httpx │ HTTP Request: HEAD https://leadbay.ai/ "HTTP/1.1 200 OK"
09:19:45 │ INFO    │ httpx │ HTTP Request: GET https://api.greenhouse.io/v1/boards/lua_global_inc/jobs "HTTP/1.1 404 Not Found"
09:19:46 │ INFO    │ httpx │ HTTP Request: HEAD https://thesislabs.ai "HTTP/1.1 200 OK"
09:19:46 │ INFO    │ httpx │ HTTP Request: GET https://www.zalos.ai/careers "HTTP/1.1 200 OK"
09:19:46 │ INFO    │ pipeline.enrichment.job_resolver │ Zalos: Tier 4 (manual_visit)
09:19:46 │ INFO    │ httpx │ HTTP Request: HEAD https://www.bravi.app/ "HTTP/1.1 200 OK"
09:19:46 │ INFO    │ httpx │ HTTP Request: HEAD https://leadbay.ai/ "HTTP/1.1 200 OK"
09:19:46 │ INFO    │ httpx │ HTTP Request: HEAD https://kalpalabs.ai/ "HTTP/1.1 200 OK"
09:19:46 │ INFO    │ httpx │ HTTP Request: HEAD https://www.bravi.app/ "HTTP/1.1 200 OK"
09:19:46 │ INFO    │ httpx │ HTTP Request: HEAD https://leadbay.ai/careers "HTTP/1.1 404 Not Found"
09:19:46 │ INFO    │ httpx │ HTTP Request: HEAD https://kalpalabs.ai/careers "HTTP/1.1 404 Not Found"
09:19:46 │ INFO    │ httpx │ HTTP Request: HEAD https://www.bravi.app/careers "HTTP/1.1 404 Not Found"
09:19:46 │ INFO    │ httpx │ HTTP Request: HEAD https://leadbay.ai/jobs "HTTP/1.1 404 Not Found"
09:19:46 │ INFO    │ httpx │ HTTP Request: HEAD https://thesislabs.ai "HTTP/1.1 200 OK"
09:19:46 │ INFO    │ httpx │ HTTP Request: HEAD https://leadbay.ai/work-with-us "HTTP/1.1 404 Not Found"
09:19:46 │ INFO    │ httpx │ HTTP Request: HEAD https://www.bravi.app/jobs "HTTP/1.1 404 Not Found"
09:19:46 │ INFO    │ httpx │ HTTP Request: HEAD https://kalpalabs.ai/jobs "HTTP/1.1 404 Not Found"
09:19:46 │ INFO    │ httpx │ HTTP Request: GET https://api.greenhouse.io/v1/boards/imagine-ai/jobs "HTTP/1.1 404 Not Found"
09:19:46 │ INFO    │ httpx │ HTTP Request: GET https://leadbay.ai/ "HTTP/1.1 200 OK"
09:19:46 │ INFO    │ httpx │ HTTP Request: HEAD https://www.bravi.app/work-with-us "HTTP/1.1 404 Not Found"
09:19:46 │ INFO    │ httpx │ HTTP Request: HEAD https://kalpalabs.ai/work-with-us "HTTP/1.1 404 Not Found"
09:19:46 │ INFO    │ pipeline.enrichment.job_resolver │ Kalpa Labs: Tier 4 (manual_visit)
09:19:46 │ INFO    │ httpx │ HTTP Request: GET https://www.bravi.app/ "HTTP/1.1 200 OK"
09:19:46 │ INFO    │ httpx │ HTTP Request: HEAD https://thesislabs.ai/careers "HTTP/1.1 200 OK"
09:19:46 │ INFO    │ httpx │ HTTP Request: GET https://api.greenhouse.io/v1/boards/imagineai/jobs "HTTP/1.1 404 Not Found"
09:19:46 │ INFO    │ httpx │ HTTP Request: GET https://api.lever.co/v0/postings/scott-ai "HTTP/1.1 404 Not Found"
09:19:46 │ INFO    │ httpx │ HTTP Request: HEAD https://sunflowersober.com/ "HTTP/1.1 200 OK"
09:19:46 │ INFO    │ httpx │ HTTP Request: GET https://api.greenhouse.io/v1/boards/leadbay/jobs "HTTP/1.1 404 Not Found"
09:19:46 │ INFO    │ httpx │ HTTP Request: HEAD https://multifactor.com "HTTP/1.1 200 OK"
09:19:46 │ INFO    │ httpx │ HTTP Request: GET https://api.greenhouse.io/v1/boards/imagine_ai/jobs "HTTP/1.1 404 Not Found"
09:19:46 │ INFO    │ httpx │ HTTP Request: GET https://thesislabs.ai "HTTP/1.1 200 OK"
09:19:47 │ INFO    │ httpx │ HTTP Request: GET https://api.greenhouse.io/v1/boards/bravi/jobs "HTTP/1.1 404 Not Found"
09:19:47 │ INFO    │ httpx │ HTTP Request: HEAD https://sunflowersober.com/ "HTTP/1.1 200 OK"
09:19:47 │ INFO    │ httpx │ HTTP Request: HEAD https://multifactor.com "HTTP/1.1 200 OK"
09:19:47 │ INFO    │ httpx │ HTTP Request: GET https://api.lever.co/v0/postings/scottai "HTTP/1.1 404 Not Found"
09:19:47 │ INFO    │ httpx │ HTTP Request: GET https://api.lever.co/v0/postings/lua-global-inc "HTTP/1.1 404 Not Found"
09:19:47 │ INFO    │ httpx │ HTTP Request: HEAD https://allus.ai "HTTP/1.1 200 OK"
09:19:47 │ INFO    │ httpx │ HTTP Request: HEAD https://multifactor.com/careers "HTTP/1.1 404 Not Found"
09:19:47 │ INFO    │ httpx │ HTTP Request: HEAD https://www.unsiloed.ai/ "HTTP/1.1 200 OK"
09:19:47 │ INFO    │ httpx │ HTTP Request: HEAD https://www.unsiloed.ai/ "HTTP/1.1 200 OK"
09:19:47 │ INFO    │ httpx │ HTTP Request: GET https://api.greenhouse.io/v1/boards/thesis/jobs "HTTP/1.1 404 Not Found"
09:19:47 │ INFO    │ httpx │ HTTP Request: HEAD https://multifactor.com/jobs "HTTP/1.1 404 Not Found"
09:19:47 │ INFO    │ httpx │ HTTP Request: GET https://api.lever.co/v0/postings/scott_ai "HTTP/1.1 404 Not Found"
09:19:47 │ INFO    │ httpx │ HTTP Request: GET https://api.lever.co/v0/postings/luaglobalinc "HTTP/1.1 404 Not Found"
09:19:47 │ INFO    │ httpx │ HTTP Request: HEAD https://allus.ai "HTTP/1.1 200 OK"
09:19:47 │ INFO    │ httpx │ HTTP Request: HEAD https://multifactor.com/work-with-us "HTTP/1.1 404 Not Found"
09:19:47 │ INFO    │ httpx │ HTTP Request: HEAD https://tryscott.ai "HTTP/1.1 307 Temporary Redirect"
09:19:47 │ INFO    │ httpx │ HTTP Request: GET https://multifactor.com "HTTP/1.1 200 OK"
09:19:47 │ INFO    │ httpx │ HTTP Request: GET https://api.lever.co/v0/postings/lua_global_inc "HTTP/1.1 404 Not Found"
09:19:47 │ INFO    │ httpx │ HTTP Request: HEAD https://allus.ai/careers "HTTP/1.1 404 Not Found"
09:19:47 │ INFO    │ httpx │ HTTP Request: HEAD https://www.tryscott.ai/ "HTTP/1.1 200 OK"
09:19:48 │ INFO    │ httpx │ HTTP Request: HEAD https://tryscott.ai/careers "HTTP/1.1 307 Temporary Redirect"
09:19:48 │ INFO    │ httpx │ HTTP Request: GET https://api.lever.co/v0/postings/leadbay "HTTP/1.1 404 Not Found"
09:19:48 │ INFO    │ httpx │ HTTP Request: HEAD https://www.tryscott.ai/careers "HTTP/1.1 404 Not Found"
09:19:48 │ INFO    │ httpx │ HTTP Request: GET https://api.greenhouse.io/v1/boards/multifactor/jobs "HTTP/1.1 404 Not Found"
09:19:48 │ INFO    │ httpx │ HTTP Request: HEAD https://sunflowersober.com/careers "HTTP/1.1 200 OK"
09:19:48 │ INFO    │ httpx │ HTTP Request: HEAD https://allus.ai/jobs "HTTP/1.1 404 Not Found"
09:19:48 │ INFO    │ httpx │ HTTP Request: HEAD https://www.unsiloed.ai/careers "HTTP/1.1 200 OK"
09:19:48 │ INFO    │ httpx │ HTTP Request: GET https://api.lever.co/v0/postings/imagine-ai "HTTP/1.1 404 Not Found"
09:19:48 │ INFO    │ httpx │ HTTP Request: GET https://api.lever.co/v0/postings/bravi "HTTP/1.1 404 Not Found"
09:19:48 │ INFO    │ httpx │ HTTP Request: GET https://www.unsiloed.ai/ "HTTP/1.1 200 OK"
09:19:48 │ INFO    │ httpx │ HTTP Request: HEAD https://tryscott.ai/jobs "HTTP/1.1 307 Temporary Redirect"
09:19:48 │ INFO    │ httpx │ HTTP Request: HEAD https://www.tryscott.ai/jobs "HTTP/1.1 404 Not Found"
09:19:48 │ INFO    │ httpx │ HTTP Request: GET https://sunflowersober.com/ "HTTP/1.1 200 OK"
09:19:48 │ INFO    │ httpx │ HTTP Request: HEAD https://leadbay.ai/ "HTTP/1.1 200 OK"
09:19:48 │ INFO    │ httpx │ HTTP Request: HEAD https://tryscott.ai/work-with-us "HTTP/1.1 307 Temporary Redirect"
09:19:48 │ INFO    │ httpx │ HTTP Request: HEAD https://leadbay.ai/careers "HTTP/1.1 404 Not Found"
09:19:48 │ INFO    │ httpx │ HTTP Request: HEAD https://allus.ai/work-with-us "HTTP/1.1 404 Not Found"
09:19:48 │ INFO    │ httpx │ HTTP Request: HEAD https://www.bravi.app/ "HTTP/1.1 200 OK"
09:19:48 │ INFO    │ httpx │ HTTP Request: HEAD https://www.tryscott.ai/work-with-us "HTTP/1.1 404 Not Found"
09:19:48 │ INFO    │ httpx │ HTTP Request: GET https://api.lever.co/v0/postings/imagineai "HTTP/1.1 404 Not Found"
09:19:48 │ INFO    │ httpx │ HTTP Request: GET https://api.lever.co/v0/postings/thesis "HTTP/1.1 404 Not Found"
09:19:48 │ INFO    │ httpx │ HTTP Request: HEAD https://heylua.ai/ "HTTP/1.1 200 OK"
09:19:48 │ INFO    │ pipeline.enrichment.job_resolver │ Scott AI: Tier 4 (manual_visit)
09:19:48 │ INFO    │ httpx │ HTTP Request: HEAD https://leadbay.ai/jobs "HTTP/1.1 404 Not Found"
09:19:48 │ INFO    │ httpx │ HTTP Request: HEAD https://www.bravi.app/careers "HTTP/1.1 404 Not Found"
09:19:48 │ INFO    │ httpx │ HTTP Request: HEAD https://leadbay.ai/work-with-us "HTTP/1.1 404 Not Found"
09:19:48 │ INFO    │ pipeline.enrichment.job_resolver │ Leadbay: Tier 4 (manual_visit)
09:19:49 │ INFO    │ httpx │ HTTP Request: HEAD https://heylua.ai/careers "HTTP/1.1 200 OK"
09:19:49 │ INFO    │ httpx │ HTTP Request: HEAD https://www.bravi.app/jobs "HTTP/1.1 404 Not Found"
09:19:49 │ INFO    │ httpx │ HTTP Request: GET https://api.greenhouse.io/v1/boards/sunflower/jobs "HTTP/1.1 404 Not Found"
09:19:49 │ INFO    │ httpx │ HTTP Request: HEAD https://www.bravi.app/work-with-us "HTTP/1.1 404 Not Found"
09:19:49 │ INFO    │ pipeline.enrichment.job_resolver │ Bravi: Tier 4 (manual_visit)
09:19:49 │ INFO    │ httpx │ HTTP Request: GET https://heylua.ai/careers "HTTP/1.1 200 OK"
09:19:49 │ INFO    │ httpx │ HTTP Request: GET https://api.greenhouse.io/v1/boards/unsiloed-ai/jobs "HTTP/1.1 404 Not Found"
09:19:49 │ INFO    │ pipeline.enrichment.job_resolver │ Lua Global Inc: Tier 4 (manual_visit)
09:19:49 │ INFO    │ httpx │ HTTP Request: GET https://api.lever.co/v0/postings/imagine_ai "HTTP/1.1 404 Not Found"
09:19:49 │ INFO    │ httpx │ HTTP Request: GET https://allus.ai "HTTP/1.1 200 OK"
09:19:49 │ INFO    │ httpx │ HTTP Request: HEAD https://imagineai.me "HTTP/1.1 307 Temporary Redirect"
09:19:49 │ INFO    │ httpx │ HTTP Request: GET https://api.greenhouse.io/v1/boards/unsiloedai/jobs "HTTP/1.1 404 Not Found"
09:19:49 │ INFO    │ httpx │ HTTP Request: HEAD https://www.imagineai.me/ "HTTP/1.1 200 OK"
09:19:49 │ INFO    │ httpx │ HTTP Request: HEAD https://flick.art "HTTP/1.1 200 OK"
09:19:49 │ INFO    │ httpx │ HTTP Request: HEAD https://thesislabs.ai "HTTP/1.1 200 OK"
09:19:49 │ INFO    │ httpx │ HTTP Request: HEAD https://imagineai.me/careers "HTTP/1.1 307 Temporary Redirect"
09:19:49 │ INFO    │ httpx │ HTTP Request: HEAD https://flick.art "HTTP/1.1 200 OK"
09:19:49 │ INFO    │ httpx │ HTTP Request: GET https://api.greenhouse.io/v1/boards/unsiloed_ai/jobs "HTTP/1.1 404 Not Found"
09:19:49 │ INFO    │ httpx │ HTTP Request: HEAD https://www.imagineai.me/careers "HTTP/1.1 404 Not Found"
09:19:49 │ INFO    │ httpx │ HTTP Request: GET https://api.lever.co/v0/postings/multifactor "HTTP/1.1 404 Not Found"
09:19:49 │ INFO    │ httpx │ HTTP Request: GET https://api.greenhouse.io/v1/boards/allus-ai/jobs "HTTP/1.1 404 Not Found"
09:19:49 │ INFO    │ httpx │ HTTP Request: HEAD https://flick.art/careers "HTTP/1.1 200 OK"
09:19:49 │ INFO    │ httpx │ HTTP Request: HEAD https://imagineai.me/jobs "HTTP/1.1 307 Temporary Redirect"
09:19:49 │ INFO    │ httpx │ HTTP Request: HEAD https://www.sembleai.com "HTTP/1.1 200 OK"
09:19:49 │ INFO    │ httpx │ HTTP Request: GET https://flick.art "HTTP/1.1 200 OK"
09:19:49 │ INFO    │ httpx │ HTTP Request: HEAD https://www.sembleai.com "HTTP/1.1 200 OK"
09:19:49 │ INFO    │ httpx │ HTTP Request: HEAD https://www.imagineai.me/jobs "HTTP/1.1 404 Not Found"
09:19:49 │ INFO    │ httpx │ HTTP Request: HEAD https://sf-tensor.com "HTTP/1.1 200 OK"
09:19:49 │ INFO    │ httpx │ HTTP Request: HEAD https://www.sembleai.com/careers "HTTP/1.1 200 OK"
09:19:49 │ INFO    │ httpx │ HTTP Request: HEAD https://answerthis.io/ "HTTP/1.1 200 OK"
09:19:49 │ INFO    │ httpx │ HTTP Request: HEAD https://imagineai.me/work-with-us "HTTP/1.1 307 Temporary Redirect"
09:19:50 │ INFO    │ httpx │ HTTP Request: GET https://www.sembleai.com "HTTP/1.1 200 OK"
09:19:50 │ INFO    │ httpx │ HTTP Request: HEAD https://www.imagineai.me/work-with-us "HTTP/1.1 404 Not Found"
09:19:50 │ INFO    │ pipeline.enrichment.job_resolver │ Imagine AI: Tier 4 (manual_visit)
09:19:50 │ INFO    │ httpx │ HTTP Request: HEAD https://thesislabs.ai/careers "HTTP/1.1 200 OK"
09:19:50 │ INFO    │ httpx │ HTTP Request: HEAD https://sf-tensor.com "HTTP/1.1 200 OK"
09:19:50 │ INFO    │ httpx │ HTTP Request: GET https://api.greenhouse.io/v1/boards/allusai/jobs "HTTP/1.1 404 Not Found"
09:19:50 │ INFO    │ httpx │ HTTP Request: HEAD https://sf-tensor.com/careers "HTTP/1.1 200 OK"
09:19:50 │ INFO    │ httpx │ HTTP Request: GET https://api.lever.co/v0/postings/sunflower "HTTP/1.1 404 Not Found"
09:19:50 │ INFO    │ httpx │ HTTP Request: GET https://sf-tensor.com "HTTP/1.1 200 OK"
09:19:50 │ INFO    │ httpx │ HTTP Request: GET https://api.greenhouse.io/v1/boards/flick/jobs "HTTP/1.1 404 Not Found"
09:19:50 │ INFO    │ httpx │ HTTP Request: HEAD https://answerthis.io/ "HTTP/1.1 200 OK"
09:19:50 │ INFO    │ httpx │ HTTP Request: GET https://api.greenhouse.io/v1/boards/allus_ai/jobs "HTTP/1.1 404 Not Found"
09:19:50 │ INFO    │ httpx │ HTTP Request: GET https://api.greenhouse.io/v1/boards/semble-ai/jobs "HTTP/1.1 404 Not Found"
09:19:50 │ INFO    │ httpx │ HTTP Request: GET https://thesislabs.ai/careers "HTTP/1.1 200 OK"
09:19:50 │ INFO    │ pipeline.enrichment.job_resolver │ Thesis: Tier 4 (manual_visit)
09:19:50 │ INFO    │ httpx │ HTTP Request: HEAD https://multifactor.com "HTTP/1.1 200 OK"
09:19:50 │ INFO    │ httpx │ HTTP Request: HEAD https://answerthis.io/careers "HTTP/1.1 302 Moved Temporarily"
09:19:50 │ INFO    │ httpx │ HTTP Request: HEAD https://multifactor.com/careers "HTTP/1.1 404 Not Found"
09:19:50 │ INFO    │ httpx │ HTTP Request: GET https://api.greenhouse.io/v1/boards/sembleai/jobs "HTTP/1.1 404 Not Found"
09:19:50 │ INFO    │ httpx │ HTTP Request: GET https://api.greenhouse.io/v1/boards/sf-tensor/jobs "HTTP/1.1 404 Not Found"
09:19:50 │ INFO    │ httpx │ HTTP Request: HEAD https://multifactor.com/jobs "HTTP/1.1 404 Not Found"
09:19:50 │ INFO    │ httpx │ HTTP Request: HEAD https://hillclimb.com "HTTP/1.1 307 Temporary Redirect"
09:19:50 │ INFO    │ httpx │ HTTP Request: HEAD https://multifactor.com/work-with-us "HTTP/1.1 404 Not Found"
09:19:50 │ INFO    │ pipeline.enrichment.job_resolver │ Multifactor: Tier 4 (manual_visit)
09:19:50 │ INFO    │ httpx │ HTTP Request: HEAD https://atlasgrid.ai "HTTP/1.1 307 Temporary Redirect"
09:19:50 │ INFO    │ httpx │ HTTP Request: GET https://api.greenhouse.io/v1/boards/semble_ai/jobs "HTTP/1.1 404 Not Found"
09:19:50 │ INFO    │ httpx │ HTTP Request: GET https://api.greenhouse.io/v1/boards/sftensor/jobs "HTTP/1.1 404 Not Found"
09:19:50 │ INFO    │ httpx │ HTTP Request: GET https://api.lever.co/v0/postings/unsiloed-ai "HTTP/1.1 404 Not Found"
09:19:51 │ INFO    │ httpx │ HTTP Request: HEAD https://sunflowersober.com/ "HTTP/1.1 200 OK"
09:19:51 │ INFO    │ httpx │ HTTP Request: GET https://api.greenhouse.io/v1/boards/sf_tensor/jobs "HTTP/1.1 404 Not Found"
09:19:51 │ INFO    │ httpx │ HTTP Request: HEAD https://app.answerthis.io/careers "HTTP/1.1 200 OK"
09:19:51 │ INFO    │ httpx │ HTTP Request: HEAD https://sunflowersober.com/careers "HTTP/1.1 200 OK"
09:19:51 │ INFO    │ httpx │ HTTP Request: GET https://api.lever.co/v0/postings/unsiloedai "HTTP/1.1 404 Not Found"
09:19:51 │ INFO    │ httpx │ HTTP Request: HEAD https://www.atlasgrid.ai/ "HTTP/1.1 200 OK"
09:19:51 │ INFO    │ httpx │ HTTP Request: GET https://sunflowersober.com/careers "HTTP/1.1 200 OK"
09:19:51 │ INFO    │ httpx │ HTTP Request: GET https://api.lever.co/v0/postings/flick "HTTP/1.1 404 Not Found"
09:19:51 │ INFO    │ httpx │ HTTP Request: HEAD https://atlasgrid.ai "HTTP/1.1 307 Temporary Redirect"
09:19:51 │ INFO    │ pipeline.enrichment.job_resolver │ Sunflower: Tier 4 (manual_visit)
09:19:51 │ INFO    │ httpx │ HTTP Request: GET https://api.lever.co/v0/postings/allus-ai "HTTP/1.1 404 Not Found"
09:19:51 │ INFO    │ httpx │ HTTP Request: HEAD https://www.hillclimb.com/ "HTTP/1.1 200 OK"
09:19:51 │ INFO    │ httpx │ HTTP Request: GET https://api.lever.co/v0/postings/unsiloed_ai "HTTP/1.1 404 Not Found"
09:19:51 │ INFO    │ httpx │ HTTP Request: HEAD https://www.atlasgrid.ai/ "HTTP/1.1 200 OK"
09:19:51 │ INFO    │ httpx │ HTTP Request: HEAD https://atlasgrid.ai/careers "HTTP/1.1 307 Temporary Redirect"
09:19:51 │ INFO    │ httpx │ HTTP Request: HEAD https://www.wardstone.us "HTTP/1.1 405 Method Not Allowed"
09:19:51 │ INFO    │ httpx │ HTTP Request: HEAD https://flick.art "HTTP/1.1 200 OK"
09:19:51 │ INFO    │ httpx │ HTTP Request: HEAD https://www.atlasgrid.ai/careers "HTTP/1.1 404 Not Found"
09:19:51 │ INFO    │ httpx │ HTTP Request: HEAD https://hillclimb.com "HTTP/1.1 307 Temporary Redirect"
09:19:51 │ INFO    │ httpx │ HTTP Request: HEAD https://flick.art/careers "HTTP/1.1 200 OK"
09:19:51 │ INFO    │ httpx │ HTTP Request: HEAD https://atlasgrid.ai/jobs "HTTP/1.1 307 Temporary Redirect"
09:19:51 │ INFO    │ httpx │ HTTP Request: GET https://answerthis.io/ "HTTP/1.1 200 OK"
09:19:51 │ INFO    │ httpx │ HTTP Request: GET https://api.lever.co/v0/postings/allusai "HTTP/1.1 404 Not Found"
09:19:51 │ INFO    │ httpx │ HTTP Request: GET https://flick.art/careers "HTTP/1.1 200 OK"
09:19:51 │ INFO    │ pipeline.enrichment.job_resolver │ Flick: Tier 4 (manual_visit)
09:19:52 │ INFO    │ httpx │ HTTP Request: HEAD https://www.atlasgrid.ai/jobs "HTTP/1.1 404 Not Found"
09:19:52 │ INFO    │ httpx │ HTTP Request: HEAD https://www.hillclimb.com/ "HTTP/1.1 200 OK"
09:19:52 │ INFO    │ httpx │ HTTP Request: HEAD https://atlasgrid.ai/work-with-us "HTTP/1.1 307 Temporary Redirect"
09:19:52 │ INFO    │ httpx │ HTTP Request: HEAD https://www.unsiloed.ai/ "HTTP/1.1 200 OK"
09:19:52 │ INFO    │ httpx │ HTTP Request: HEAD https://hillclimb.com/careers "HTTP/1.1 307 Temporary Redirect"
09:19:52 │ INFO    │ httpx │ HTTP Request: HEAD https://www.atlasgrid.ai/work-with-us "HTTP/1.1 404 Not Found"
09:19:52 │ INFO    │ httpx │ HTTP Request: GET https://atlasgrid.ai "HTTP/1.1 307 Temporary Redirect"
09:19:52 │ INFO    │ httpx │ HTTP Request: GET https://api.lever.co/v0/postings/allus_ai "HTTP/1.1 404 Not Found"
09:19:52 │ INFO    │ httpx │ HTTP Request: HEAD https://www.hillclimb.com/careers "HTTP/1.1 404 Not Found"
09:19:52 │ INFO    │ httpx │ HTTP Request: GET https://api.lever.co/v0/postings/semble-ai "HTTP/1.1 404 Not Found"
09:19:52 │ INFO    │ httpx │ HTTP Request: HEAD https://nessielabs.com/ "HTTP/1.1 200 OK"
09:19:52 │ INFO    │ httpx │ HTTP Request: HEAD https://www.wardstone.us "HTTP/1.1 405 Method Not Allowed"
09:19:52 │ INFO    │ httpx │ HTTP Request: GET https://www.atlasgrid.ai/ "HTTP/1.1 200 OK"
09:19:52 │ INFO    │ httpx │ HTTP Request: HEAD https://nessielabs.com/ "HTTP/1.1 200 OK"
09:19:52 │ INFO    │ httpx │ HTTP Request: HEAD https://hillclimb.com/jobs "HTTP/1.1 307 Temporary Redirect"
09:19:52 │ INFO    │ httpx │ HTTP Request: HEAD https://www.hillclimb.com/jobs "HTTP/1.1 404 Not Found"
09:19:52 │ INFO    │ httpx │ HTTP Request: GET https://api.lever.co/v0/postings/sf-tensor "HTTP/1.1 404 Not Found"
09:19:52 │ INFO    │ httpx │ HTTP Request: HEAD https://hillclimb.com/work-with-us "HTTP/1.1 307 Temporary Redirect"
09:19:52 │ INFO    │ httpx │ HTTP Request: GET https://api.lever.co/v0/postings/sembleai "HTTP/1.1 404 Not Found"
09:19:52 │ INFO    │ httpx │ HTTP Request: GET https://api.greenhouse.io/v1/boards/answerthis/jobs "HTTP/1.1 404 Not Found"
09:19:52 │ INFO    │ httpx │ HTTP Request: HEAD https://www.hypercubic.ai/ "HTTP/1.1 200 OK"
09:19:52 │ INFO    │ httpx │ HTTP Request: GET https://api.greenhouse.io/v1/boards/atlasgrid/jobs "HTTP/1.1 404 Not Found"
09:19:52 │ INFO    │ httpx │ HTTP Request: HEAD https://nessielabs.com/careers "HTTP/1.1 404 Not Found"
09:19:52 │ INFO    │ httpx │ HTTP Request: HEAD https://www.hillclimb.com/work-with-us "HTTP/1.1 404 Not Found"
09:19:52 │ INFO    │ httpx │ HTTP Request: HEAD https://www.wardstone.us/careers "HTTP/1.1 405 Method Not Allowed"
09:19:52 │ INFO    │ httpx │ HTTP Request: GET https://hillclimb.com "HTTP/1.1 307 Temporary Redirect"
09:19:52 │ INFO    │ httpx │ HTTP Request: HEAD https://www.unsiloed.ai/careers "HTTP/1.1 200 OK"
09:19:53 │ INFO    │ httpx │ HTTP Request: GET https://www.hillclimb.com/ "HTTP/1.1 200 OK"
09:19:53 │ INFO    │ httpx │ HTTP Request: HEAD https://nessielabs.com/jobs "HTTP/1.1 404 Not Found"
09:19:53 │ INFO    │ httpx │ HTTP Request: HEAD https://www.hypercubic.ai/ "HTTP/1.1 200 OK"
09:19:53 │ INFO    │ httpx │ HTTP Request: HEAD https://allus.ai "HTTP/1.1 200 OK"
09:19:53 │ INFO    │ httpx │ HTTP Request: GET https://api.lever.co/v0/postings/semble_ai "HTTP/1.1 404 Not Found"
09:19:53 │ INFO    │ httpx │ HTTP Request: GET https://api.lever.co/v0/postings/sftensor "HTTP/1.1 404 Not Found"
09:19:53 │ INFO    │ httpx │ HTTP Request: GET https://api.greenhouse.io/v1/boards/hillclimb/jobs "HTTP/1.1 404 Not Found"
09:19:53 │ INFO    │ httpx │ HTTP Request: HEAD https://www.wardstone.us/jobs "HTTP/1.1 405 Method Not Allowed"
09:19:53 │ INFO    │ httpx │ HTTP Request: HEAD https://nessielabs.com/work-with-us "HTTP/1.1 404 Not Found"
09:19:53 │ INFO    │ httpx │ HTTP Request: HEAD https://www.hypercubic.ai/careers "HTTP/1.1 404 Not Found"
09:19:53 │ INFO    │ httpx │ HTTP Request: HEAD https://allus.ai/careers "HTTP/1.1 404 Not Found"
09:19:53 │ INFO    │ httpx │ HTTP Request: HEAD https://www.sembleai.com "HTTP/1.1 200 OK"
09:19:53 │ INFO    │ httpx │ HTTP Request: GET https://api.lever.co/v0/postings/sf_tensor "HTTP/1.1 404 Not Found"
09:19:53 │ INFO    │ httpx │ HTTP Request: HEAD https://www.sembleai.com/careers "HTTP/1.1 200 OK"
09:19:53 │ INFO    │ httpx │ HTTP Request: GET https://www.sembleai.com/careers "HTTP/1.1 200 OK"
09:19:53 │ INFO    │ pipeline.enrichment.job_resolver │ Semble AI: Tier 4 (manual_visit)
09:19:53 │ INFO    │ httpx │ HTTP Request: GET https://www.unsiloed.ai/careers "HTTP/1.1 200 OK"
09:19:53 │ INFO    │ httpx │ HTTP Request: HEAD https://allus.ai/jobs "HTTP/1.1 404 Not Found"
09:19:53 │ INFO    │ httpx │ HTTP Request: HEAD https://www.hypercubic.ai/jobs "HTTP/1.1 404 Not Found"
09:19:53 │ INFO    │ httpx │ HTTP Request: GET https://nessielabs.com/ "HTTP/1.1 200 OK"
09:19:53 │ INFO    │ httpx │ HTTP Request: GET https://api.lever.co/v0/postings/atlasgrid "HTTP/1.1 404 Not Found"
09:19:53 │ INFO    │ httpx │ HTTP Request: GET https://api.lever.co/v0/postings/answerthis "HTTP/1.1 404 Not Found"
09:19:53 │ INFO    │ httpx │ HTTP Request: HEAD https://sf-tensor.com "HTTP/1.1 200 OK"
09:19:54 │ INFO    │ pipeline.enrichment.job_resolver │ Unsiloed AI: Tier 4 (manual_visit)
09:19:54 │ INFO    │ httpx │ HTTP Request: HEAD https://www.wardstone.us/work-with-us "HTTP/1.1 405 Method Not Allowed"
09:19:54 │ INFO    │ httpx │ HTTP Request: HEAD https://allus.ai/work-with-us "HTTP/1.1 404 Not Found"
09:19:54 │ INFO    │ httpx │ HTTP Request: HEAD https://www.hypercubic.ai/work-with-us "HTTP/1.1 404 Not Found"
09:19:54 │ INFO    │ pipeline.enrichment.job_resolver │ Allus AI: Tier 4 (manual_visit)
09:19:54 │ INFO    │ httpx │ HTTP Request: HEAD https://sf-tensor.com/careers "HTTP/1.1 200 OK"
09:19:55 │ INFO    │ httpx │ HTTP Request: GET https://sf-tensor.com/careers "HTTP/1.1 200 OK"
09:19:55 │ INFO    │ pipeline.enrichment.job_resolver │ SF Tensor: Tier 4 (manual_visit)
09:19:55 │ INFO    │ httpx │ HTTP Request: HEAD https://atlasgrid.ai "HTTP/1.1 307 Temporary Redirect"
09:19:55 │ INFO    │ httpx │ HTTP Request: GET https://api.greenhouse.io/v1/boards/nessie/jobs "HTTP/1.1 404 Not Found"
09:19:55 │ INFO    │ httpx │ HTTP Request: HEAD https://www.cranston.ai "HTTP/1.1 307 Temporary Redirect"
09:19:55 │ INFO    │ httpx │ HTTP Request: GET https://api.lever.co/v0/postings/hillclimb "HTTP/1.1 404 Not Found"
09:19:55 │ INFO    │ httpx │ HTTP Request: HEAD https://www.atlasgrid.ai/ "HTTP/1.1 200 OK"
09:19:55 │ INFO    │ httpx │ HTTP Request: GET https://www.hypercubic.ai/ "HTTP/1.1 200 OK"
09:19:55 │ INFO    │ httpx │ HTTP Request: HEAD https://www.trelium.com "HTTP/1.1 200 OK"
09:19:55 │ INFO    │ httpx │ HTTP Request: HEAD https://atlasgrid.ai/careers "HTTP/1.1 307 Temporary Redirect"
09:19:55 │ INFO    │ httpx │ HTTP Request: HEAD https://www.trelium.com "HTTP/1.1 200 OK"
09:19:55 │ INFO    │ httpx │ HTTP Request: HEAD https://cranston.ai/ "HTTP/1.1 200 OK"
09:19:55 │ INFO    │ httpx │ HTTP Request: GET https://www.wardstone.us "HTTP/1.1 301 Moved Permanently"
09:19:55 │ INFO    │ httpx │ HTTP Request: HEAD https://www.atlasgrid.ai/careers "HTTP/1.1 404 Not Found"
09:19:55 │ INFO    │ httpx │ HTTP Request: HEAD https://www.trelium.com/careers "HTTP/1.1 404 Not Found"
09:19:55 │ INFO    │ httpx │ HTTP Request: HEAD https://www.cranston.ai "HTTP/1.1 307 Temporary Redirect"
09:19:55 │ INFO    │ httpx │ HTTP Request: HEAD https://atlasgrid.ai/jobs "HTTP/1.1 307 Temporary Redirect"
09:19:55 │ INFO    │ httpx │ HTTP Request: HEAD https://www.trelium.com/jobs "HTTP/1.1 404 Not Found"
09:19:55 │ INFO    │ httpx │ HTTP Request: HEAD https://answerthis.io/ "HTTP/1.1 200 OK"
09:19:55 │ INFO    │ httpx │ HTTP Request: HEAD https://www.atlasgrid.ai/jobs "HTTP/1.1 404 Not Found"
09:19:55 │ INFO    │ httpx │ HTTP Request: HEAD https://www.trelium.com/work-with-us "HTTP/1.1 404 Not Found"
09:19:55 │ INFO    │ httpx │ HTTP Request: HEAD https://usesoren.com "HTTP/1.1 308 Permanent Redirect"
09:19:55 │ INFO    │ httpx │ HTTP Request: HEAD https://cranston.ai/ "HTTP/1.1 200 OK"
09:19:55 │ INFO    │ httpx │ HTTP Request: GET https://www.trelium.com "HTTP/1.1 200 OK"
09:19:55 │ INFO    │ httpx │ HTTP Request: HEAD https://atlasgrid.ai/work-with-us "HTTP/1.1 307 Temporary Redirect"
09:19:55 │ INFO    │ httpx │ HTTP Request: HEAD https://www.cranston.ai/careers "HTTP/1.1 307 Temporary Redirect"
09:19:55 │ INFO    │ httpx │ HTTP Request: GET https://wardstone.space "HTTP/1.1 200 OK"
09:19:55 │ INFO    │ httpx │ HTTP Request: HEAD https://www.atlasgrid.ai/work-with-us "HTTP/1.1 404 Not Found"
09:19:55 │ INFO    │ pipeline.enrichment.job_resolver │ AtlasGrid: Tier 4 (manual_visit)
09:19:55 │ INFO    │ httpx │ HTTP Request: HEAD https://cranston.ai/careers "HTTP/1.1 200 OK"
09:19:55 │ INFO    │ httpx │ HTTP Request: HEAD https://hillclimb.com "HTTP/1.1 307 Temporary Redirect"
09:19:55 │ INFO    │ httpx │ HTTP Request: HEAD https://answerthis.io/careers "HTTP/1.1 302 Moved Temporarily"
09:19:56 │ INFO    │ httpx │ HTTP Request: GET https://www.cranston.ai "HTTP/1.1 307 Temporary Redirect"
09:19:56 │ INFO    │ httpx │ HTTP Request: GET https://cranston.ai/ "HTTP/1.1 200 OK"
09:19:56 │ INFO    │ httpx │ HTTP Request: HEAD https://soren-ai.com/ "HTTP/1.1 200 OK"
09:19:56 │ INFO    │ httpx │ HTTP Request: GET https://api.greenhouse.io/v1/boards/trelium/jobs "HTTP/1.1 404 Not Found"
09:19:56 │ INFO    │ httpx │ HTTP Request: HEAD https://koyal.ai "HTTP/1.1 200 OK"
09:19:56 │ INFO    │ httpx │ HTTP Request: HEAD https://usesoren.com "HTTP/1.1 308 Permanent Redirect"
09:19:56 │ INFO    │ httpx │ HTTP Request: HEAD https://deeptrace.com/ "HTTP/1.1 200 OK"
09:19:56 │ INFO    │ httpx │ HTTP Request: GET https://api.lever.co/v0/postings/nessie "HTTP/1.1 404 Not Found"
09:19:56 │ INFO    │ httpx │ HTTP Request: HEAD https://soren-ai.com/ "HTTP/1.1 200 OK"
09:19:56 │ INFO    │ httpx │ HTTP Request: GET https://api.greenhouse.io/v1/boards/wardstone/jobs "HTTP/1.1 404 Not Found"
09:19:56 │ INFO    │ httpx │ HTTP Request: HEAD https://deeptrace.com/ "HTTP/1.1 200 OK"
09:19:56 │ INFO    │ httpx │ HTTP Request: HEAD https://app.answerthis.io/careers "HTTP/1.1 200 OK"
09:19:56 │ INFO    │ httpx │ HTTP Request: HEAD https://usesoren.com/careers "HTTP/1.1 308 Permanent Redirect"
09:19:56 │ INFO    │ httpx │ HTTP Request: GET https://api.ashbyhq.com/posting-api/job-board/hypercubic "HTTP/1.1 200 OK"
09:19:56 │ INFO    │ pipeline.enrichment.job_resolver │ Hypercubic: Tier 1 (ashby) → 1 jobs
09:19:56 │ INFO    │ httpx │ HTTP Request: GET https://app.answerthis.io/careers "HTTP/1.1 200 OK"
09:19:56 │ INFO    │ httpx │ HTTP Request: HEAD https://deeptrace.com/careers "HTTP/1.1 404 Not Found"
09:19:56 │ INFO    │ pipeline.enrichment.job_resolver │ AnswerThis: Tier 4 (manual_visit)
09:19:56 │ INFO    │ httpx │ HTTP Request: HEAD https://soren-ai.com/careers "HTTP/1.1 404 Not Found"
09:19:56 │ INFO    │ httpx │ HTTP Request: HEAD https://nessielabs.com/ "HTTP/1.1 200 OK"
09:19:56 │ INFO    │ httpx │ HTTP Request: HEAD https://koyal.ai "HTTP/1.1 200 OK"
09:19:56 │ INFO    │ httpx │ HTTP Request: GET https://api.greenhouse.io/v1/boards/cranston-ai/jobs "HTTP/1.1 404 Not Found"
09:19:56 │ INFO    │ httpx │ HTTP Request: HEAD https://www.hillclimb.com/ "HTTP/1.1 200 OK"
09:19:56 │ INFO    │ httpx │ HTTP Request: HEAD https://deeptrace.com/jobs "HTTP/1.1 404 Not Found"
09:19:56 │ INFO    │ httpx │ HTTP Request: HEAD https://usesoren.com/jobs "HTTP/1.1 308 Permanent Redirect"
09:19:56 │ INFO    │ httpx │ HTTP Request: HEAD https://deeptrace.com/work-with-us "HTTP/1.1 404 Not Found"
09:19:56 │ INFO    │ httpx │ HTTP Request: HEAD https://soren-ai.com/jobs "HTTP/1.1 404 Not Found"
09:19:56 │ INFO    │ httpx │ HTTP Request: HEAD https://hillclimb.com/careers "HTTP/1.1 307 Temporary Redirect"
09:19:56 │ INFO    │ httpx │ HTTP Request: GET https://deeptrace.com/ "HTTP/1.1 200 OK"
09:19:56 │ INFO    │ httpx │ HTTP Request: HEAD https://usesoren.com/work-with-us "HTTP/1.1 308 Permanent Redirect"
09:19:56 │ INFO    │ httpx │ HTTP Request: HEAD https://soren-ai.com/work-with-us "HTTP/1.1 404 Not Found"
09:19:56 │ INFO    │ httpx │ HTTP Request: HEAD https://koyal.ai/careers "HTTP/1.1 200 OK"
09:19:56 │ INFO    │ httpx │ HTTP Request: GET https://api.greenhouse.io/v1/boards/cranstonai/jobs "HTTP/1.1 404 Not Found"
09:19:56 │ INFO    │ httpx │ HTTP Request: HEAD https://www.hillclimb.com/careers "HTTP/1.1 404 Not Found"
09:19:56 │ INFO    │ httpx │ HTTP Request: HEAD https://nessielabs.com/careers "HTTP/1.1 404 Not Found"
09:19:56 │ INFO    │ httpx │ HTTP Request: GET https://usesoren.com "HTTP/1.1 308 Permanent Redirect"
09:19:56 │ INFO    │ httpx │ HTTP Request: GET https://soren-ai.com/ "HTTP/1.1 200 OK"
09:19:56 │ INFO    │ httpx │ HTTP Request: HEAD https://hyperspell.com "HTTP/1.1 307 Temporary Redirect"
09:19:56 │ INFO    │ httpx │ HTTP Request: HEAD https://hillclimb.com/jobs "HTTP/1.1 307 Temporary Redirect"
09:19:57 │ INFO    │ httpx │ HTTP Request: HEAD https://www.hillclimb.com/jobs "HTTP/1.1 404 Not Found"
09:19:57 │ INFO    │ httpx │ HTTP Request: GET https://api.greenhouse.io/v1/boards/cranston_ai/jobs "HTTP/1.1 404 Not Found"
09:19:57 │ INFO    │ httpx │ HTTP Request: GET https://koyal.ai "HTTP/1.1 200 OK"
09:19:57 │ INFO    │ httpx │ HTTP Request: GET https://api.greenhouse.io/v1/boards/deeptrace/jobs "HTTP/1.1 404 Not Found"
09:19:57 │ INFO    │ httpx │ HTTP Request: HEAD https://hillclimb.com/work-with-us "HTTP/1.1 307 Temporary Redirect"
09:19:57 │ INFO    │ httpx │ HTTP Request: HEAD https://nessielabs.com/jobs "HTTP/1.1 404 Not Found"
09:19:57 │ INFO    │ httpx │ HTTP Request: HEAD https://www.hillclimb.com/work-with-us "HTTP/1.1 404 Not Found"
09:19:57 │ INFO    │ pipeline.enrichment.job_resolver │ hillclimb: Tier 4 (manual_visit)
09:19:57 │ INFO    │ httpx │ HTTP Request: GET https://api.greenhouse.io/v1/boards/soren/jobs "HTTP/1.1 404 Not Found"
09:19:57 │ INFO    │ httpx │ HTTP Request: GET https://api.lever.co/v0/postings/trelium "HTTP/1.1 404 Not Found"
09:19:57 │ INFO    │ httpx │ HTTP Request: GET https://api.greenhouse.io/v1/boards/koyal/jobs "HTTP/1.1 404 Not Found"
09:19:57 │ INFO    │ httpx │ HTTP Request: GET https://api.lever.co/v0/postings/wardstone "HTTP/1.1 404 Not Found"
09:19:57 │ INFO    │ httpx │ HTTP Request: HEAD https://nessielabs.com/work-with-us "HTTP/1.1 404 Not Found"
09:19:57 │ INFO    │ pipeline.enrichment.job_resolver │ Nessie: Tier 4 (manual_visit)
09:19:57 │ INFO    │ httpx │ HTTP Request: HEAD https://bolna.ai "HTTP/1.1 301 Moved Permanently"
09:19:57 │ INFO    │ httpx │ HTTP Request: HEAD https://www.hyperspell.com/ "HTTP/1.1 200 OK"
09:19:57 │ INFO    │ httpx │ HTTP Request: HEAD https://aspect.inc "HTTP/1.1 200 OK"
09:19:57 │ INFO    │ httpx │ HTTP Request: HEAD https://hyperspell.com "HTTP/1.1 307 Temporary Redirect"
09:19:57 │ INFO    │ httpx │ HTTP Request: HEAD https://www.hyperspell.com/ "HTTP/1.1 200 OK"
09:19:57 │ INFO    │ httpx │ HTTP Request: HEAD https://hyperspell.com/careers "HTTP/1.1 307 Temporary Redirect"
09:19:57 │ INFO    │ httpx │ HTTP Request: HEAD https://www.bolna.ai/ "HTTP/1.1 200 OK"
09:19:57 │ INFO    │ httpx │ HTTP Request: HEAD https://www.hyperspell.com/careers "HTTP/1.1 404 Not Found"
09:19:58 │ INFO    │ httpx │ HTTP Request: HEAD https://bolna.ai "HTTP/1.1 301 Moved Permanently"
09:19:58 │ INFO    │ httpx │ HTTP Request: HEAD https://hyperspell.com/jobs "HTTP/1.1 307 Temporary Redirect"
09:19:58 │ INFO    │ httpx │ HTTP Request: HEAD https://aspect.inc "HTTP/1.1 200 OK"
09:19:58 │ INFO    │ httpx │ HTTP Request: HEAD https://www.wardstone.us "HTTP/1.1 405 Method Not Allowed"
09:19:58 │ INFO    │ httpx │ HTTP Request: HEAD https://www.trelium.com "HTTP/1.1 200 OK"
09:19:58 │ INFO    │ httpx │ HTTP Request: HEAD https://www.hyperspell.com/jobs "HTTP/1.1 404 Not Found"
09:19:58 │ INFO    │ httpx │ HTTP Request: HEAD https://hyperspell.com/work-with-us "HTTP/1.1 307 Temporary Redirect"
09:19:58 │ INFO    │ httpx │ HTTP Request: HEAD https://www.trelium.com/careers "HTTP/1.1 404 Not Found"
09:19:58 │ INFO    │ httpx │ HTTP Request: HEAD https://parrotapp.com/ "HTTP/1.1 200 OK"
09:19:58 │ INFO    │ httpx │ HTTP Request: HEAD https://www.bolna.ai/ "HTTP/1.1 200 OK"
09:19:58 │ INFO    │ httpx │ HTTP Request: HEAD https://www.trelium.com/jobs "HTTP/1.1 404 Not Found"
09:19:58 │ INFO    │ httpx │ HTTP Request: GET https://api.lever.co/v0/postings/cranston-ai "HTTP/1.1 404 Not Found"
09:19:58 │ INFO    │ httpx │ HTTP Request: HEAD https://bolna.ai/careers "HTTP/1.1 301 Moved Permanently"
09:19:58 │ INFO    │ httpx │ HTTP Request: HEAD https://parrotapp.com/ "HTTP/1.1 200 OK"
09:19:58 │ INFO    │ httpx │ HTTP Request: HEAD https://www.trelium.com/work-with-us "HTTP/1.1 404 Not Found"
09:19:58 │ INFO    │ pipeline.enrichment.job_resolver │ Trelium: Tier 4 (manual_visit)
09:19:58 │ INFO    │ httpx │ HTTP Request: HEAD https://www.bolna.ai/careers "HTTP/1.1 301 Moved Permanently"
09:19:58 │ INFO    │ httpx │ HTTP Request: HEAD https://parrotapp.com/careers "HTTP/1.1 200 OK"
09:19:58 │ INFO    │ httpx │ HTTP Request: GET https://api.lever.co/v0/postings/deeptrace "HTTP/1.1 404 Not Found"
09:19:58 │ INFO    │ httpx │ HTTP Request: HEAD https://www.hyperspell.com/work-with-us "HTTP/1.1 404 Not Found"
09:19:58 │ INFO    │ httpx │ HTTP Request: GET https://hyperspell.com "HTTP/1.1 307 Temporary Redirect"
09:19:58 │ INFO    │ httpx │ HTTP Request: GET https://api.lever.co/v0/postings/cranstonai "HTTP/1.1 404 Not Found"
09:19:58 │ INFO    │ httpx │ HTTP Request: GET https://api.lever.co/v0/postings/soren "HTTP/1.1 404 Not Found"
09:19:58 │ INFO    │ httpx │ HTTP Request: HEAD https://www.wardstone.us/careers "HTTP/1.1 405 Method Not Allowed"
09:19:58 │ INFO    │ httpx │ HTTP Request: HEAD https://deeptrace.com/ "HTTP/1.1 200 OK"
09:19:58 │ INFO    │ httpx │ HTTP Request: GET https://www.hyperspell.com/ "HTTP/1.1 200 OK"
09:19:58 │ INFO    │ httpx │ HTTP Request: HEAD https://deeptrace.com/careers "HTTP/1.1 404 Not Found"
09:19:58 │ INFO    │ httpx │ HTTP Request: HEAD https://aspect.inc/careers "HTTP/1.1 404 Not Found"
09:19:58 │ INFO    │ httpx │ HTTP Request: GET https://api.lever.co/v0/postings/koyal "HTTP/1.1 404 Not Found"
09:19:58 │ INFO    │ httpx │ HTTP Request: GET https://parrotapp.com/ "HTTP/1.1 200 OK"
09:19:58 │ INFO    │ httpx │ HTTP Request: HEAD https://deeptrace.com/jobs "HTTP/1.1 404 Not Found"
09:19:58 │ INFO    │ httpx │ HTTP Request: HEAD https://aspect.inc/jobs "HTTP/1.1 404 Not Found"
09:19:58 │ INFO    │ httpx │ HTTP Request: HEAD https://deeptrace.com/work-with-us "HTTP/1.1 404 Not Found"
09:19:58 │ INFO    │ pipeline.enrichment.job_resolver │ Deeptrace: Tier 4 (manual_visit)
09:19:58 │ INFO    │ httpx │ HTTP Request: HEAD https://usesoren.com "HTTP/1.1 308 Permanent Redirect"
09:19:58 │ INFO    │ httpx │ HTTP Request: HEAD https://aspect.inc/work-with-us "HTTP/1.1 404 Not Found"
09:19:59 │ INFO    │ httpx │ HTTP Request: GET https://aspect.inc "HTTP/1.1 200 OK"
09:19:59 │ INFO    │ httpx │ HTTP Request: HEAD https://www.wardstone.us/jobs "HTTP/1.1 405 Method Not Allowed"
09:19:59 │ INFO    │ httpx │ HTTP Request: HEAD https://soren-ai.com/ "HTTP/1.1 200 OK"
09:19:59 │ INFO    │ httpx │ HTTP Request: GET https://api.greenhouse.io/v1/boards/parrot/jobs "HTTP/1.1 404 Not Found"
09:19:59 │ INFO    │ httpx │ HTTP Request: HEAD https://usesoren.com/careers "HTTP/1.1 308 Permanent Redirect"
09:19:59 │ INFO    │ httpx │ HTTP Request: HEAD https://soren-ai.com/careers "HTTP/1.1 404 Not Found"
09:19:59 │ INFO    │ httpx │ HTTP Request: HEAD https://jobs.gem.com/bolna "HTTP/1.1 200 OK"
09:19:59 │ INFO    │ httpx │ HTTP Request: GET https://bolna.ai "HTTP/1.1 301 Moved Permanently"
09:19:59 │ INFO    │ httpx │ HTTP Request: HEAD https://usesoren.com/jobs "HTTP/1.1 308 Permanent Redirect"
09:19:59 │ INFO    │ httpx │ HTTP Request: GET https://api.greenhouse.io/v1/boards/aspect-inc/jobs "HTTP/1.1 404 Not Found"
09:19:59 │ INFO    │ httpx │ HTTP Request: HEAD https://www.getstructured.ai/ "HTTP/1.1 307 Temporary Redirect"
09:19:59 │ INFO    │ httpx │ HTTP Request: GET https://www.bolna.ai/ "HTTP/1.1 200 OK"
09:19:59 │ INFO    │ httpx │ HTTP Request: HEAD https://soren-ai.com/jobs "HTTP/1.1 404 Not Found"
09:19:59 │ INFO    │ httpx │ HTTP Request: HEAD https://usesoren.com/work-with-us "HTTP/1.1 308 Permanent Redirect"
09:19:59 │ INFO    │ httpx │ HTTP Request: HEAD https://soren-ai.com/work-with-us "HTTP/1.1 404 Not Found"
09:19:59 │ INFO    │ pipeline.enrichment.job_resolver │ Soren: Tier 4 (manual_visit)
09:19:59 │ INFO    │ httpx │ HTTP Request: GET https://api.greenhouse.io/v1/boards/aspectinc/jobs "HTTP/1.1 404 Not Found"
09:19:59 │ INFO    │ httpx │ HTTP Request: HEAD https://getstructured.ai/ "HTTP/1.1 200 OK"
09:19:59 │ INFO    │ httpx │ HTTP Request: HEAD https://www.wardstone.us/work-with-us "HTTP/1.1 405 Method Not Allowed"
09:19:59 │ INFO    │ pipeline.enrichment.job_resolver │ Wardstone: Tier 4 (manual_visit)
09:19:59 │ INFO    │ httpx │ HTTP Request: HEAD https://koyal.ai "HTTP/1.1 200 OK"
09:19:59 │ INFO    │ httpx │ HTTP Request: GET https://api.greenhouse.io/v1/boards/hyperspell/jobs "HTTP/1.1 404 Not Found"
09:19:59 │ INFO    │ httpx │ HTTP Request: HEAD https://www.getstructured.ai/ "HTTP/1.1 307 Temporary Redirect"
09:19:59 │ INFO    │ httpx │ HTTP Request: GET https://api.greenhouse.io/v1/boards/bolna-ai/jobs "HTTP/1.1 404 Not Found"
09:19:59 │ INFO    │ httpx │ HTTP Request: HEAD https://getstructured.ai/ "HTTP/1.1 200 OK"
09:19:59 │ INFO    │ httpx │ HTTP Request: HEAD https://www.getstructured.ai/careers "HTTP/1.1 307 Temporary Redirect"
09:19:59 │ INFO    │ httpx │ HTTP Request: GET https://api.lever.co/v0/postings/cranston_ai "HTTP/1.1 404 Not Found"
09:19:59 │ INFO    │ httpx │ HTTP Request: HEAD https://uplane.com "HTTP/1.1 200 OK"
09:20:00 │ INFO    │ httpx │ HTTP Request: HEAD https://getstructured.ai/careers "HTTP/1.1 308 Permanent Redirect"
09:20:00 │ INFO    │ httpx │ HTTP Request: GET https://api.greenhouse.io/v1/boards/aspect_inc/jobs "HTTP/1.1 404 Not Found"
09:20:00 │ INFO    │ httpx │ HTTP Request: HEAD https://uplane.com "HTTP/1.1 200 OK"
09:20:00 │ INFO    │ httpx │ HTTP Request: HEAD https://koyal.ai/careers "HTTP/1.1 200 OK"
09:20:00 │ INFO    │ httpx │ HTTP Request: HEAD https://getstructured.ai/careers/ "HTTP/1.1 200 OK"
09:20:00 │ INFO    │ httpx │ HTTP Request: HEAD https://uplane.com/careers "HTTP/1.1 404 Not Found"
09:20:00 │ INFO    │ httpx │ HTTP Request: GET https://www.getstructured.ai/ "HTTP/1.1 307 Temporary Redirect"
09:20:00 │ INFO    │ httpx │ HTTP Request: GET https://api.greenhouse.io/v1/boards/bolnaai/jobs "HTTP/1.1 404 Not Found"
09:20:00 │ INFO    │ httpx │ HTTP Request: HEAD https://uplane.com/jobs "HTTP/1.1 404 Not Found"
09:20:00 │ INFO    │ httpx │ HTTP Request: HEAD https://www.cranston.ai "HTTP/1.1 307 Temporary Redirect"
09:20:00 │ INFO    │ httpx │ HTTP Request: HEAD https://www.brickwiseai.com "HTTP/1.1 200 OK"
09:20:00 │ INFO    │ httpx │ HTTP Request: HEAD https://uplane.com/work-with-us "HTTP/1.1 404 Not Found"
09:20:00 │ INFO    │ httpx │ HTTP Request: HEAD https://www.brickwiseai.com "HTTP/1.1 200 OK"
09:20:00 │ INFO    │ httpx │ HTTP Request: GET https://uplane.com "HTTP/1.1 200 OK"
09:20:00 │ INFO    │ httpx │ HTTP Request: GET https://getstructured.ai/ "HTTP/1.1 200 OK"
09:20:00 │ INFO    │ httpx │ HTTP Request: HEAD https://aircaps.com "HTTP/1.1 200 OK"
09:20:00 │ INFO    │ httpx │ HTTP Request: GET https://koyal.ai/careers "HTTP/1.1 200 OK"
09:20:00 │ INFO    │ pipeline.enrichment.job_resolver │ Koyal: Tier 4 (manual_visit)
09:20:00 │ INFO    │ httpx │ HTTP Request: HEAD https://cranston.ai/ "HTTP/1.1 200 OK"
09:20:00 │ INFO    │ httpx │ HTTP Request: GET https://api.lever.co/v0/postings/parrot "HTTP/1.1 404 Not Found"
09:20:00 │ INFO    │ httpx │ HTTP Request: GET https://api.greenhouse.io/v1/boards/bolna_ai/jobs "HTTP/1.1 404 Not Found"
09:20:00 │ INFO    │ httpx │ HTTP Request: HEAD https://www.cranston.ai/careers "HTTP/1.1 307 Temporary Redirect"
09:20:00 │ INFO    │ httpx │ HTTP Request: HEAD https://aircaps.com "HTTP/1.1 200 OK"
09:20:00 │ INFO    │ httpx │ HTTP Request: HEAD https://cranston.ai/careers "HTTP/1.1 200 OK"
09:20:00 │ INFO    │ httpx │ HTTP Request: GET https://cranston.ai/careers "HTTP/1.1 200 OK"
09:20:00 │ INFO    │ pipeline.enrichment.job_resolver │ Cranston AI: Tier 4 (manual_visit)
09:20:00 │ INFO    │ httpx │ HTTP Request: HEAD https://parrotapp.com/ "HTTP/1.1 200 OK"
09:20:00 │ INFO    │ httpx │ HTTP Request: GET https://api.greenhouse.io/v1/boards/structured-ai/jobs "HTTP/1.1 404 Not Found"
09:20:00 │ INFO    │ httpx │ HTTP Request: HEAD https://parrotapp.com/careers "HTTP/1.1 200 OK"
09:20:00 │ INFO    │ httpx │ HTTP Request: GET https://parrotapp.com/careers "HTTP/1.1 200 OK"
09:20:00 │ INFO    │ pipeline.enrichment.job_resolver │ Parrot: Tier 4 (manual_visit)
09:20:01 │ INFO    │ httpx │ HTTP Request: HEAD https://www.brickanta.com "HTTP/1.1 301 Moved Permanently"
09:20:01 │ INFO    │ httpx │ HTTP Request: GET https://api.greenhouse.io/v1/boards/structuredai/jobs "HTTP/1.1 404 Not Found"
09:20:01 │ INFO    │ httpx │ HTTP Request: GET https://api.lever.co/v0/postings/hyperspell "HTTP/1.1 404 Not Found"
09:20:01 │ INFO    │ httpx │ HTTP Request: HEAD https://aircaps.com/careers "HTTP/1.1 404 Not Found"
09:20:01 │ INFO    │ httpx │ HTTP Request: HEAD https://www.brickwiseai.com/careers "HTTP/1.1 200 OK"
09:20:01 │ INFO    │ httpx │ HTTP Request: GET https://api.ashbyhq.com/posting-api/job-board/uplane "HTTP/1.1 200 OK"
09:20:01 │ INFO    │ pipeline.enrichment.job_resolver │ Uplane: Tier 1 (ashby) → 6 jobs
09:20:01 │ INFO    │ httpx │ HTTP Request: GET https://www.brickwiseai.com "HTTP/1.1 200 OK"
09:20:01 │ INFO    │ httpx │ HTTP Request: HEAD https://hyperspell.com "HTTP/1.1 307 Temporary Redirect"
09:20:01 │ INFO    │ httpx │ HTTP Request: GET https://api.greenhouse.io/v1/boards/structured_ai/jobs "HTTP/1.1 404 Not Found"
09:20:01 │ INFO    │ httpx │ HTTP Request: HEAD https://brickanta.com/ "HTTP/1.1 200 OK"
09:20:01 │ INFO    │ httpx │ HTTP Request: GET https://api.lever.co/v0/postings/aspect-inc "HTTP/1.1 404 Not Found"
09:20:01 │ INFO    │ httpx │ HTTP Request: HEAD http://f2.ai "HTTP/1.1 308 Permanent Redirect"
09:20:01 │ INFO    │ httpx │ HTTP Request: HEAD https://www.brickanta.com "HTTP/1.1 301 Moved Permanently"
09:20:01 │ INFO    │ httpx │ HTTP Request: HEAD https://aircaps.com/jobs "HTTP/1.1 404 Not Found"
09:20:01 │ INFO    │ httpx │ HTTP Request: HEAD https://brickanta.com/ "HTTP/1.1 200 OK"
09:20:01 │ INFO    │ httpx │ HTTP Request: HEAD https://www.brickanta.com/careers "HTTP/1.1 301 Moved Permanently"
09:20:01 │ INFO    │ httpx │ HTTP Request: HEAD https://www.digipals.app/ "HTTP/1.1 200 OK"
09:20:01 │ INFO    │ httpx │ HTTP Request: HEAD https://brickanta.com/careers "HTTP/1.1 404 Not Found"
09:20:01 │ INFO    │ httpx │ HTTP Request: HEAD https://www.brickanta.com/jobs "HTTP/1.1 301 Moved Permanently"
09:20:01 │ INFO    │ httpx │ HTTP Request: GET https://api.greenhouse.io/v1/boards/brickwise/jobs "HTTP/1.1 404 Not Found"
09:20:01 │ INFO    │ httpx │ HTTP Request: HEAD https://www.digipals.app/ "HTTP/1.1 200 OK"
09:20:01 │ INFO    │ httpx │ HTTP Request: HEAD https://brickanta.com/jobs "HTTP/1.1 404 Not Found"
09:20:01 │ INFO    │ httpx │ HTTP Request: GET https://api.lever.co/v0/postings/aspectinc "HTTP/1.1 404 Not Found"
09:20:01 │ INFO    │ httpx │ HTTP Request: HEAD https://www.digipals.app/careers "HTTP/1.1 200 OK"
09:20:01 │ INFO    │ httpx │ HTTP Request: GET https://api.lever.co/v0/postings/bolna-ai "HTTP/1.1 404 Not Found"
09:20:01 │ INFO    │ httpx │ HTTP Request: HEAD https://www.brickanta.com/work-with-us "HTTP/1.1 301 Moved Permanently"
09:20:01 │ INFO    │ httpx │ HTTP Request: HEAD https://aircaps.com/work-with-us "HTTP/1.1 404 Not Found"
09:20:01 │ INFO    │ httpx │ HTTP Request: HEAD https://www.hyperspell.com/ "HTTP/1.1 200 OK"
09:20:01 │ INFO    │ httpx │ HTTP Request: GET https://www.digipals.app/ "HTTP/1.1 200 OK"
09:20:01 │ INFO    │ httpx │ HTTP Request: HEAD https://brickanta.com/work-with-us "HTTP/1.1 404 Not Found"
09:20:01 │ INFO    │ httpx │ HTTP Request: GET https://www.brickanta.com "HTTP/1.1 301 Moved Permanently"
09:20:01 │ INFO    │ httpx │ HTTP Request: HEAD https://hyperspell.com/careers "HTTP/1.1 307 Temporary Redirect"
09:20:01 │ INFO    │ httpx │ HTTP Request: HEAD https://www.hyperspell.com/careers "HTTP/1.1 404 Not Found"
09:20:01 │ INFO    │ httpx │ HTTP Request: GET https://brickanta.com/ "HTTP/1.1 200 OK"
09:20:01 │ INFO    │ httpx │ HTTP Request: HEAD https://hyperspell.com/jobs "HTTP/1.1 307 Temporary Redirect"
09:20:01 │ INFO    │ httpx │ HTTP Request: HEAD https://noxmetals.co/ "HTTP/1.1 200 OK"
09:20:01 │ INFO    │ httpx │ HTTP Request: GET https://api.lever.co/v0/postings/aspect_inc "HTTP/1.1 404 Not Found"
09:20:02 │ INFO    │ httpx │ HTTP Request: GET https://api.lever.co/v0/postings/bolnaai "HTTP/1.1 404 Not Found"
09:20:02 │ INFO    │ httpx │ HTTP Request: HEAD https://www.hyperspell.com/jobs "HTTP/1.1 404 Not Found"
09:20:02 │ INFO    │ httpx │ HTTP Request: GET https://aircaps.com "HTTP/1.1 200 OK"
09:20:02 │ INFO    │ httpx │ HTTP Request: GET https://api.greenhouse.io/v1/boards/digipals/jobs "HTTP/1.1 404 Not Found"
09:20:02 │ INFO    │ httpx │ HTTP Request: HEAD https://hyperspell.com/work-with-us "HTTP/1.1 307 Temporary Redirect"
09:20:02 │ INFO    │ httpx │ HTTP Request: HEAD https://www.hyperspell.com/work-with-us "HTTP/1.1 404 Not Found"
09:20:02 │ INFO    │ pipeline.enrichment.job_resolver │ Hyperspell: Tier 4 (manual_visit)
09:20:02 │ INFO    │ httpx │ HTTP Request: HEAD https://aspect.inc "HTTP/1.1 200 OK"
09:20:02 │ INFO    │ httpx │ HTTP Request: HEAD https://f2.ai/ "HTTP/1.1 200 OK"
09:20:02 │ INFO    │ httpx │ HTTP Request: HEAD https://aspect.inc/careers "HTTP/1.1 404 Not Found"
09:20:02 │ INFO    │ httpx │ HTTP Request: GET https://api.lever.co/v0/postings/bolna_ai "HTTP/1.1 404 Not Found"
09:20:02 │ INFO    │ httpx │ HTTP Request: HEAD http://f2.ai "HTTP/1.1 308 Permanent Redirect"
09:20:02 │ INFO    │ httpx │ HTTP Request: GET https://api.greenhouse.io/v1/boards/brickanta/jobs "HTTP/1.1 404 Not Found"
09:20:02 │ INFO    │ httpx │ HTTP Request: HEAD https://noxmetals.co/ "HTTP/1.1 200 OK"
09:20:02 │ INFO    │ httpx │ HTTP Request: HEAD https://aspect.inc/jobs "HTTP/1.1 404 Not Found"
09:20:02 │ INFO    │ httpx │ HTTP Request: GET https://api.greenhouse.io/v1/boards/aircaps/jobs "HTTP/1.1 404 Not Found"
09:20:02 │ INFO    │ httpx │ HTTP Request: HEAD https://aspect.inc/work-with-us "HTTP/1.1 404 Not Found"
09:20:02 │ INFO    │ pipeline.enrichment.job_resolver │ Aspect: Tier 4 (manual_visit)
09:20:02 │ INFO    │ httpx │ HTTP Request: HEAD https://f2.ai/ "HTTP/1.1 200 OK"
09:20:02 │ INFO    │ httpx │ HTTP Request: GET https://api.lever.co/v0/postings/structured-ai "HTTP/1.1 404 Not Found"
09:20:02 │ INFO    │ httpx │ HTTP Request: HEAD https://bolna.ai "HTTP/1.1 301 Moved Permanently"
09:20:02 │ INFO    │ httpx │ HTTP Request: HEAD http://f2.ai/careers "HTTP/1.1 308 Permanent Redirect"
09:20:02 │ INFO    │ httpx │ HTTP Request: GET https://api.lever.co/v0/postings/brickwise "HTTP/1.1 404 Not Found"
09:20:02 │ INFO    │ httpx │ HTTP Request: HEAD https://www.bolna.ai/ "HTTP/1.1 200 OK"
09:20:02 │ INFO    │ httpx │ HTTP Request: HEAD https://bolna.ai/careers "HTTP/1.1 301 Moved Permanently"
09:20:02 │ INFO    │ httpx │ HTTP Request: HEAD https://f2.ai/careers "HTTP/1.1 307 Temporary Redirect"
09:20:02 │ INFO    │ httpx │ HTTP Request: HEAD https://www.bolna.ai/careers "HTTP/1.1 301 Moved Permanently"
09:20:02 │ INFO    │ httpx │ HTTP Request: HEAD https://www.brickwiseai.com "HTTP/1.1 200 OK"
09:20:02 │ INFO    │ httpx │ HTTP Request: GET https://api.lever.co/v0/postings/structuredai "HTTP/1.1 404 Not Found"
09:20:03 │ INFO    │ httpx │ HTTP Request: HEAD https://upliftai.org/ "HTTP/1.1 200 OK"
09:20:03 │ INFO    │ httpx │ HTTP Request: HEAD https://noxmetals.co/careers "HTTP/1.1 200 OK"
09:20:03 │ INFO    │ httpx │ HTTP Request: HEAD https://upliftai.org/ "HTTP/1.1 200 OK"
09:20:03 │ INFO    │ httpx │ HTTP Request: HEAD https://luminal.com "HTTP/1.1 307 Temporary Redirect"
09:20:03 │ INFO    │ httpx │ HTTP Request: HEAD https://upliftai.org/careers "HTTP/1.1 404 Not Found"
09:20:03 │ INFO    │ httpx │ HTTP Request: GET https://api.lever.co/v0/postings/structured_ai "HTTP/1.1 404 Not Found"
09:20:03 │ INFO    │ httpx │ HTTP Request: GET https://api.lever.co/v0/postings/digipals "HTTP/1.1 404 Not Found"
09:20:03 │ INFO    │ httpx │ HTTP Request: GET https://noxmetals.co/ "HTTP/1.1 200 OK"
09:20:03 │ INFO    │ httpx │ HTTP Request: HEAD https://www.brickwiseai.com/careers "HTTP/1.1 200 OK"
09:20:03 │ INFO    │ httpx │ HTTP Request: HEAD https://upliftai.org/jobs "HTTP/1.1 404 Not Found"
09:20:03 │ INFO    │ httpx │ HTTP Request: HEAD https://upliftai.org/work-with-us "HTTP/1.1 404 Not Found"
09:20:03 │ INFO    │ httpx │ HTTP Request: HEAD https://www.getstructured.ai/ "HTTP/1.1 307 Temporary Redirect"
09:20:03 │ INFO    │ httpx │ HTTP Request: HEAD https://www.digipals.app/ "HTTP/1.1 200 OK"
09:20:03 │ INFO    │ httpx │ HTTP Request: HEAD https://www.digipals.app/careers "HTTP/1.1 200 OK"
09:20:03 │ INFO    │ httpx │ HTTP Request: HEAD https://www.luminal.com/ "HTTP/1.1 200 OK"
09:20:03 │ INFO    │ httpx │ HTTP Request: GET https://api.lever.co/v0/postings/aircaps "HTTP/1.1 404 Not Found"
09:20:03 │ INFO    │ httpx │ HTTP Request: HEAD https://jobs.ashbyhq.com/f2-ai "HTTP/1.1 200 OK"
09:20:03 │ INFO    │ httpx │ HTTP Request: GET https://upliftai.org/ "HTTP/1.1 200 OK"
09:20:03 │ INFO    │ httpx │ HTTP Request: GET https://www.digipals.app/careers "HTTP/1.1 200 OK"
09:20:03 │ INFO    │ httpx │ HTTP Request: HEAD https://luminal.com "HTTP/1.1 307 Temporary Redirect"
09:20:03 │ INFO    │ pipeline.enrichment.job_resolver │ Digipals: Tier 4 (manual_visit)
09:20:03 │ INFO    │ httpx │ HTTP Request: HEAD https://getstructured.ai/ "HTTP/1.1 200 OK"
09:20:03 │ INFO    │ httpx │ HTTP Request: GET https://www.brickwiseai.com/careers "HTTP/1.1 200 OK"
09:20:03 │ INFO    │ httpx │ HTTP Request: GET https://api.lever.co/v0/postings/brickanta "HTTP/1.1 404 Not Found"
09:20:03 │ INFO    │ pipeline.enrichment.job_resolver │ Brickwise: Tier 4 (manual_visit)
09:20:03 │ INFO    │ httpx │ HTTP Request: HEAD https://www.luminal.com/ "HTTP/1.1 200 OK"
09:20:03 │ INFO    │ httpx │ HTTP Request: HEAD https://www.getstructured.ai/careers "HTTP/1.1 307 Temporary Redirect"
09:20:03 │ INFO    │ httpx │ HTTP Request: HEAD https://jobs.gem.com/bolna "HTTP/1.1 200 OK"
09:20:03 │ INFO    │ httpx │ HTTP Request: HEAD https://luminal.com/careers "HTTP/1.1 307 Temporary Redirect"
09:20:03 │ INFO    │ httpx │ HTTP Request: HEAD https://getstructured.ai/careers "HTTP/1.1 308 Permanent Redirect"
09:20:04 │ INFO    │ httpx │ HTTP Request: HEAD https://getstructured.ai/careers/ "HTTP/1.1 200 OK"
09:20:04 │ INFO    │ httpx │ HTTP Request: HEAD https://www.luminal.com/careers "HTTP/1.1 200 OK"
09:20:04 │ INFO    │ httpx │ HTTP Request: HEAD https://freyavoice.ai/ "HTTP/1.1 200 OK"
09:20:04 │ INFO    │ httpx │ HTTP Request: GET https://api.ashbyhq.com/posting-api/job-board/nox-metals "HTTP/1.1 200 OK"
09:20:04 │ INFO    │ pipeline.enrichment.job_resolver │ Nox Metals: Tier 1 (ashby) → 13 jobs
09:20:04 │ INFO    │ httpx │ HTTP Request: GET https://getstructured.ai/careers/ "HTTP/1.1 200 OK"
09:20:04 │ INFO    │ httpx │ HTTP Request: GET https://luminal.com "HTTP/1.1 307 Temporary Redirect"
09:20:04 │ INFO    │ httpx │ HTTP Request: HEAD https://freyavoice.ai/ "HTTP/1.1 200 OK"
09:20:04 │ INFO    │ pipeline.enrichment.job_resolver │ Structured AI: Tier 2 (html_heuristic) → 6 jobs
09:20:04 │ INFO    │ httpx │ HTTP Request: HEAD https://aircaps.com "HTTP/1.1 200 OK"
09:20:04 │ INFO    │ httpx │ HTTP Request: GET https://api.greenhouse.io/v1/boards/uplift-ai/jobs "HTTP/1.1 404 Not Found"
09:20:04 │ INFO    │ httpx │ HTTP Request: HEAD https://freyavoice.ai/careers "HTTP/1.1 404 Not Found"
09:20:04 │ INFO    │ httpx │ HTTP Request: GET https://www.luminal.com/ "HTTP/1.1 200 OK"
09:20:04 │ INFO    │ httpx │ HTTP Request: HEAD https://www.brickanta.com "HTTP/1.1 301 Moved Permanently"
09:20:04 │ INFO    │ httpx │ HTTP Request: HEAD https://freyavoice.ai/jobs "HTTP/1.1 404 Not Found"
09:20:04 │ INFO    │ httpx │ HTTP Request: HEAD https://freyavoice.ai/work-with-us "HTTP/1.1 404 Not Found"
09:20:04 │ INFO    │ httpx │ HTTP Request: GET https://api.ashbyhq.com/posting-api/job-board/f2-ai "HTTP/1.1 200 OK"
09:20:04 │ INFO    │ pipeline.enrichment.job_resolver │ F2: Tier 1 (ashby) → 12 jobs
09:20:04 │ INFO    │ httpx │ HTTP Request: GET https://freyavoice.ai/ "HTTP/1.1 200 OK"
09:20:04 │ INFO    │ httpx │ HTTP Request: HEAD https://brickanta.com/ "HTTP/1.1 200 OK"
09:20:04 │ INFO    │ httpx │ HTTP Request: GET https://api.greenhouse.io/v1/boards/upliftai/jobs "HTTP/1.1 404 Not Found"
09:20:04 │ INFO    │ httpx │ HTTP Request: HEAD https://www.brickanta.com/careers "HTTP/1.1 301 Moved Permanently"
09:20:04 │ INFO    │ httpx │ HTTP Request: HEAD https://aircaps.com/careers "HTTP/1.1 404 Not Found"
09:20:04 │ INFO    │ httpx │ HTTP Request: HEAD https://brickanta.com/careers "HTTP/1.1 404 Not Found"
09:20:04 │ INFO    │ httpx │ HTTP Request: HEAD https://www.brickanta.com/jobs "HTTP/1.1 301 Moved Permanently"
09:20:04 │ INFO    │ httpx │ HTTP Request: HEAD https://getburnt.ai/ "HTTP/1.1 301 Moved Permanently"
09:20:04 │ INFO    │ httpx │ HTTP Request: HEAD https://brickanta.com/jobs "HTTP/1.1 404 Not Found"
09:20:04 │ INFO    │ httpx │ HTTP Request: HEAD https://www.aventindustrial.com "HTTP/1.1 200 OK"
09:20:04 │ INFO    │ httpx │ HTTP Request: HEAD https://www.brickanta.com/work-with-us "HTTP/1.1 301 Moved Permanently"
09:20:04 │ INFO    │ httpx │ HTTP Request: GET https://api.greenhouse.io/v1/boards/luminal/jobs "HTTP/1.1 404 Not Found"
09:20:04 │ INFO    │ httpx │ HTTP Request: HEAD https://www.aventindustrial.com "HTTP/1.1 200 OK"
09:20:04 │ INFO    │ httpx │ HTTP Request: HEAD https://www.veritus.com "HTTP/1.1 301 Moved Permanently"
09:20:04 │ INFO    │ httpx │ HTTP Request: HEAD https://brickanta.com/work-with-us "HTTP/1.1 404 Not Found"
09:20:04 │ INFO    │ pipeline.enrichment.job_resolver │ Brickanta: Tier 4 (manual_visit)
09:20:04 │ INFO    │ httpx │ HTTP Request: GET https://api.greenhouse.io/v1/boards/uplift_ai/jobs "HTTP/1.1 404 Not Found"
09:20:04 │ INFO    │ httpx │ HTTP Request: GET https://jobs.gem.com/bolna "HTTP/1.1 200 OK"
09:20:04 │ INFO    │ httpx │ HTTP Request: HEAD https://www.aventindustrial.com/careers "HTTP/1.1 200 OK"
09:20:04 │ INFO    │ pipeline.enrichment.job_resolver │ Bolna AI: Tier 4 (manual_visit)
09:20:04 │ INFO    │ httpx │ HTTP Request: HEAD https://aircaps.com/jobs "HTTP/1.1 404 Not Found"
09:20:04 │ INFO    │ httpx │ HTTP Request: GET https://api.greenhouse.io/v1/boards/freya/jobs "HTTP/1.1 404 Not Found"
09:20:04 │ INFO    │ httpx │ HTTP Request: GET https://www.aventindustrial.com "HTTP/1.1 200 OK"
09:20:05 │ INFO    │ httpx │ HTTP Request: HEAD https://aircaps.com/work-with-us "HTTP/1.1 404 Not Found"
09:20:05 │ INFO    │ pipeline.enrichment.job_resolver │ AirCaps: Tier 4 (manual_visit)
09:20:05 │ INFO    │ httpx │ HTTP Request: HEAD https://www.getburnt.ai/ "HTTP/1.1 200 OK"
09:20:05 │ INFO    │ httpx │ HTTP Request: GET https://api.greenhouse.io/v1/boards/avent/jobs "HTTP/1.1 404 Not Found"
09:20:05 │ INFO    │ httpx │ HTTP Request: HEAD https://veritus.com/ "HTTP/1.1 200 OK"
09:20:05 │ INFO    │ httpx │ HTTP Request: HEAD https://www.veritus.com "HTTP/1.1 301 Moved Permanently"
09:20:05 │ INFO    │ httpx │ HTTP Request: HEAD https://veritus.com/ "HTTP/1.1 200 OK"
09:20:05 │ INFO    │ httpx │ HTTP Request: HEAD https://www.veritus.com/careers "HTTP/1.1 301 Moved Permanently"
09:20:05 │ INFO    │ httpx │ HTTP Request: HEAD https://veritus.com/careers "HTTP/1.1 404 Not Found"
09:20:05 │ INFO    │ httpx │ HTTP Request: HEAD https://www.veritus.com/jobs "HTTP/1.1 301 Moved Permanently"
09:20:05 │ INFO    │ httpx │ HTTP Request: HEAD https://veritus.com/jobs "HTTP/1.1 404 Not Found"
09:20:05 │ INFO    │ httpx │ HTTP Request: HEAD https://www.veritus.com/work-with-us "HTTP/1.1 301 Moved Permanently"
09:20:05 │ INFO    │ httpx │ HTTP Request: HEAD https://veritus.com/work-with-us "HTTP/1.1 404 Not Found"
09:20:05 │ INFO    │ httpx │ HTTP Request: GET https://www.veritus.com "HTTP/1.1 301 Moved Permanently"
09:20:05 │ INFO    │ httpx │ HTTP Request: HEAD https://getburnt.ai/ "HTTP/1.1 301 Moved Permanently"
09:20:05 │ INFO    │ httpx │ HTTP Request: GET https://veritus.com/ "HTTP/1.1 200 OK"
09:20:05 │ INFO    │ httpx │ HTTP Request: HEAD https://vulcan.ai/ "HTTP/1.1 200 OK"
09:20:05 │ INFO    │ httpx │ HTTP Request: HEAD https://www.getburnt.ai/ "HTTP/1.1 200 OK"
09:20:05 │ INFO    │ httpx │ HTTP Request: HEAD https://vulcan.ai/ "HTTP/1.1 200 OK"
09:20:05 │ INFO    │ httpx │ HTTP Request: GET https://api.lever.co/v0/postings/luminal "HTTP/1.1 404 Not Found"
09:20:05 │ INFO    │ httpx │ HTTP Request: HEAD https://perspectiveshealth.ai/ "HTTP/1.1 307 Temporary Redirect"
09:20:06 │ INFO    │ httpx │ HTTP Request: GET https://api.lever.co/v0/postings/freya "HTTP/1.1 404 Not Found"
09:20:06 │ INFO    │ httpx │ HTTP Request: GET https://api.lever.co/v0/postings/uplift-ai "HTTP/1.1 404 Not Found"
09:20:06 │ INFO    │ httpx │ HTTP Request: HEAD https://getburnt.ai/careers "HTTP/1.1 301 Moved Permanently"
09:20:06 │ INFO    │ httpx │ HTTP Request: HEAD https://luminal.com "HTTP/1.1 307 Temporary Redirect"
09:20:06 │ INFO    │ httpx │ HTTP Request: HEAD https://interfere.com "HTTP/1.1 200 OK"
09:20:06 │ INFO    │ httpx │ HTTP Request: HEAD https://vulcan.ai/careers "HTTP/1.1 200 OK"
09:20:06 │ INFO    │ httpx │ HTTP Request: HEAD https://www.getburnt.ai/careers "HTTP/1.1 200 OK"
09:20:06 │ INFO    │ httpx │ HTTP Request: HEAD https://freyavoice.ai/ "HTTP/1.1 200 OK"
09:20:06 │ INFO    │ httpx │ HTTP Request: HEAD https://interfere.com "HTTP/1.1 200 OK"
09:20:06 │ INFO    │ httpx │ HTTP Request: HEAD https://freyavoice.ai/careers "HTTP/1.1 404 Not Found"
09:20:06 │ INFO    │ httpx │ HTTP Request: HEAD https://freyavoice.ai/jobs "HTTP/1.1 404 Not Found"
09:20:06 │ INFO    │ httpx │ HTTP Request: GET https://vulcan.ai/ "HTTP/1.1 200 OK"
09:20:06 │ INFO    │ httpx │ HTTP Request: HEAD https://www.luminal.com/ "HTTP/1.1 200 OK"
09:20:06 │ INFO    │ httpx │ HTTP Request: GET https://api.lever.co/v0/postings/upliftai "HTTP/1.1 404 Not Found"
09:20:06 │ INFO    │ httpx │ HTTP Request: HEAD https://freyavoice.ai/work-with-us "HTTP/1.1 404 Not Found"
09:20:06 │ INFO    │ pipeline.enrichment.job_resolver │ Freya: Tier 4 (manual_visit)
09:20:06 │ INFO    │ httpx │ HTTP Request: HEAD https://luminal.com/careers "HTTP/1.1 307 Temporary Redirect"
09:20:06 │ INFO    │ httpx │ HTTP Request: HEAD https://www.luminal.com/careers "HTTP/1.1 200 OK"
09:20:06 │ INFO    │ httpx │ HTTP Request: GET https://api.ashbyhq.com/posting-api/job-board/veritus "HTTP/1.1 200 OK"
09:20:06 │ INFO    │ pipeline.enrichment.job_resolver │ Veritus: Tier 1 (ashby) → 2 jobs
09:20:06 │ INFO    │ httpx │ HTTP Request: GET https://www.luminal.com/careers "HTTP/1.1 200 OK"
09:20:06 │ INFO    │ pipeline.enrichment.job_resolver │ Luminal: Tier 4 (manual_visit)
09:20:06 │ INFO    │ httpx │ HTTP Request: HEAD https://www.perspectiveshealth.ai/ "HTTP/1.1 200 OK"
09:20:06 │ INFO    │ httpx │ HTTP Request: GET https://getburnt.ai/ "HTTP/1.1 301 Moved Permanently"
09:20:06 │ INFO    │ httpx │ HTTP Request: GET https://www.getburnt.ai/ "HTTP/1.1 200 OK"
09:20:06 │ INFO    │ httpx │ HTTP Request: GET https://api.greenhouse.io/v1/boards/vulcan-technologies/jobs "HTTP/1.1 404 Not Found"
09:20:06 │ INFO    │ httpx │ HTTP Request: HEAD https://perspectiveshealth.ai/ "HTTP/1.1 307 Temporary Redirect"
09:20:06 │ INFO    │ httpx │ HTTP Request: HEAD https://fleetline.ai "HTTP/1.1 307 Temporary Redirect"
09:20:06 │ INFO    │ httpx │ HTTP Request: HEAD https://interfere.com/careers "HTTP/1.1 200 OK"
09:20:06 │ INFO    │ httpx │ HTTP Request: HEAD https://www.perspectiveshealth.ai/ "HTTP/1.1 200 OK"
09:20:06 │ INFO    │ httpx │ HTTP Request: GET https://interfere.com "HTTP/1.1 200 OK"
09:20:07 │ INFO    │ httpx │ HTTP Request: GET https://api.lever.co/v0/postings/uplift_ai "HTTP/1.1 404 Not Found"
09:20:07 │ INFO    │ httpx │ HTTP Request: GET https://api.greenhouse.io/v1/boards/vulcantechnologies/jobs "HTTP/1.1 404 Not Found"
09:20:07 │ INFO    │ httpx │ HTTP Request: HEAD https://perspectiveshealth.ai/careers "HTTP/1.1 307 Temporary Redirect"
09:20:07 │ INFO    │ httpx │ HTTP Request: GET https://api.greenhouse.io/v1/boards/burnt/jobs "HTTP/1.1 200 OK"
09:20:07 │ INFO    │ pipeline.enrichment.job_resolver │ burnt: Tier 1 (greenhouse) → 8 jobs
09:20:07 │ INFO    │ httpx │ HTTP Request: GET https://api.lever.co/v0/postings/avent "HTTP/1.1 404 Not Found"
09:20:07 │ INFO    │ httpx │ HTTP Request: HEAD https://www.perspectiveshealth.ai/careers "HTTP/1.1 200 OK"
09:20:07 │ INFO    │ httpx │ HTTP Request: GET https://api.greenhouse.io/v1/boards/vulcan_technologies/jobs "HTTP/1.1 404 Not Found"
09:20:07 │ INFO    │ httpx │ HTTP Request: GET https://api.greenhouse.io/v1/boards/interfere/jobs "HTTP/1.1 404 Not Found"
09:20:07 │ INFO    │ httpx │ HTTP Request: GET https://perspectiveshealth.ai/ "HTTP/1.1 307 Temporary Redirect"
09:20:07 │ INFO    │ httpx │ HTTP Request: HEAD https://www.aventindustrial.com "HTTP/1.1 200 OK"
09:20:07 │ INFO    │ httpx │ HTTP Request: HEAD https://www.fleetline.ai/ "HTTP/1.1 200 OK"
09:20:07 │ INFO    │ httpx │ HTTP Request: HEAD https://www.aventindustrial.com/careers "HTTP/1.1 200 OK"
09:20:07 │ INFO    │ httpx │ HTTP Request: HEAD https://fleetline.ai "HTTP/1.1 307 Temporary Redirect"
09:20:07 │ INFO    │ httpx │ HTTP Request: GET https://www.perspectiveshealth.ai/ "HTTP/1.1 200 OK"
09:20:07 │ INFO    │ httpx │ HTTP Request: HEAD https://www.magnetictax.com "HTTP/1.1 404 Not Found"
09:20:07 │ INFO    │ httpx │ HTTP Request: GET https://www.aventindustrial.com/careers "HTTP/1.1 200 OK"
09:20:07 │ INFO    │ pipeline.enrichment.job_resolver │ Avent: Tier 4 (manual_visit)
09:20:07 │ INFO    │ httpx │ HTTP Request: HEAD https://upliftai.org/ "HTTP/1.1 200 OK"
09:20:07 │ INFO    │ httpx │ HTTP Request: HEAD https://stagewise.io "HTTP/1.1 200 OK"
09:20:07 │ INFO    │ httpx │ HTTP Request: HEAD https://upliftai.org/careers "HTTP/1.1 404 Not Found"
09:20:07 │ INFO    │ httpx │ HTTP Request: HEAD https://stagewise.io "HTTP/1.1 200 OK"
09:20:07 │ INFO    │ httpx │ HTTP Request: HEAD https://www.fleetline.ai/ "HTTP/1.1 200 OK"
09:20:07 │ INFO    │ httpx │ HTTP Request: GET https://api.greenhouse.io/v1/boards/perspectives-health/jobs "HTTP/1.1 404 Not Found"
09:20:07 │ INFO    │ httpx │ HTTP Request: HEAD https://www.magnetictax.com "HTTP/1.1 404 Not Found"
09:20:07 │ INFO    │ httpx │ HTTP Request: HEAD https://upliftai.org/jobs "HTTP/1.1 404 Not Found"
09:20:08 │ INFO    │ httpx │ HTTP Request: HEAD https://fleetline.ai/careers "HTTP/1.1 307 Temporary Redirect"
09:20:08 │ INFO    │ httpx │ HTTP Request: HEAD https://reacherapp.com/ "HTTP/1.1 307 Temporary Redirect"
09:20:08 │ INFO    │ httpx │ HTTP Request: HEAD https://upliftai.org/work-with-us "HTTP/1.1 404 Not Found"
09:20:08 │ INFO    │ pipeline.enrichment.job_resolver │ Uplift AI: Tier 4 (manual_visit)
09:20:08 │ INFO    │ httpx │ HTTP Request: HEAD https://juxta.com "HTTP/1.1 301 Moved Permanently"
09:20:08 │ INFO    │ httpx │ HTTP Request: HEAD https://www.fleetline.ai/careers "HTTP/1.1 307 Temporary Redirect"
09:20:08 │ INFO    │ httpx │ HTTP Request: GET https://api.greenhouse.io/v1/boards/perspectiveshealth/jobs "HTTP/1.1 404 Not Found"
09:20:08 │ INFO    │ httpx │ HTTP Request: HEAD https://www.magnetictax.com/careers "HTTP/1.1 404 Not Found"
09:20:08 │ INFO    │ httpx │ HTTP Request: HEAD https://stagewise.io/careers "HTTP/1.1 200 OK"
09:20:08 │ INFO    │ httpx │ HTTP Request: GET https://api.greenhouse.io/v1/boards/perspectives_health/jobs "HTTP/1.1 404 Not Found"
09:20:08 │ INFO    │ httpx │ HTTP Request: HEAD https://www.fleetline.ai/api/auth/sign-in?callbackUrl=%2Fcareers "HTTP/1.1 307 Temporary Redirect"
09:20:08 │ INFO    │ httpx │ HTTP Request: HEAD https://www.juxta.com/ "HTTP/1.1 200 OK"
09:20:08 │ INFO    │ httpx │ HTTP Request: GET https://stagewise.io "HTTP/1.1 200 OK"
09:20:08 │ INFO    │ httpx │ HTTP Request: GET https://api.lever.co/v0/postings/vulcan-technologies "HTTP/1.1 404 Not Found"
09:20:08 │ INFO    │ httpx │ HTTP Request: GET https://api.lever.co/v0/postings/interfere "HTTP/1.1 404 Not Found"
09:20:08 │ INFO    │ httpx │ HTTP Request: HEAD https://hera.video/ "HTTP/1.1 200 OK"
09:20:08 │ INFO    │ httpx │ HTTP Request: HEAD https://www.magnetictax.com/jobs "HTTP/1.1 404 Not Found"
09:20:08 │ INFO    │ httpx │ HTTP Request: HEAD https://hera.video/ "HTTP/1.1 200 OK"
09:20:08 │ INFO    │ httpx │ HTTP Request: HEAD https://www.reacherapp.com/ "HTTP/1.1 200 OK"
09:20:08 │ INFO    │ httpx │ HTTP Request: HEAD https://hera.video/careers "HTTP/1.1 404 Not Found"
09:20:08 │ INFO    │ httpx │ HTTP Request: HEAD https://reacherapp.com/ "HTTP/1.1 307 Temporary Redirect"
09:20:08 │ INFO    │ httpx │ HTTP Request: GET https://api.lever.co/v0/postings/vulcantechnologies "HTTP/1.1 404 Not Found"
09:20:08 │ INFO    │ httpx │ HTTP Request: HEAD https://hera.video/jobs "HTTP/1.1 307 Temporary Redirect"
09:20:08 │ INFO    │ httpx │ HTTP Request: GET https://api.greenhouse.io/v1/boards/stagewise/jobs "HTTP/1.1 404 Not Found"
09:20:08 │ INFO    │ httpx │ HTTP Request: HEAD https://juxta.com "HTTP/1.1 301 Moved Permanently"
09:20:09 │ INFO    │ httpx │ HTTP Request: HEAD https://www.juxta.com/ "HTTP/1.1 200 OK"
09:20:09 │ INFO    │ httpx │ HTTP Request: HEAD https://interfere.com "HTTP/1.1 200 OK"
09:20:09 │ INFO    │ httpx │ HTTP Request: HEAD https://www.magnetictax.com/work-with-us "HTTP/1.1 404 Not Found"
09:20:09 │ INFO    │ httpx │ HTTP Request: HEAD https://interfere.com/careers "HTTP/1.1 200 OK"
09:20:09 │ INFO    │ httpx │ HTTP Request: HEAD https://www.reacherapp.com/ "HTTP/1.1 200 OK"
09:20:09 │ INFO    │ httpx │ HTTP Request: GET https://interfere.com/careers "HTTP/1.1 200 OK"
09:20:09 │ INFO    │ httpx │ HTTP Request: GET https://api.lever.co/v0/postings/vulcan_technologies "HTTP/1.1 404 Not Found"
09:20:09 │ INFO    │ httpx │ HTTP Request: HEAD https://api.workos.com/user_management/authorize?client_id=client_01KS35WJ3FSH799706YGDG6PEX&code_challenge=hDezmb67iv2q3Udpty8GsGIrgIy_6S5zNWtwJg_IH4k&code_challenge_method=S256&provider=authkit&redirect_uri=https%3A%2F%2Ffleetline.ai%2Fapi%2Fauth%2Fcallback&response_type=code&screen_hint=sign-in&state=Fe26.2%2A1%2A3ab3fdd181bf6919db682ccf45eddc0e62d13c765fc3eb240190118cc9245c84%2AIR79Q0_gkNFC4jV7VrCb0A%2A2ftE2xWN2NvV9xTLrbiSin8kQ_f6w_yv2WANN2isAm-rEqLVURaW88sIDM5yJeqgGS4jNydPWxtcH6usp31_Tf_OtgFCLRnQJJCUWk0t2aRJ5u3AROMhC76AR2nxNsspCnqduirIDOrnP7BZgQ2tPy9SzETv80gAwcZVOKeZE1SvZdONoU5RtagGF4Zxj0dR%2A1785643208471%2A048caa0579bd473bb1a3f8871cbc4111fcb8a4323f2ac387190a8bd40d79b852%2Ae-Tcd8dYXe3t8g7BgtcJI2bdQtkMzT0MFhDUVxEqroQ~2 "HTTP/1.1 302 Found"
09:20:09 │ INFO    │ pipeline.enrichment.job_resolver │ Interfere: Tier 4 (manual_visit)
09:20:09 │ INFO    │ httpx │ HTTP Request: HEAD https://reacherapp.com/careers "HTTP/1.1 307 Temporary Redirect"
09:20:09 │ INFO    │ httpx │ HTTP Request: HEAD https://noso.so "HTTP/1.1 200 OK"
09:20:09 │ INFO    │ httpx │ HTTP Request: GET https://www.magnetictax.com "HTTP/1.1 200 OK"
09:20:09 │ INFO    │ httpx │ HTTP Request: HEAD https://juxta.com/careers "HTTP/1.1 301 Moved Permanently"
09:20:09 │ INFO    │ httpx │ HTTP Request: HEAD https://noso.so "HTTP/1.1 200 OK"
09:20:09 │ INFO    │ httpx │ HTTP Request: HEAD https://www.ycombinator.com/companies/hera-video/jobs "HTTP/1.1 200 OK"
09:20:09 │ INFO    │ httpx │ HTTP Request: GET https://hera.video/ "HTTP/1.1 200 OK"
09:20:09 │ INFO    │ httpx │ HTTP Request: GET https://api.lever.co/v0/postings/perspectives-health "HTTP/1.1 404 Not Found"
09:20:09 │ INFO    │ httpx │ HTTP Request: HEAD https://vulcan.ai/ "HTTP/1.1 200 OK"
09:20:09 │ INFO    │ httpx │ HTTP Request: HEAD https://www.reacherapp.com/careers "HTTP/1.1 404 Not Found"
09:20:09 │ INFO    │ httpx │ HTTP Request: HEAD https://reacherapp.com/jobs "HTTP/1.1 307 Temporary Redirect"
09:20:09 │ INFO    │ httpx │ HTTP Request: GET https://api.greenhouse.io/v1/boards/magnetic/jobs "HTTP/1.1 404 Not Found"
09:20:09 │ INFO    │ httpx │ HTTP Request: HEAD https://vulcan.ai/careers "HTTP/1.1 200 OK"
09:20:09 │ INFO    │ httpx │ HTTP Request: GET https://vulcan.ai/careers "HTTP/1.1 200 OK"
09:20:09 │ INFO    │ pipeline.enrichment.job_resolver │ Vulcan Technologies: Tier 4 (manual_visit)
09:20:09 │ INFO    │ httpx │ HTTP Request: HEAD https://www.juxta.com/careers "HTTP/1.1 404 Not Found"
09:20:09 │ INFO    │ httpx │ HTTP Request: GET https://api.greenhouse.io/v1/boards/hera-video/jobs "HTTP/1.1 404 Not Found"
09:20:09 │ INFO    │ httpx │ HTTP Request: GET https://api.lever.co/v0/postings/perspectiveshealth "HTTP/1.1 404 Not Found"
09:20:10 │ INFO    │ httpx │ HTTP Request: HEAD https://www.reacherapp.com/jobs "HTTP/1.1 404 Not Found"
09:20:10 │ INFO    │ httpx │ HTTP Request: HEAD https://reacherapp.com/work-with-us "HTTP/1.1 307 Temporary Redirect"
09:20:10 │ INFO    │ httpx │ HTTP Request: GET https://api.greenhouse.io/v1/boards/heravideo/jobs "HTTP/1.1 404 Not Found"
09:20:10 │ INFO    │ httpx │ HTTP Request: GET https://api.lever.co/v0/postings/perspectives_health "HTTP/1.1 404 Not Found"
09:20:10 │ INFO    │ httpx │ HTTP Request: GET https://api.lever.co/v0/postings/stagewise "HTTP/1.1 404 Not Found"
09:20:10 │ INFO    │ httpx │ HTTP Request: HEAD https://noso.so/careers "HTTP/1.1 200 OK"
09:20:10 │ INFO    │ httpx │ HTTP Request: HEAD https://juxta.com/jobs "HTTP/1.1 301 Moved Permanently"
09:20:10 │ INFO    │ httpx │ HTTP Request: HEAD https://www.reacherapp.com/work-with-us "HTTP/1.1 404 Not Found"
09:20:10 │ INFO    │ httpx │ HTTP Request: HEAD https://www.locatahealth.com/ "HTTP/1.1 301 Moved Permanently"
09:20:10 │ INFO    │ httpx │ HTTP Request: GET https://reacherapp.com/ "HTTP/1.1 307 Temporary Redirect"
09:20:10 │ INFO    │ httpx │ HTTP Request: GET https://noso.so "HTTP/1.1 200 OK"
09:20:10 │ INFO    │ httpx │ HTTP Request: GET https://api.greenhouse.io/v1/boards/hera_video/jobs "HTTP/1.1 404 Not Found"
09:20:10 │ INFO    │ httpx │ HTTP Request: HEAD https://signin.fleetline.ai/bootstrap?client_id=client_01KS35WJ3FSH799706YGDG6PEX&redirect_uri=https%3A%2F%2Ffleetline.ai%2Fapi%2Fauth%2Fcallback&state=Fe26.2%2A1%2A3ab3fdd181bf6919db682ccf45eddc0e62d13c765fc3eb240190118cc9245c84%2AIR79Q0_gkNFC4jV7VrCb0A%2A2ftE2xWN2NvV9xTLrbiSin8kQ_f6w_yv2WANN2isAm-rEqLVURaW88sIDM5yJeqgGS4jNydPWxtcH6usp31_Tf_OtgFCLRnQJJCUWk0t2aRJ5u3AROMhC76AR2nxNsspCnqduirIDOrnP7BZgQ2tPy9SzETv80gAwcZVOKeZE1SvZdONoU5RtagGF4Zxj0dR%2A1785643208471%2A048caa0579bd473bb1a3f8871cbc4111fcb8a4323f2ac387190a8bd40d79b852%2Ae-Tcd8dYXe3t8g7BgtcJI2bdQtkMzT0MFhDUVxEqroQ~2&authorization_session_id=01KZ09FTGMF0GW0GHEEGER935J&screen_hint=sign-in "HTTP/1.1 307 Temporary Redirect"
09:20:10 │ INFO    │ httpx │ HTTP Request: HEAD https://locatahealth.com/ "HTTP/1.1 200 OK"
09:20:10 │ INFO    │ httpx │ HTTP Request: GET https://www.reacherapp.com/ "HTTP/1.1 200 OK"
09:20:10 │ INFO    │ httpx │ HTTP Request: HEAD https://www.juxta.com/jobs "HTTP/1.1 404 Not Found"
09:20:10 │ INFO    │ httpx │ HTTP Request: GET https://api.greenhouse.io/v1/boards/noso-labs/jobs "HTTP/1.1 404 Not Found"
09:20:10 │ INFO    │ httpx │ HTTP Request: GET https://api.lever.co/v0/postings/magnetic "HTTP/1.1 404 Not Found"
09:20:10 │ INFO    │ httpx │ HTTP Request: HEAD https://stagewise.io "HTTP/1.1 200 OK"
09:20:10 │ INFO    │ httpx │ HTTP Request: HEAD https://perspectiveshealth.ai/ "HTTP/1.1 307 Temporary Redirect"
09:20:11 │ INFO    │ httpx │ HTTP Request: HEAD https://convexia.bio "HTTP/1.1 301 Moved Permanently"
09:20:11 │ INFO    │ httpx │ HTTP Request: HEAD https://stagewise.io/careers "HTTP/1.1 200 OK"
09:20:11 │ INFO    │ httpx │ HTTP Request: GET https://api.greenhouse.io/v1/boards/nosolabs/jobs "HTTP/1.1 404 Not Found"
09:20:11 │ INFO    │ httpx │ HTTP Request: HEAD https://www.locatahealth.com/ "HTTP/1.1 301 Moved Permanently"
09:20:11 │ INFO    │ httpx │ HTTP Request: GET https://stagewise.io/careers "HTTP/1.1 200 OK"
09:20:11 │ INFO    │ pipeline.enrichment.job_resolver │ stagewise: Tier 4 (manual_visit)
09:20:11 │ INFO    │ httpx │ HTTP Request: HEAD https://juxta.com/work-with-us "HTTP/1.1 301 Moved Permanently"
09:20:11 │ INFO    │ httpx │ HTTP Request: HEAD https://locatahealth.com/ "HTTP/1.1 200 OK"
09:20:11 │ INFO    │ httpx │ HTTP Request: GET https://api.greenhouse.io/v1/boards/noso_labs/jobs "HTTP/1.1 404 Not Found"
09:20:11 │ INFO    │ httpx │ HTTP Request: HEAD https://signin.fleetline.ai/?client_id=client_01KS35WJ3FSH799706YGDG6PEX&redirect_uri=https%3A%2F%2Ffleetline.ai%2Fapi%2Fauth%2Fcallback&state=Fe26.2*1*3ab3fdd181bf6919db682ccf45eddc0e62d13c765fc3eb240190118cc9245c84*IR79Q0_gkNFC4jV7VrCb0A*2ftE2xWN2NvV9xTLrbiSin8kQ_f6w_yv2WANN2isAm-rEqLVURaW88sIDM5yJeqgGS4jNydPWxtcH6usp31_Tf_OtgFCLRnQJJCUWk0t2aRJ5u3AROMhC76AR2nxNsspCnqduirIDOrnP7BZgQ2tPy9SzETv80gAwcZVOKeZE1SvZdONoU5RtagGF4Zxj0dR*1785643208471*048caa0579bd473bb1a3f8871cbc4111fcb8a4323f2ac387190a8bd40d79b852*e-Tcd8dYXe3t8g7BgtcJI2bdQtkMzT0MFhDUVxEqroQ%7E2&authorization_session_id=01KZ09FTGMF0GW0GHEEGER935J "HTTP/1.1 200 OK"
09:20:11 │ INFO    │ httpx │ HTTP Request: GET https://fleetline.ai "HTTP/1.1 307 Temporary Redirect"
09:20:11 │ INFO    │ httpx │ HTTP Request: HEAD https://www.convexia.bio/ "HTTP/1.1 200 OK"
09:20:11 │ INFO    │ httpx │ HTTP Request: HEAD https://www.magnetictax.com "HTTP/1.1 404 Not Found"
09:20:11 │ INFO    │ httpx │ HTTP Request: HEAD https://www.perspectiveshealth.ai/ "HTTP/1.1 200 OK"
09:20:11 │ INFO    │ httpx │ HTTP Request: HEAD https://nautilus.co "HTTP/1.1 308 Permanent Redirect"
09:20:11 │ INFO    │ httpx │ HTTP Request: GET https://api.lever.co/v0/postings/hera-video "HTTP/1.1 404 Not Found"
09:20:11 │ INFO    │ httpx │ HTTP Request: HEAD https://www.locatahealth.com/careers "HTTP/1.1 301 Moved Permanently"
09:20:11 │ INFO    │ httpx │ HTTP Request: HEAD https://locatahealth.com/careers "HTTP/1.1 200 OK"
09:20:11 │ INFO    │ httpx │ HTTP Request: HEAD https://perspectiveshealth.ai/careers "HTTP/1.1 307 Temporary Redirect"
09:20:11 │ INFO    │ httpx │ HTTP Request: HEAD https://www.juxta.com/work-with-us "HTTP/1.1 404 Not Found"
09:20:11 │ INFO    │ httpx │ HTTP Request: GET https://www.fleetline.ai/ "HTTP/1.1 200 OK"
09:20:11 │ INFO    │ httpx │ HTTP Request: GET https://api.ashbyhq.com/posting-api/job-board/reacher "HTTP/1.1 200 OK"
09:20:11 │ INFO    │ pipeline.enrichment.job_resolver │ Reacher: Tier 1 (ashby) → 8 jobs
09:20:11 │ INFO    │ httpx │ HTTP Request: HEAD https://www.perspectiveshealth.ai/careers "HTTP/1.1 200 OK"
09:20:12 │ INFO    │ httpx │ HTTP Request: GET https://api.lever.co/v0/postings/heravideo "HTTP/1.1 404 Not Found"
09:20:12 │ INFO    │ httpx │ HTTP Request: HEAD https://www.magnetictax.com/careers "HTTP/1.1 404 Not Found"
09:20:12 │ INFO    │ httpx │ HTTP Request: HEAD https://www.nautilus.co/ "HTTP/1.1 200 OK"
09:20:12 │ INFO    │ httpx │ HTTP Request: GET https://www.perspectiveshealth.ai/careers "HTTP/1.1 200 OK"
09:20:12 │ INFO    │ pipeline.enrichment.job_resolver │ Perspectives Health: Tier 2 (html_heuristic) → 2 jobs
09:20:12 │ INFO    │ httpx │ HTTP Request: HEAD https://nautilus.co "HTTP/1.1 308 Permanent Redirect"
09:20:12 │ INFO    │ httpx │ HTTP Request: GET https://www.locatahealth.com/ "HTTP/1.1 301 Moved Permanently"
09:20:12 │ INFO    │ httpx │ HTTP Request: HEAD https://convexia.bio "HTTP/1.1 301 Moved Permanently"
09:20:12 │ INFO    │ httpx │ HTTP Request: GET https://locatahealth.com/ "HTTP/1.1 200 OK"
09:20:12 │ INFO    │ httpx │ HTTP Request: HEAD https://www.nautilus.co/ "HTTP/1.1 200 OK"
09:20:12 │ INFO    │ httpx │ HTTP Request: GET https://juxta.com "HTTP/1.1 301 Moved Permanently"
09:20:12 │ INFO    │ httpx │ HTTP Request: HEAD https://www.convexia.bio/ "HTTP/1.1 200 OK"
09:20:12 │ INFO    │ httpx │ HTTP Request: GET https://api.greenhouse.io/v1/boards/fleetline/jobs "HTTP/1.1 404 Not Found"
09:20:12 │ INFO    │ httpx │ HTTP Request: GET https://api.lever.co/v0/postings/hera_video "HTTP/1.1 404 Not Found"
09:20:12 │ INFO    │ httpx │ HTTP Request: HEAD https://nautilus.co/careers "HTTP/1.1 308 Permanent Redirect"
09:20:12 │ INFO    │ httpx │ HTTP Request: GET https://www.juxta.com/ "HTTP/1.1 200 OK"
09:20:12 │ INFO    │ httpx │ HTTP Request: HEAD https://www.nautilus.co/careers "HTTP/1.1 200 OK"
09:20:12 │ INFO    │ httpx │ HTTP Request: HEAD https://www.magnetictax.com/jobs "HTTP/1.1 404 Not Found"
09:20:12 │ INFO    │ httpx │ HTTP Request: HEAD https://floot.com "HTTP/1.1 200 OK"
09:20:12 │ INFO    │ httpx │ HTTP Request: HEAD https://floot.com "HTTP/1.1 200 OK"
09:20:12 │ INFO    │ httpx │ HTTP Request: GET https://nautilus.co "HTTP/1.1 308 Permanent Redirect"
09:20:12 │ INFO    │ httpx │ HTTP Request: GET https://www.nautilus.co/ "HTTP/1.1 200 OK"
09:20:12 │ INFO    │ httpx │ HTTP Request: GET https://api.lever.co/v0/postings/noso-labs "HTTP/1.1 404 Not Found"
09:20:12 │ INFO    │ httpx │ HTTP Request: GET https://api.greenhouse.io/v1/boards/locata/jobs "HTTP/1.1 404 Not Found"
09:20:12 │ INFO    │ httpx │ HTTP Request: HEAD https://convexia.bio/careers "HTTP/1.1 301 Moved Permanently"
09:20:12 │ INFO    │ httpx │ HTTP Request: GET https://api.greenhouse.io/v1/boards/juxta/jobs "HTTP/1.1 404 Not Found"
09:20:12 │ INFO    │ httpx │ HTTP Request: HEAD https://hera.video/ "HTTP/1.1 200 OK"
09:20:12 │ INFO    │ httpx │ HTTP Request: HEAD https://www.magnetictax.com/work-with-us "HTTP/1.1 404 Not Found"
09:20:12 │ INFO    │ pipeline.enrichment.job_resolver │ Magnetic: Tier 4 (manual_visit)
09:20:12 │ INFO    │ httpx │ HTTP Request: HEAD https://hera.video/careers "HTTP/1.1 404 Not Found"
09:20:12 │ INFO    │ httpx │ HTTP Request: GET https://api.lever.co/v0/postings/nosolabs "HTTP/1.1 404 Not Found"
09:20:13 │ INFO    │ httpx │ HTTP Request: HEAD https://hera.video/jobs "HTTP/1.1 307 Temporary Redirect"
09:20:13 │ INFO    │ httpx │ HTTP Request: GET https://api.greenhouse.io/v1/boards/nautilus/jobs "HTTP/1.1 404 Not Found"
09:20:13 │ INFO    │ httpx │ HTTP Request: HEAD https://www.convexia.bio/careers "HTTP/1.1 404 Not Found"
09:20:13 │ INFO    │ httpx │ HTTP Request: GET https://api.lever.co/v0/postings/noso_labs "HTTP/1.1 404 Not Found"
09:20:13 │ INFO    │ httpx │ HTTP Request: HEAD https://os3robotics.com/ "HTTP/1.1 200 OK"
09:20:13 │ INFO    │ httpx │ HTTP Request: HEAD https://os3robotics.com/ "HTTP/1.1 200 OK"
09:20:13 │ INFO    │ httpx │ HTTP Request: HEAD https://idler.ai/ "HTTP/1.1 200 OK"
09:20:13 │ INFO    │ httpx │ HTTP Request: HEAD https://os3robotics.com/careers "HTTP/1.1 404 Not Found"
09:20:13 │ INFO    │ httpx │ HTTP Request: HEAD https://os3robotics.com/jobs "HTTP/1.1 404 Not Found"
09:20:13 │ INFO    │ httpx │ HTTP Request: HEAD https://convexia.bio/jobs "HTTP/1.1 301 Moved Permanently"
09:20:13 │ INFO    │ httpx │ HTTP Request: HEAD https://www.ycombinator.com/companies/hera-video/jobs "HTTP/1.1 200 OK"
09:20:13 │ INFO    │ httpx │ HTTP Request: HEAD https://os3robotics.com/work-with-us "HTTP/1.1 404 Not Found"
09:20:13 │ INFO    │ httpx │ HTTP Request: HEAD https://floot.com/careers "HTTP/1.1 200 OK"
09:20:13 │ INFO    │ httpx │ HTTP Request: GET https://floot.com "HTTP/1.1 200 OK"
09:20:13 │ INFO    │ httpx │ HTTP Request: GET https://os3robotics.com/ "HTTP/1.1 200 OK"
09:20:13 │ INFO    │ httpx │ HTTP Request: HEAD https://noso.so "HTTP/1.1 200 OK"
09:20:13 │ INFO    │ httpx │ HTTP Request: GET https://api.lever.co/v0/postings/locata "HTTP/1.1 404 Not Found"
09:20:13 │ INFO    │ httpx │ HTTP Request: HEAD https://idler.ai/ "HTTP/1.1 200 OK"
09:20:14 │ INFO    │ httpx │ HTTP Request: GET https://www.ycombinator.com/companies/hera-video/jobs "HTTP/1.1 200 OK"
09:20:14 │ INFO    │ pipeline.enrichment.job_resolver │ Hera: Tier 4 (manual_visit)
09:20:14 │ INFO    │ httpx │ HTTP Request: HEAD https://www.convexia.bio/jobs "HTTP/1.1 404 Not Found"
09:20:14 │ INFO    │ httpx │ HTTP Request: GET https://api.lever.co/v0/postings/juxta "HTTP/1.1 404 Not Found"
09:20:14 │ INFO    │ httpx │ HTTP Request: GET https://api.lever.co/v0/postings/nautilus "HTTP/1.1 404 Not Found"
09:20:14 │ INFO    │ httpx │ HTTP Request: GET https://api.greenhouse.io/v1/boards/floot/jobs "HTTP/1.1 404 Not Found"
09:20:14 │ INFO    │ httpx │ HTTP Request: GET https://api.greenhouse.io/v1/boards/os3/jobs "HTTP/1.1 404 Not Found"
09:20:14 │ INFO    │ httpx │ HTTP Request: HEAD https://idler.ai/careers "HTTP/1.1 404 Not Found"
09:20:14 │ INFO    │ httpx │ HTTP Request: HEAD https://noso.so/careers "HTTP/1.1 200 OK"
09:20:14 │ INFO    │ httpx │ HTTP Request: HEAD https://nautilus.co "HTTP/1.1 308 Permanent Redirect"
09:20:14 │ INFO    │ httpx │ HTTP Request: HEAD https://convexia.bio/work-with-us "HTTP/1.1 301 Moved Permanently"
09:20:14 │ INFO    │ httpx │ HTTP Request: HEAD https://www.locatahealth.com/ "HTTP/1.1 301 Moved Permanently"
09:20:14 │ INFO    │ httpx │ HTTP Request: HEAD https://juxta.com "HTTP/1.1 301 Moved Permanently"
09:20:14 │ INFO    │ httpx │ HTTP Request: HEAD https://idler.ai/jobs "HTTP/1.1 404 Not Found"
09:20:14 │ INFO    │ httpx │ HTTP Request: HEAD https://locatahealth.com/ "HTTP/1.1 200 OK"
09:20:14 │ INFO    │ httpx │ HTTP Request: HEAD https://getsocratix.ai "HTTP/1.1 200 OK"
09:20:14 │ INFO    │ httpx │ HTTP Request: HEAD https://www.juxta.com/ "HTTP/1.1 200 OK"
09:20:14 │ INFO    │ httpx │ HTTP Request: HEAD https://www.nautilus.co/ "HTTP/1.1 200 OK"
09:20:15 │ INFO    │ httpx │ HTTP Request: GET https://noso.so/careers "HTTP/1.1 200 OK"
09:20:15 │ INFO    │ pipeline.enrichment.job_resolver │ NOSO LABS: Tier 4 (manual_visit)
09:20:15 │ INFO    │ httpx │ HTTP Request: HEAD https://www.convexia.bio/work-with-us "HTTP/1.1 404 Not Found"
09:20:15 │ INFO    │ httpx │ HTTP Request: HEAD https://nautilus.co/careers "HTTP/1.1 308 Permanent Redirect"
09:20:15 │ INFO    │ httpx │ HTTP Request: HEAD https://www.nautilus.co/careers "HTTP/1.1 200 OK"
09:20:15 │ INFO    │ httpx │ HTTP Request: HEAD https://idler.ai/work-with-us "HTTP/1.1 404 Not Found"
09:20:15 │ INFO    │ httpx │ HTTP Request: GET https://www.nautilus.co/careers "HTTP/1.1 200 OK"
09:20:15 │ INFO    │ httpx │ HTTP Request: HEAD https://www.locatahealth.com/careers "HTTP/1.1 301 Moved Permanently"
09:20:15 │ INFO    │ httpx │ HTTP Request: HEAD https://locatahealth.com/careers "HTTP/1.1 200 OK"
09:20:15 │ INFO    │ httpx │ HTTP Request: HEAD https://misolabs.ai "HTTP/1.1 307 Temporary Redirect"
09:20:15 │ INFO    │ httpx │ HTTP Request: GET https://locatahealth.com/careers "HTTP/1.1 200 OK"
09:20:15 │ INFO    │ pipeline.enrichment.job_resolver │ Locata: Tier 4 (manual_visit)
09:20:15 │ INFO    │ pipeline.enrichment.job_resolver │ Nautilus: Tier 4 (manual_visit)
09:20:15 │ INFO    │ httpx │ HTTP Request: GET https://api.lever.co/v0/postings/fleetline "HTTP/1.1 404 Not Found"
09:20:15 │ INFO    │ httpx │ HTTP Request: GET https://api.lever.co/v0/postings/floot "HTTP/1.1 404 Not Found"
09:20:15 │ INFO    │ httpx │ HTTP Request: GET https://api.lever.co/v0/postings/os3 "HTTP/1.1 404 Not Found"
09:20:15 │ INFO    │ httpx │ HTTP Request: GET https://idler.ai/ "HTTP/1.1 200 OK"
09:20:15 │ INFO    │ httpx │ HTTP Request: GET https://convexia.bio "HTTP/1.1 301 Moved Permanently"
09:20:15 │ INFO    │ httpx │ HTTP Request: GET https://www.convexia.bio/ "HTTP/1.1 200 OK"
09:20:15 │ INFO    │ httpx │ HTTP Request: HEAD https://floot.com "HTTP/1.1 200 OK"
09:20:15 │ INFO    │ httpx │ HTTP Request: HEAD https://os3robotics.com/ "HTTP/1.1 200 OK"
09:20:15 │ INFO    │ httpx │ HTTP Request: HEAD https://os3robotics.com/careers "HTTP/1.1 404 Not Found"
09:20:15 │ INFO    │ httpx │ HTTP Request: HEAD https://floot.com/careers "HTTP/1.1 200 OK"
09:20:15 │ INFO    │ httpx │ HTTP Request: HEAD https://www.gofinto.com/ "HTTP/1.1 200 OK"
09:20:15 │ INFO    │ httpx │ HTTP Request: HEAD https://procindex.com/ "HTTP/1.1 200 OK"
09:20:15 │ INFO    │ httpx │ HTTP Request: HEAD https://os3robotics.com/jobs "HTTP/1.1 404 Not Found"
09:20:15 │ INFO    │ httpx │ HTTP Request: HEAD https://juxta.com/careers "HTTP/1.1 301 Moved Permanently"
09:20:15 │ INFO    │ httpx │ HTTP Request: HEAD https://www.gofinto.com/ "HTTP/1.1 200 OK"
09:20:15 │ INFO    │ httpx │ HTTP Request: HEAD https://procindex.com/ "HTTP/1.1 200 OK"
09:20:15 │ INFO    │ httpx │ HTTP Request: HEAD https://os3robotics.com/work-with-us "HTTP/1.1 404 Not Found"
09:20:15 │ INFO    │ pipeline.enrichment.job_resolver │ OS3: Tier 4 (manual_visit)
09:20:15 │ INFO    │ httpx │ HTTP Request: HEAD https://www.gofinto.com/careers "HTTP/1.1 404 Not Found"
09:20:15 │ INFO    │ httpx │ HTTP Request: HEAD https://www.juxta.com/careers "HTTP/1.1 404 Not Found"
09:20:15 │ INFO    │ httpx │ HTTP Request: HEAD https://procindex.com/careers "HTTP/1.1 200 OK"
09:20:15 │ INFO    │ httpx │ HTTP Request: HEAD https://getsocratix.ai "HTTP/1.1 200 OK"
09:20:15 │ INFO    │ httpx │ HTTP Request: HEAD https://www.gofinto.com/jobs "HTTP/1.1 404 Not Found"
09:20:16 │ INFO    │ httpx │ HTTP Request: GET https://api.greenhouse.io/v1/boards/idler/jobs "HTTP/1.1 404 Not Found"
09:20:16 │ INFO    │ httpx │ HTTP Request: GET https://procindex.com/ "HTTP/1.1 200 OK"
09:20:16 │ INFO    │ httpx │ HTTP Request: HEAD https://www.gofinto.com/work-with-us "HTTP/1.1 404 Not Found"
09:20:16 │ INFO    │ httpx │ HTTP Request: GET https://api.greenhouse.io/v1/boards/convexia/jobs "HTTP/1.1 404 Not Found"
09:20:16 │ INFO    │ httpx │ HTTP Request: GET https://www.gofinto.com/ "HTTP/1.1 200 OK"
09:20:16 │ INFO    │ httpx │ HTTP Request: HEAD https://www.misolabs.ai/ "HTTP/1.1 200 OK"
09:20:16 │ INFO    │ httpx │ HTTP Request: HEAD https://fleetline.ai "HTTP/1.1 307 Temporary Redirect"
09:20:16 │ INFO    │ httpx │ HTTP Request: HEAD https://misolabs.ai "HTTP/1.1 307 Temporary Redirect"
09:20:16 │ INFO    │ httpx │ HTTP Request: HEAD https://relling.co "HTTP/1.1 308 Permanent Redirect"
09:20:16 │ INFO    │ httpx │ HTTP Request: HEAD https://juxta.com/jobs "HTTP/1.1 301 Moved Permanently"
09:20:16 │ INFO    │ httpx │ HTTP Request: HEAD https://getsocratix.ai/careers "HTTP/1.1 404 Not Found"
09:20:16 │ INFO    │ httpx │ HTTP Request: GET https://api.greenhouse.io/v1/boards/procindex/jobs "HTTP/1.1 404 Not Found"
09:20:16 │ INFO    │ httpx │ HTTP Request: HEAD https://www.juxta.com/jobs "HTTP/1.1 404 Not Found"
09:20:16 │ INFO    │ httpx │ HTTP Request: HEAD https://www.misolabs.ai/ "HTTP/1.1 200 OK"
09:20:16 │ INFO    │ httpx │ HTTP Request: HEAD https://misolabs.ai/careers "HTTP/1.1 307 Temporary Redirect"
09:20:16 │ INFO    │ httpx │ HTTP Request: GET https://floot.com/careers "HTTP/1.1 200 OK"
09:20:16 │ INFO    │ pipeline.enrichment.job_resolver │ Floot: Tier 4 (manual_visit)
09:20:16 │ INFO    │ httpx │ HTTP Request: HEAD https://www.misolabs.ai/careers "HTTP/1.1 200 OK"
09:20:16 │ INFO    │ httpx │ HTTP Request: HEAD https://www.fleetline.ai/ "HTTP/1.1 200 OK"
09:20:16 │ INFO    │ httpx │ HTTP Request: GET https://misolabs.ai "HTTP/1.1 307 Temporary Redirect"
09:20:16 │ INFO    │ httpx │ HTTP Request: HEAD https://fleetline.ai/careers "HTTP/1.1 307 Temporary Redirect"
09:20:16 │ INFO    │ httpx │ HTTP Request: HEAD https://getsocratix.ai/jobs "HTTP/1.1 404 Not Found"
09:20:16 │ INFO    │ httpx │ HTTP Request: HEAD https://www.fleetline.ai/careers "HTTP/1.1 307 Temporary Redirect"
09:20:16 │ INFO    │ httpx │ HTTP Request: HEAD https://juxta.com/work-with-us "HTTP/1.1 301 Moved Permanently"
09:20:16 │ INFO    │ httpx │ HTTP Request: HEAD https://www.juxta.com/work-with-us "HTTP/1.1 404 Not Found"
09:20:16 │ INFO    │ pipeline.enrichment.job_resolver │ Juxta: Tier 4 (manual_visit)
09:20:17 │ INFO    │ httpx │ HTTP Request: GET https://api.ashbyhq.com/posting-api/job-board/finto "HTTP/1.1 200 OK"
09:20:17 │ INFO    │ pipeline.enrichment.job_resolver │ Finto: Tier 1 (ashby) → 7 jobs
09:20:17 │ INFO    │ httpx │ HTTP Request: GET https://www.misolabs.ai/ "HTTP/1.1 200 OK"
09:20:17 │ INFO    │ httpx │ HTTP Request: HEAD https://getsocratix.ai/work-with-us "HTTP/1.1 404 Not Found"
09:20:17 │ INFO    │ httpx │ HTTP Request: GET https://api.lever.co/v0/postings/idler "HTTP/1.1 404 Not Found"
09:20:17 │ INFO    │ httpx │ HTTP Request: HEAD https://www.fleetline.ai/api/auth/sign-in?callbackUrl=%2Fcareers "HTTP/1.1 307 Temporary Redirect"
09:20:17 │ INFO    │ httpx │ HTTP Request: HEAD https://www.novaflowapp.com/ "HTTP/1.1 200 OK"
09:20:17 │ INFO    │ httpx │ HTTP Request: GET https://api.lever.co/v0/postings/convexia "HTTP/1.1 404 Not Found"
09:20:17 │ INFO    │ httpx │ HTTP Request: HEAD https://www.novaflowapp.com/ "HTTP/1.1 200 OK"
09:20:17 │ INFO    │ httpx │ HTTP Request: GET https://api.greenhouse.io/v1/boards/miso-labs/jobs "HTTP/1.1 404 Not Found"
09:20:17 │ INFO    │ httpx │ HTTP Request: HEAD https://www.novaflowapp.com/careers "HTTP/1.1 404 Not Found"
09:20:17 │ INFO    │ httpx │ HTTP Request: HEAD https://www.novaflowapp.com/jobs "HTTP/1.1 404 Not Found"
09:20:17 │ INFO    │ httpx │ HTTP Request: HEAD https://perseusdefense.com "HTTP/1.1 308 Permanent Redirect"
09:20:17 │ INFO    │ httpx │ HTTP Request: HEAD https://www.novaflowapp.com/work-with-us "HTTP/1.1 404 Not Found"
09:20:17 │ INFO    │ httpx │ HTTP Request: GET https://getsocratix.ai "HTTP/1.1 200 OK"
09:20:17 │ INFO    │ httpx │ HTTP Request: GET https://www.novaflowapp.com/ "HTTP/1.1 200 OK"
09:20:17 │ INFO    │ httpx │ HTTP Request: HEAD https://rellingsystems.com/ "HTTP/1.1 200 OK"
09:20:17 │ INFO    │ httpx │ HTTP Request: GET https://api.greenhouse.io/v1/boards/misolabs/jobs "HTTP/1.1 404 Not Found"
09:20:17 │ INFO    │ httpx │ HTTP Request: HEAD https://relling.co "HTTP/1.1 308 Permanent Redirect"
09:20:17 │ INFO    │ httpx │ HTTP Request: GET https://api.lever.co/v0/postings/procindex "HTTP/1.1 404 Not Found"
09:20:17 │ INFO    │ httpx │ HTTP Request: HEAD https://manufact.com "HTTP/1.1 200 OK"
09:20:17 │ INFO    │ httpx │ HTTP Request: HEAD https://rellingsystems.com/ "HTTP/1.1 200 OK"
09:20:17 │ INFO    │ httpx │ HTTP Request: HEAD https://convexia.bio "HTTP/1.1 301 Moved Permanently"
09:20:17 │ INFO    │ httpx │ HTTP Request: HEAD https://relling.co/careers "HTTP/1.1 308 Permanent Redirect"
09:20:17 │ INFO    │ httpx │ HTTP Request: HEAD https://manufact.com "HTTP/1.1 200 OK"
09:20:17 │ INFO    │ httpx │ HTTP Request: HEAD https://api.workos.com/user_management/authorize?client_id=client_01KS35WJ3FSH799706YGDG6PEX&code_challenge=Pdn-iwkgiYIhsXPk05OtWHZNUOScLjzoFjlsQde3a_8&code_challenge_method=S256&provider=authkit&redirect_uri=https%3A%2F%2Ffleetline.ai%2Fapi%2Fauth%2Fcallback&response_type=code&screen_hint=sign-in&state=Fe26.2%2A1%2A512bb72a88e22080fb09b6ca65fc6a4d2b8c43543dc6c2819ecb46c668bcaf4a%2AZT6_-v7FMXGY8klbLMBrRA%2AmYzuaynSrrRB3KpZ8AfwuhPC0-rtTwbnehtiR_RqEz4M5LSCwi7emfE7yEy8M7BphfNh2iceSiPAyuPs0R13VFbrMVNZrl3G6gQzPAGUvFfBuCRSXVbXqSQYLrF93jDBF3Pcv-2Vs3SoUjqUoRVajrKZl_Q0tCOwkmWI9xCIgbjuY2PpfLjFqv725szU0Z_p%2A1785643217132%2A733d9e9831a82f5bbec0762f254093bc44ec074ec08209785cc1be713cba906e%2As8ezvz-T5QY8VtQuYFbmcRVEiF7gwUwkf9KjQUf98Qk~2 "HTTP/1.1 302 Found"
09:20:17 │ INFO    │ httpx │ HTTP Request: HEAD https://www.perseusdefense.com/ "HTTP/1.1 200 OK"
09:20:17 │ INFO    │ httpx │ HTTP Request: GET https://api.greenhouse.io/v1/boards/socratix-ai/jobs "HTTP/1.1 404 Not Found"
09:20:17 │ INFO    │ httpx │ HTTP Request: HEAD https://rellingsystems.com/careers "HTTP/1.1 404 Not Found"
09:20:17 │ INFO    │ httpx │ HTTP Request: GET https://api.greenhouse.io/v1/boards/miso_labs/jobs "HTTP/1.1 404 Not Found"
09:20:17 │ INFO    │ httpx │ HTTP Request: HEAD https://perseusdefense.com "HTTP/1.1 308 Permanent Redirect"
09:20:17 │ INFO    │ httpx │ HTTP Request: HEAD https://procindex.com/ "HTTP/1.1 200 OK"
09:20:17 │ INFO    │ httpx │ HTTP Request: HEAD https://relling.co/jobs "HTTP/1.1 308 Permanent Redirect"
09:20:17 │ INFO    │ httpx │ HTTP Request: HEAD https://manufact.com/careers "HTTP/1.1 307 Temporary Redirect"
09:20:17 │ INFO    │ httpx │ HTTP Request: HEAD https://www.perseusdefense.com/ "HTTP/1.1 200 OK"
09:20:18 │ INFO    │ httpx │ HTTP Request: HEAD https://procindex.com/careers "HTTP/1.1 200 OK"
09:20:18 │ INFO    │ httpx │ HTTP Request: HEAD https://perseusdefense.com/careers "HTTP/1.1 308 Permanent Redirect"
09:20:18 │ INFO    │ httpx │ HTTP Request: GET https://api.greenhouse.io/v1/boards/novaflow/jobs "HTTP/1.1 404 Not Found"
09:20:18 │ INFO    │ httpx │ HTTP Request: HEAD https://rellingsystems.com/jobs "HTTP/1.1 404 Not Found"
09:20:18 │ INFO    │ httpx │ HTTP Request: HEAD https://www.perseusdefense.com/careers "HTTP/1.1 404 Not Found"
09:20:18 │ INFO    │ httpx │ HTTP Request: GET https://procindex.com/careers "HTTP/1.1 200 OK"
09:20:18 │ INFO    │ pipeline.enrichment.job_resolver │ ProcIndex: Tier 4 (manual_visit)
09:20:18 │ INFO    │ httpx │ HTTP Request: HEAD https://relling.co/work-with-us "HTTP/1.1 308 Permanent Redirect"
09:20:18 │ INFO    │ httpx │ HTTP Request: HEAD https://idler.ai/ "HTTP/1.1 200 OK"
09:20:18 │ INFO    │ httpx │ HTTP Request: GET https://api.greenhouse.io/v1/boards/socratixai/jobs "HTTP/1.1 404 Not Found"
09:20:18 │ INFO    │ httpx │ HTTP Request: HEAD https://perseusdefense.com/jobs "HTTP/1.1 308 Permanent Redirect"
09:20:18 │ INFO    │ httpx │ HTTP Request: HEAD https://www.convexia.bio/ "HTTP/1.1 200 OK"
09:20:18 │ INFO    │ httpx │ HTTP Request: HEAD https://rellingsystems.com/work-with-us "HTTP/1.1 404 Not Found"
09:20:18 │ INFO    │ httpx │ HTTP Request: HEAD https://www.perseusdefense.com/jobs "HTTP/1.1 404 Not Found"
09:20:18 │ INFO    │ httpx │ HTTP Request: HEAD https://perseusdefense.com/work-with-us "HTTP/1.1 308 Permanent Redirect"
09:20:18 │ INFO    │ httpx │ HTTP Request: GET https://relling.co "HTTP/1.1 308 Permanent Redirect"
09:20:18 │ INFO    │ httpx │ HTTP Request: GET https://api.greenhouse.io/v1/boards/socratix_ai/jobs "HTTP/1.1 404 Not Found"
09:20:18 │ INFO    │ httpx │ HTTP Request: HEAD https://www.ycombinator.com/companies/manufact/jobs "HTTP/1.1 200 OK"
09:20:18 │ INFO    │ httpx │ HTTP Request: HEAD https://signin.fleetline.ai/bootstrap?client_id=client_01KS35WJ3FSH799706YGDG6PEX&redirect_uri=https%3A%2F%2Ffleetline.ai%2Fapi%2Fauth%2Fcallback&state=Fe26.2%2A1%2A512bb72a88e22080fb09b6ca65fc6a4d2b8c43543dc6c2819ecb46c668bcaf4a%2AZT6_-v7FMXGY8klbLMBrRA%2AmYzuaynSrrRB3KpZ8AfwuhPC0-rtTwbnehtiR_RqEz4M5LSCwi7emfE7yEy8M7BphfNh2iceSiPAyuPs0R13VFbrMVNZrl3G6gQzPAGUvFfBuCRSXVbXqSQYLrF93jDBF3Pcv-2Vs3SoUjqUoRVajrKZl_Q0tCOwkmWI9xCIgbjuY2PpfLjFqv725szU0Z_p%2A1785643217132%2A733d9e9831a82f5bbec0762f254093bc44ec074ec08209785cc1be713cba906e%2As8ezvz-T5QY8VtQuYFbmcRVEiF7gwUwkf9KjQUf98Qk~2&authorization_session_id=01KZ09G2Z5PJQC9BM462SP93HF&screen_hint=sign-in "HTTP/1.1 307 Temporary Redirect"
09:20:18 │ INFO    │ httpx │ HTTP Request: HEAD https://idler.ai/careers "HTTP/1.1 404 Not Found"
09:20:18 │ INFO    │ httpx │ HTTP Request: GET https://manufact.com "HTTP/1.1 200 OK"
09:20:18 │ INFO    │ httpx │ HTTP Request: HEAD https://www.perseusdefense.com/work-with-us "HTTP/1.1 404 Not Found"
09:20:18 │ INFO    │ httpx │ HTTP Request: GET https://rellingsystems.com/ "HTTP/1.1 200 OK"
09:20:18 │ INFO    │ httpx │ HTTP Request: HEAD https://convexia.bio/careers "HTTP/1.1 301 Moved Permanently"
09:20:18 │ INFO    │ httpx │ HTTP Request: HEAD https://www.convexia.bio/careers "HTTP/1.1 404 Not Found"
09:20:18 │ INFO    │ httpx │ HTTP Request: GET https://perseusdefense.com "HTTP/1.1 308 Permanent Redirect"
09:20:18 │ INFO    │ httpx │ HTTP Request: GET https://www.perseusdefense.com/ "HTTP/1.1 200 OK"
09:20:18 │ INFO    │ httpx │ HTTP Request: HEAD https://signin.fleetline.ai/?client_id=client_01KS35WJ3FSH799706YGDG6PEX&redirect_uri=https%3A%2F%2Ffleetline.ai%2Fapi%2Fauth%2Fcallback&state=Fe26.2*1*512bb72a88e22080fb09b6ca65fc6a4d2b8c43543dc6c2819ecb46c668bcaf4a*ZT6_-v7FMXGY8klbLMBrRA*mYzuaynSrrRB3KpZ8AfwuhPC0-rtTwbnehtiR_RqEz4M5LSCwi7emfE7yEy8M7BphfNh2iceSiPAyuPs0R13VFbrMVNZrl3G6gQzPAGUvFfBuCRSXVbXqSQYLrF93jDBF3Pcv-2Vs3SoUjqUoRVajrKZl_Q0tCOwkmWI9xCIgbjuY2PpfLjFqv725szU0Z_p*1785643217132*733d9e9831a82f5bbec0762f254093bc44ec074ec08209785cc1be713cba906e*s8ezvz-T5QY8VtQuYFbmcRVEiF7gwUwkf9KjQUf98Qk%7E2&authorization_session_id=01KZ09G2Z5PJQC9BM462SP93HF "HTTP/1.1 200 OK"
09:20:19 │ INFO    │ httpx │ HTTP Request: HEAD https://idler.ai/jobs "HTTP/1.1 404 Not Found"
09:20:19 │ INFO    │ httpx │ HTTP Request: GET https://api.greenhouse.io/v1/boards/relling/jobs "HTTP/1.1 404 Not Found"
09:20:19 │ INFO    │ httpx │ HTTP Request: GET https://api.greenhouse.io/v1/boards/manufact/jobs "HTTP/1.1 404 Not Found"
09:20:19 │ INFO    │ httpx │ HTTP Request: GET https://api.lever.co/v0/postings/miso-labs "HTTP/1.1 404 Not Found"
09:20:19 │ INFO    │ httpx │ HTTP Request: HEAD https://convexia.bio/jobs "HTTP/1.1 301 Moved Permanently"
09:20:19 │ INFO    │ httpx │ HTTP Request: HEAD https://solvatechnology.com "HTTP/1.1 301 Moved Permanently"
09:20:19 │ INFO    │ httpx │ HTTP Request: HEAD https://www.convexia.bio/jobs "HTTP/1.1 404 Not Found"
09:20:19 │ INFO    │ httpx │ HTTP Request: GET https://api.lever.co/v0/postings/novaflow "HTTP/1.1 404 Not Found"
09:20:19 │ INFO    │ httpx │ HTTP Request: GET https://api.greenhouse.io/v1/boards/perseus-defense/jobs "HTTP/1.1 404 Not Found"
09:20:19 │ INFO    │ httpx │ HTTP Request: GET https://api.lever.co/v0/postings/misolabs "HTTP/1.1 404 Not Found"
09:20:19 │ INFO    │ httpx │ HTTP Request: HEAD https://idler.ai/work-with-us "HTTP/1.1 404 Not Found"
09:20:19 │ INFO    │ pipeline.enrichment.job_resolver │ Idler: Tier 4 (manual_visit)
09:20:19 │ INFO    │ httpx │ HTTP Request: HEAD https://www.novaflowapp.com/ "HTTP/1.1 200 OK"
09:20:19 │ INFO    │ httpx │ HTTP Request: GET https://signin.fleetline.ai/?client_id=client_01KS35WJ3FSH799706YGDG6PEX&redirect_uri=https%3A%2F%2Ffleetline.ai%2Fapi%2Fauth%2Fcallback&state=Fe26.2*1*512bb72a88e22080fb09b6ca65fc6a4d2b8c43543dc6c2819ecb46c668bcaf4a*ZT6_-v7FMXGY8klbLMBrRA*mYzuaynSrrRB3KpZ8AfwuhPC0-rtTwbnehtiR_RqEz4M5LSCwi7emfE7yEy8M7BphfNh2iceSiPAyuPs0R13VFbrMVNZrl3G6gQzPAGUvFfBuCRSXVbXqSQYLrF93jDBF3Pcv-2Vs3SoUjqUoRVajrKZl_Q0tCOwkmWI9xCIgbjuY2PpfLjFqv725szU0Z_p*1785643217132*733d9e9831a82f5bbec0762f254093bc44ec074ec08209785cc1be713cba906e*s8ezvz-T5QY8VtQuYFbmcRVEiF7gwUwkf9KjQUf98Qk%7E2&authorization_session_id=01KZ09G2Z5PJQC9BM462SP93HF "HTTP/1.1 200 OK"
09:20:19 │ INFO    │ pipeline.enrichment.job_resolver │ Fleetline: Tier 4 (manual_visit)
09:20:19 │ INFO    │ httpx │ HTTP Request: HEAD https://www.novaflowapp.com/careers "HTTP/1.1 404 Not Found"
09:20:19 │ INFO    │ httpx │ HTTP Request: GET https://api.greenhouse.io/v1/boards/perseusdefense/jobs "HTTP/1.1 404 Not Found"
09:20:19 │ INFO    │ httpx │ HTTP Request: GET https://api.lever.co/v0/postings/socratix-ai "HTTP/1.1 404 Not Found"
09:20:19 │ INFO    │ httpx │ HTTP Request: HEAD https://convexia.bio/work-with-us "HTTP/1.1 301 Moved Permanently"
09:20:19 │ INFO    │ httpx │ HTTP Request: HEAD https://www.novaflowapp.com/jobs "HTTP/1.1 404 Not Found"
09:20:19 │ INFO    │ httpx │ HTTP Request: HEAD https://www.convexia.bio/work-with-us "HTTP/1.1 404 Not Found"
09:20:19 │ INFO    │ pipeline.enrichment.job_resolver │ Convexia: Tier 4 (manual_visit)
09:20:19 │ INFO    │ httpx │ HTTP Request: GET https://api.lever.co/v0/postings/miso_labs "HTTP/1.1 404 Not Found"
09:20:19 │ INFO    │ httpx │ HTTP Request: HEAD https://www.novaflowapp.com/work-with-us "HTTP/1.1 404 Not Found"
09:20:19 │ INFO    │ pipeline.enrichment.job_resolver │ Novaflow: Tier 4 (manual_visit)
09:20:19 │ INFO    │ httpx │ HTTP Request: GET https://api.greenhouse.io/v1/boards/perseus_defense/jobs "HTTP/1.1 404 Not Found"
09:20:19 │ INFO    │ httpx │ HTTP Request: GET https://api.lever.co/v0/postings/socratixai "HTTP/1.1 404 Not Found"
09:20:19 │ INFO    │ httpx │ HTTP Request: HEAD https://www.solvatechnology.com/ "HTTP/1.1 200 OK"
09:20:20 │ INFO    │ httpx │ HTTP Request: HEAD https://misolabs.ai "HTTP/1.1 307 Temporary Redirect"
09:20:20 │ INFO    │ httpx │ HTTP Request: GET https://api.lever.co/v0/postings/socratix_ai "HTTP/1.1 404 Not Found"
09:20:20 │ INFO    │ httpx │ HTTP Request: GET https://api.lever.co/v0/postings/manufact "HTTP/1.1 404 Not Found"
09:20:20 │ INFO    │ httpx │ HTTP Request: GET https://api.lever.co/v0/postings/relling "HTTP/1.1 404 Not Found"
09:20:20 │ INFO    │ httpx │ HTTP Request: HEAD https://solvatechnology.com "HTTP/1.1 301 Moved Permanently"
09:20:20 │ INFO    │ httpx │ HTTP Request: HEAD https://www.solvatechnology.com/ "HTTP/1.1 200 OK"
09:20:20 │ INFO    │ httpx │ HTTP Request: HEAD https://www.misolabs.ai/ "HTTP/1.1 200 OK"
09:20:20 │ INFO    │ httpx │ HTTP Request: HEAD https://relling.co "HTTP/1.1 308 Permanent Redirect"
09:20:20 │ INFO    │ httpx │ HTTP Request: HEAD https://misolabs.ai/careers "HTTP/1.1 307 Temporary Redirect"
09:20:20 │ INFO    │ httpx │ HTTP Request: HEAD https://www.misolabs.ai/careers "HTTP/1.1 200 OK"
09:20:20 │ INFO    │ httpx │ HTTP Request: GET https://www.misolabs.ai/careers "HTTP/1.1 200 OK"
09:20:20 │ INFO    │ pipeline.enrichment.job_resolver │ Miso Labs: Tier 4 (manual_visit)
09:20:20 │ INFO    │ httpx │ HTTP Request: HEAD https://rellingsystems.com/ "HTTP/1.1 200 OK"
09:20:20 │ INFO    │ httpx │ HTTP Request: HEAD https://getsocratix.ai "HTTP/1.1 200 OK"
09:20:20 │ INFO    │ httpx │ HTTP Request: HEAD https://solvatechnology.com/careers "HTTP/1.1 301 Moved Permanently"
09:20:20 │ INFO    │ httpx │ HTTP Request: HEAD https://relling.co/careers "HTTP/1.1 308 Permanent Redirect"
09:20:20 │ INFO    │ httpx │ HTTP Request: HEAD https://www.solvatechnology.com/careers "HTTP/1.1 200 OK"
09:20:20 │ INFO    │ httpx │ HTTP Request: HEAD https://rellingsystems.com/careers "HTTP/1.1 404 Not Found"
09:20:20 │ INFO    │ httpx │ HTTP Request: HEAD https://manufact.com "HTTP/1.1 200 OK"
09:20:21 │ INFO    │ httpx │ HTTP Request: HEAD https://relling.co/jobs "HTTP/1.1 308 Permanent Redirect"
09:20:21 │ INFO    │ httpx │ HTTP Request: GET https://api.lever.co/v0/postings/perseus-defense "HTTP/1.1 404 Not Found"
09:20:21 │ INFO    │ httpx │ HTTP Request: HEAD https://manufact.com/careers "HTTP/1.1 307 Temporary Redirect"
09:20:21 │ INFO    │ httpx │ HTTP Request: HEAD https://rellingsystems.com/jobs "HTTP/1.1 404 Not Found"
09:20:21 │ INFO    │ httpx │ HTTP Request: HEAD https://relling.co/work-with-us "HTTP/1.1 308 Permanent Redirect"
09:20:21 │ INFO    │ httpx │ HTTP Request: HEAD https://getsocratix.ai/careers "HTTP/1.1 404 Not Found"
09:20:21 │ INFO    │ httpx │ HTTP Request: HEAD https://rellingsystems.com/work-with-us "HTTP/1.1 404 Not Found"
09:20:21 │ INFO    │ pipeline.enrichment.job_resolver │ Relling: Tier 4 (manual_visit)
09:20:21 │ INFO    │ httpx │ HTTP Request: GET https://api.lever.co/v0/postings/perseusdefense "HTTP/1.1 404 Not Found"
09:20:21 │ INFO    │ httpx │ HTTP Request: GET https://solvatechnology.com "HTTP/1.1 301 Moved Permanently"
09:20:21 │ INFO    │ httpx │ HTTP Request: GET https://www.solvatechnology.com/ "HTTP/1.1 200 OK"
09:20:21 │ INFO    │ httpx │ HTTP Request: HEAD https://www.ycombinator.com/companies/manufact/jobs "HTTP/1.1 200 OK"
09:20:21 │ INFO    │ httpx │ HTTP Request: HEAD https://getsocratix.ai/jobs "HTTP/1.1 404 Not Found"
09:20:21 │ INFO    │ httpx │ HTTP Request: GET https://api.lever.co/v0/postings/perseus_defense "HTTP/1.1 404 Not Found"
09:20:21 │ INFO    │ httpx │ HTTP Request: GET https://api.greenhouse.io/v1/boards/solva/jobs "HTTP/1.1 404 Not Found"
09:20:21 │ INFO    │ httpx │ HTTP Request: HEAD https://perseusdefense.com "HTTP/1.1 308 Permanent Redirect"
09:20:21 │ INFO    │ httpx │ HTTP Request: HEAD https://getsocratix.ai/work-with-us "HTTP/1.1 404 Not Found"
09:20:21 │ INFO    │ pipeline.enrichment.job_resolver │ Socratix AI: Tier 4 (manual_visit)
09:20:21 │ INFO    │ httpx │ HTTP Request: GET https://www.ycombinator.com/companies/manufact/jobs "HTTP/1.1 200 OK"
09:20:22 │ INFO    │ pipeline.enrichment.job_resolver │ Manufact: Tier 4 (manual_visit)
09:20:22 │ INFO    │ httpx │ HTTP Request: HEAD https://www.perseusdefense.com/ "HTTP/1.1 200 OK"
09:20:22 │ INFO    │ httpx │ HTTP Request: HEAD https://perseusdefense.com/careers "HTTP/1.1 308 Permanent Redirect"
09:20:22 │ INFO    │ httpx │ HTTP Request: HEAD https://www.perseusdefense.com/careers "HTTP/1.1 404 Not Found"
09:20:22 │ INFO    │ httpx │ HTTP Request: HEAD https://perseusdefense.com/jobs "HTTP/1.1 308 Permanent Redirect"
09:20:22 │ INFO    │ httpx │ HTTP Request: HEAD https://www.perseusdefense.com/jobs "HTTP/1.1 404 Not Found"
09:20:22 │ INFO    │ httpx │ HTTP Request: HEAD https://perseusdefense.com/work-with-us "HTTP/1.1 308 Permanent Redirect"
09:20:22 │ INFO    │ httpx │ HTTP Request: HEAD https://www.perseusdefense.com/work-with-us "HTTP/1.1 404 Not Found"
09:20:22 │ INFO    │ pipeline.enrichment.job_resolver │ Perseus Defense: Tier 4 (manual_visit)
09:20:23 │ INFO    │ httpx │ HTTP Request: GET https://api.lever.co/v0/postings/solva "HTTP/1.1 404 Not Found"
09:20:23 │ INFO    │ httpx │ HTTP Request: HEAD https://solvatechnology.com "HTTP/1.1 301 Moved Permanently"
09:20:23 │ INFO    │ httpx │ HTTP Request: HEAD https://www.solvatechnology.com/ "HTTP/1.1 200 OK"
09:20:24 │ INFO    │ httpx │ HTTP Request: HEAD https://solvatechnology.com/careers "HTTP/1.1 301 Moved Permanently"
09:20:24 │ INFO    │ httpx │ HTTP Request: HEAD https://www.solvatechnology.com/careers "HTTP/1.1 200 OK"
09:20:24 │ INFO    │ httpx │ HTTP Request: GET https://www.solvatechnology.com/careers "HTTP/1.1 200 OK"
09:20:24 │ INFO    │ pipeline.enrichment.job_resolver │ Solva: Tier 4 (manual_visit)
09:20:24 │ INFO    │ pipeline │ Enriching founder data...
09:20:24 │ INFO    │ pipeline.storage.db │ Database connected: /Users/yatharth/job_hunt/data/startups.db
09:20:29 │ INFO    │ httpx │ HTTP Request: POST http://127.0.0.1:11434/api/chat "HTTP/1.1 200 OK"
09:20:29 │ INFO    │ pipeline.enrichment.founder_enricher │   Found founder: Daniel Yanisse (photo: yes)
09:20:30 │ INFO    │ pipeline.enrichment.founder_enricher │   Found founder: Jonathan Perichon (photo: yes)
09:20:30 │ INFO    │ pipeline.enrichment.founder_enricher │ Checkr: extracted 2 founders
09:20:30 │ INFO    │ httpx │ HTTP Request: POST http://127.0.0.1:11434/api/chat "HTTP/1.1 200 OK"
09:20:30 │ INFO    │ pipeline.enrichment.founder_enricher │   Found founder: Wei Deng (photo: yes)
09:20:30 │ INFO    │ pipeline.enrichment.founder_enricher │ Clipboard: extracted 1 founders
09:20:30 │ INFO    │ httpx │ HTTP Request: POST http://127.0.0.1:11434/api/chat "HTTP/1.1 200 OK"
09:20:30 │ INFO    │ pipeline.enrichment.founder_enricher │   Found founder: Nicolas Dessaigne (photo: yes)
09:20:30 │ INFO    │ httpx │ HTTP Request: POST http://127.0.0.1:11434/api/chat "HTTP/1.1 200 OK"
09:20:30 │ INFO    │ pipeline.enrichment.founder_enricher │   Found founder: Julien Lemoine (photo: yes)
09:20:30 │ INFO    │ pipeline.enrichment.founder_enricher │ Algolia: extracted 2 founders
09:20:32 │ INFO    │ pipeline.enrichment.founder_enricher │   Found founder: Max Rhodes (photo: yes)
09:20:32 │ INFO    │ pipeline.enrichment.founder_enricher │   Found founder: Marcelo Cortes (photo: yes)
09:20:32 │ INFO    │ pipeline.enrichment.founder_enricher │   Found founder: Daniele Perito (photo: yes)
09:20:32 │ INFO    │ pipeline.enrichment.founder_enricher │ Faire: extracted 3 founders
09:20:32 │ INFO    │ httpx │ HTTP Request: POST http://127.0.0.1:11434/api/chat "HTTP/1.1 200 OK"
09:20:32 │ INFO    │ pipeline.enrichment.founder_enricher │   Found founder: Alex Bouaziz (photo: yes)
09:20:32 │ INFO    │ pipeline.enrichment.founder_enricher │   Found founder: Shuo Wang (photo: yes)
09:20:32 │ INFO    │ pipeline.enrichment.founder_enricher │ Deel: extracted 2 founders
09:20:33 │ INFO    │ httpx │ HTTP Request: POST http://127.0.0.1:11434/api/chat "HTTP/1.1 200 OK"
09:20:33 │ INFO    │ pipeline.enrichment.founder_enricher │   Found founder: Ryan Petersen (photo: yes)
09:20:33 │ INFO    │ pipeline.enrichment.founder_enricher │ Flexport: extracted 1 founders
09:20:34 │ INFO    │ pipeline.enrichment.founder_enricher │   Found founder: Garrett Langley (photo: yes)
09:20:34 │ INFO    │ pipeline.enrichment.founder_enricher │   Found founder: Andrew Barnes (photo: yes)
09:20:34 │ INFO    │ pipeline.enrichment.founder_enricher │   Found founder: Chris Eigeland (photo: yes)
09:20:34 │ INFO    │ httpx │ HTTP Request: POST http://127.0.0.1:11434/api/chat "HTTP/1.1 200 OK"
09:20:34 │ INFO    │ pipeline.enrichment.founder_enricher │   Found founder: Matt Feury (photo: yes)
09:20:34 │ INFO    │ pipeline.enrichment.founder_enricher │ Flock Safety: extracted 2 founders
09:20:34 │ INFO    │ httpx │ HTTP Request: POST http://127.0.0.1:11434/api/chat "HTTP/1.1 200 OK"
09:20:34 │ INFO    │ pipeline.enrichment.founder_enricher │   Found founder: Vu Tran (photo: yes)
09:20:34 │ INFO    │ pipeline.enrichment.founder_enricher │   Found founder: Chris Hood (photo: yes)
09:20:34 │ INFO    │ pipeline.enrichment.founder_enricher │ Go1: extracted 4 founders
09:20:35 │ INFO    │ pipeline.enrichment.founder_enricher │   Found founder: Eddy Lu (photo: yes)
09:20:35 │ INFO    │ pipeline.enrichment.founder_enricher │   Found founder: Daishin Sugano (photo: yes)
09:20:35 │ INFO    │ pipeline.enrichment.founder_enricher │ GOAT Group: extracted 2 founders
09:20:36 │ INFO    │ httpx │ HTTP Request: POST http://127.0.0.1:11434/api/chat "HTTP/1.1 200 OK"
09:20:36 │ INFO    │ pipeline.enrichment.founder_enricher │   Found founder: Josh Reeves (photo: yes)
09:20:36 │ INFO    │ pipeline.enrichment.founder_enricher │   Found founder: James Burkhardt (photo: yes)
09:20:36 │ INFO    │ pipeline.enrichment.founder_enricher │ Odeko: extracted 1 founders
09:20:37 │ INFO    │ httpx │ HTTP Request: POST http://127.0.0.1:11434/api/chat "HTTP/1.1 200 OK"
09:20:37 │ INFO    │ pipeline.enrichment.founder_enricher │   Found founder: Edward Kim (photo: yes)
09:20:37 │ INFO    │ pipeline.enrichment.founder_enricher │   Found founder: Eric Rea (photo: yes)
09:20:37 │ INFO    │ httpx │ HTTP Request: POST http://127.0.0.1:11434/api/chat "HTTP/1.1 200 OK"
09:20:37 │ INFO    │ pipeline.enrichment.founder_enricher │   Found founder: Tomer London (photo: yes)
09:20:37 │ INFO    │ pipeline.enrichment.founder_enricher │ Gusto: extracted 3 founders
09:20:37 │ INFO    │ httpx │ HTTP Request: POST http://127.0.0.1:11434/api/chat "HTTP/1.1 200 OK"
09:20:37 │ INFO    │ pipeline.enrichment.founder_enricher │   Found founder: Dennis Steele (photo: yes)
09:20:37 │ INFO    │ pipeline.enrichment.founder_enricher │ Podium: extracted 2 founders
09:20:38 │ INFO    │ pipeline.enrichment.founder_enricher │   Found founder: Simon Borrero (photo: yes)
09:20:39 │ INFO    │ httpx │ HTTP Request: POST http://127.0.0.1:11434/api/chat "HTTP/1.1 200 OK"
09:20:39 │ INFO    │ pipeline.enrichment.founder_enricher │   Found founder: Sebastian Mejia (photo: yes)
09:20:39 │ INFO    │ pipeline.enrichment.founder_enricher │   Found founder: Felipe Villamarin (photo: yes)
09:20:39 │ INFO    │ pipeline.enrichment.founder_enricher │ Rappi: extracted 3 founders
09:20:39 │ INFO    │ pipeline.enrichment.founder_enricher │   Found founder: Harshil Mathur (photo: yes)
09:20:39 │ INFO    │ pipeline.enrichment.founder_enricher │   Found founder: Shashank Kumar (photo: yes)
09:20:39 │ INFO    │ pipeline.enrichment.founder_enricher │ Razorpay: extracted 2 founders
09:20:39 │ INFO    │ pipeline.enrichment.founder_enricher │   Found founder: Parker Conrad (photo: yes)
09:20:40 │ INFO    │ httpx │ HTTP Request: POST http://127.0.0.1:11434/api/chat "HTTP/1.1 200 OK"
09:20:40 │ INFO    │ pipeline.enrichment.founder_enricher │   Found founder: Prasanna S (photo: yes)
09:20:40 │ INFO    │ pipeline.enrichment.founder_enricher │ Rippling: extracted 2 founders
09:20:41 │ INFO    │ pipeline.enrichment.founder_enricher │   Found founder: Alexandr Wang (photo: yes)
09:20:41 │ INFO    │ pipeline.enrichment.founder_enricher │ Scale AI: extracted 1 founders
09:20:41 │ INFO    │ pipeline.enrichment.founder_enricher │   Found founder: Divey Gulati (photo: yes)
09:20:41 │ INFO    │ pipeline.enrichment.founder_enricher │   Found founder: Dhruv Saxena (photo: yes)
09:20:41 │ INFO    │ pipeline.enrichment.founder_enricher │ ShipBob: extracted 2 founders
09:20:42 │ INFO    │ pipeline.enrichment.founder_enricher │   Found founder: Michael Carvin (photo: yes)
09:20:42 │ INFO    │ pipeline.enrichment.founder_enricher │ SmartAsset: extracted 1 founders
09:20:43 │ INFO    │ pipeline.enrichment.founder_enricher │   Found founder: Patrick Collison (photo: yes)
09:20:43 │ INFO    │ pipeline.enrichment.founder_enricher │   Found founder: Sergie Magdalin (photo: yes)
09:20:43 │ INFO    │ pipeline.enrichment.founder_enricher │   Found founder: John Collison (photo: yes)
09:20:43 │ INFO    │ pipeline.enrichment.founder_enricher │ Stripe: extracted 2 founders
09:20:43 │ INFO    │ pipeline.enrichment.founder_enricher │   Found founder: Vlad Magdalin (photo: yes)
09:20:43 │ INFO    │ pipeline.enrichment.founder_enricher │ Webflow: extracted 2 founders
09:20:44 │ INFO    │ pipeline.enrichment.founder_enricher │   Found founder: Grant LaFontaine (photo: yes)
09:20:44 │ INFO    │ pipeline.enrichment.founder_enricher │   Found founder: Logan Head (photo: yes)
09:20:44 │ INFO    │ pipeline.enrichment.founder_enricher │ Whatnot: extracted 2 founders
09:20:46 │ INFO    │ httpx │ HTTP Request: POST http://127.0.0.1:11434/api/chat "HTTP/1.1 200 OK"
09:20:46 │ INFO    │ pipeline.enrichment.founder_enricher │   Found founder: Wade Foster (photo: yes)
09:20:46 │ INFO    │ pipeline.enrichment.founder_enricher │ Zapier: extracted 1 founders
09:20:46 │ INFO    │ httpx │ HTTP Request: POST http://127.0.0.1:11434/api/chat "HTTP/1.1 200 OK"
09:20:46 │ INFO    │ pipeline.enrichment.founder_enricher │   Found founder: Jim Xiao (photo: yes)
09:20:46 │ INFO    │ pipeline.enrichment.founder_enricher │ Mason: extracted 1 founders
09:20:46 │ INFO    │ httpx │ HTTP Request: POST http://127.0.0.1:11434/api/chat "HTTP/1.1 200 OK"
09:20:46 │ INFO    │ pipeline.enrichment.founder_enricher │   Found founder: David Rabie (photo: yes)
09:20:46 │ INFO    │ pipeline.enrichment.founder_enricher │ Tovala: extracted 1 founders
09:20:48 │ WARNING │ pipeline.enrichment.founder_enricher │ No founder photo containers found: deepgram
09:20:48 │ INFO    │ pipeline.enrichment.founder_enricher │   Found founder: Shadi Saberi (photo: yes)
09:20:48 │ INFO    │ pipeline.enrichment.founder_enricher │ iSono Health: extracted 1 founders
09:20:49 │ INFO    │ httpx │ HTTP Request: POST http://127.0.0.1:11434/api/chat "HTTP/1.1 200 OK"
09:20:49 │ INFO    │ pipeline.enrichment.founder_enricher │   Found founder: Jesper Theil Thomsen (photo: yes)
09:20:49 │ INFO    │ pipeline.enrichment.founder_enricher │   Found founder: Christoffer Nyvold (photo: yes)
09:20:49 │ INFO    │ pipeline.enrichment.founder_enricher │ SOUNDBOKS: extracted 2 founders
09:20:50 │ INFO    │ pipeline.enrichment.founder_enricher │   Found founder: Jack Altman (photo: yes)
09:20:50 │ INFO    │ httpx │ HTTP Request: POST http://127.0.0.1:11434/api/chat "HTTP/1.1 200 OK"
09:20:50 │ INFO    │ pipeline.enrichment.founder_enricher │   Found founder: Eric Koslow (photo: yes)
09:20:50 │ INFO    │ pipeline.enrichment.founder_enricher │ Lattice: extracted 2 founders
09:20:50 │ INFO    │ httpx │ HTTP Request: POST http://127.0.0.1:11434/api/chat "HTTP/1.1 200 OK"
09:20:50 │ INFO    │ pipeline.enrichment.founder_enricher │   Found founder: Jon Dahl (photo: yes)
09:20:51 │ INFO    │ httpx │ HTTP Request: POST http://127.0.0.1:11434/api/chat "HTTP/1.1 200 OK"
09:20:51 │ INFO    │ pipeline.enrichment.founder_enricher │   Found founder: Adam Brown (photo: yes)
09:20:51 │ INFO    │ httpx │ HTTP Request: POST http://127.0.0.1:11434/api/chat "HTTP/1.1 200 OK"
09:20:51 │ INFO    │ pipeline.enrichment.founder_enricher │   Found founder: Steve Heffernan (photo: yes)
09:20:51 │ INFO    │ httpx │ HTTP Request: POST http://127.0.0.1:11434/api/chat "HTTP/1.1 200 OK"
09:20:51 │ INFO    │ pipeline.enrichment.founder_enricher │   Found founder: Roger Lee (photo: yes)
09:20:51 │ INFO    │ httpx │ HTTP Request: POST http://127.0.0.1:11434/api/chat "HTTP/1.1 200 OK"
09:20:51 │ INFO    │ pipeline.enrichment.founder_enricher │   Found founder: Matthew McClure (photo: yes)
09:20:51 │ INFO    │ pipeline.enrichment.founder_enricher │ Mux: extracted 4 founders
09:20:51 │ INFO    │ httpx │ HTTP Request: POST http://127.0.0.1:11434/api/chat "HTTP/1.1 200 OK"
09:20:51 │ INFO    │ pipeline.enrichment.founder_enricher │   Found founder: Paul Sawaya (photo: yes)
09:20:51 │ INFO    │ pipeline.enrichment.founder_enricher │ Human Interest: extracted 2 founders
09:20:52 │ INFO    │ pipeline.enrichment.founder_enricher │   Found founder: Matteo Franceschetti (photo: yes)
09:20:52 │ INFO    │ pipeline.enrichment.founder_enricher │   Found founder: Massimo Andreasi Bassi (photo: yes)
09:20:52 │ INFO    │ pipeline.enrichment.founder_enricher │   Found founder: Alexandra Zatarain (photo: yes)
09:20:52 │ INFO    │ pipeline.enrichment.founder_enricher │ Eight Sleep: extracted 3 founders
09:20:53 │ INFO    │ pipeline.enrichment.founder_enricher │   Found founder: Sumir Meghani (photo: yes)
09:20:53 │ INFO    │ pipeline.enrichment.founder_enricher │ Instawork: extracted 1 founders
09:20:53 │ INFO    │ pipeline.enrichment.founder_enricher │   Found founder: Stefan Lederer (photo: yes)
09:20:54 │ INFO    │ httpx │ HTTP Request: POST http://127.0.0.1:11434/api/chat "HTTP/1.1 200 OK"
09:20:54 │ INFO    │ pipeline.enrichment.founder_enricher │   Found founder: Christian Timmerer (photo: yes)
09:20:54 │ INFO    │ pipeline.enrichment.founder_enricher │   Found founder: Christopher Mueller (photo: yes)
09:20:54 │ INFO    │ pipeline.enrichment.founder_enricher │ Bitmovin: extracted 3 founders
09:20:54 │ INFO    │ pipeline.enrichment.founder_enricher │   Found founder: Moses Lo (photo: yes)
09:20:54 │ INFO    │ pipeline.enrichment.founder_enricher │   Found founder: Bo Chen (photo: yes)
09:20:54 │ INFO    │ pipeline.enrichment.founder_enricher │   Found founder: Juan Gonzalez (photo: yes)
09:20:54 │ INFO    │ pipeline.enrichment.founder_enricher │ Xendit: extracted 3 founders
09:20:55 │ INFO    │ pipeline.enrichment.founder_enricher │   Found founder: Alexandre Wayenberg (photo: yes)
09:20:56 │ INFO    │ httpx │ HTTP Request: POST http://127.0.0.1:11434/api/chat "HTTP/1.1 200 OK"
09:20:56 │ INFO    │ pipeline.enrichment.founder_enricher │   Found founder: Martin Kessler (photo: yes)
09:20:56 │ INFO    │ pipeline.enrichment.founder_enricher │ Shape (ShapeScale): extracted 2 founders
09:20:56 │ INFO    │ pipeline.enrichment.founder_enricher │   Found founder: Kestrel Linder (photo: yes)
09:20:56 │ INFO    │ httpx │ HTTP Request: POST http://127.0.0.1:11434/api/chat "HTTP/1.1 200 OK"
09:20:56 │ INFO    │ pipeline.enrichment.founder_enricher │   Found founder: JS Boulanger (photo: yes)
09:20:56 │ INFO    │ pipeline.enrichment.founder_enricher │   Found founder: Michael Kong (photo: yes)
09:20:56 │ INFO    │ pipeline.enrichment.founder_enricher │ GiveCampus: extracted 2 founders
09:20:57 │ INFO    │ httpx │ HTTP Request: POST http://127.0.0.1:11434/api/chat "HTTP/1.1 200 OK"
09:20:57 │ INFO    │ pipeline.enrichment.founder_enricher │   Found founder: Brent LaRue (photo: yes)
09:20:57 │ INFO    │ pipeline.enrichment.founder_enricher │ Circle Medical: extracted 2 founders
09:20:58 │ INFO    │ httpx │ HTTP Request: POST http://127.0.0.1:11434/api/chat "HTTP/1.1 200 OK"
09:20:58 │ INFO    │ pipeline.enrichment.founder_enricher │   Found founder: Pushkar Mukewar (photo: yes)
09:20:58 │ INFO    │ pipeline.enrichment.founder_enricher │ Drip Capital: extracted 1 founders
09:20:58 │ INFO    │ pipeline.enrichment.founder_enricher │   Found founder: Alice Zhang (photo: yes)
09:20:58 │ INFO    │ pipeline.enrichment.founder_enricher │ Verge Genomics: extracted 1 founders
09:20:59 │ INFO    │ httpx │ HTTP Request: POST http://127.0.0.1:11434/api/chat "HTTP/1.1 200 OK"
09:20:59 │ INFO    │ pipeline.enrichment.founder_enricher │   Found founder: Borna Safabakhsh (photo: yes)
09:20:59 │ INFO    │ pipeline.enrichment.founder_enricher │ AgileMD: extracted 1 founders
09:21:00 │ INFO    │ pipeline.enrichment.founder_enricher │   Found founder: Christopher Davlantes (photo: yes)
09:21:00 │ INFO    │ pipeline.enrichment.founder_enricher │ Reach: extracted 1 founders
09:21:01 │ INFO    │ pipeline.enrichment.founder_enricher │   Found founder: Matt Li (photo: yes)
09:21:01 │ INFO    │ pipeline.enrichment.founder_enricher │ Branch8: extracted 1 founders
09:21:01 │ INFO    │ pipeline.enrichment.founder_enricher │   Found founder: Natasha Baker (photo: yes)
09:21:01 │ INFO    │ pipeline.enrichment.founder_enricher │ SnapMagic: extracted 1 founders
09:21:02 │ INFO    │ pipeline.enrichment.founder_enricher │   Found founder: Ashley Wong (photo: yes)
09:21:02 │ INFO    │ pipeline.enrichment.founder_enricher │ Gemnote: extracted 1 founders
09:21:03 │ INFO    │ httpx │ HTTP Request: POST http://127.0.0.1:11434/api/chat "HTTP/1.1 200 OK"
09:21:03 │ INFO    │ pipeline.enrichment.founder_enricher │   Found founder: Brett Hagler (photo: yes)
09:21:03 │ INFO    │ httpx │ HTTP Request: POST http://127.0.0.1:11434/api/chat "HTTP/1.1 200 OK"
09:21:03 │ INFO    │ pipeline.enrichment.founder_enricher │   Found founder: Matthew Marshall (photo: yes)
09:21:03 │ INFO    │ pipeline.enrichment.founder_enricher │ New Story: extracted 2 founders
09:21:03 │ INFO    │ httpx │ HTTP Request: POST http://127.0.0.1:11434/api/chat "HTTP/1.1 200 OK"
09:21:03 │ INFO    │ pipeline.enrichment.founder_enricher │   Found founder: Jason Boehmig (photo: yes)
09:21:03 │ INFO    │ pipeline.enrichment.founder_enricher │ Ironclad: extracted 1 founders
09:21:05 │ INFO    │ httpx │ HTTP Request: POST http://127.0.0.1:11434/api/chat "HTTP/1.1 200 OK"
09:21:05 │ INFO    │ pipeline.enrichment.founder_enricher │   Found founder: Jordan Brown (photo: yes)
09:21:05 │ INFO    │ httpx │ HTTP Request: POST http://127.0.0.1:11434/api/chat "HTTP/1.1 200 OK"
09:21:05 │ INFO    │ pipeline.enrichment.founder_enricher │   Found founder: Eric Kreutzer (photo: yes)
09:21:05 │ INFO    │ pipeline.enrichment.founder_enricher │ Lugg: extracted 2 founders
09:21:05 │ INFO    │ pipeline.enrichment.founder_enricher │   Found founder: Abhinai Srivastava (photo: yes)
09:21:05 │ INFO    │ pipeline.enrichment.founder_enricher │   Found founder: Mukul Dhankhar (photo: yes)
09:21:05 │ INFO    │ pipeline.enrichment.founder_enricher │ Mashgin: extracted 2 founders
09:21:05 │ INFO    │ pipeline.enrichment.founder_enricher │   Found founder: Jayant Kulkarni (photo: yes)
09:21:06 │ INFO    │ httpx │ HTTP Request: POST http://127.0.0.1:11434/api/chat "HTTP/1.1 200 OK"
09:21:06 │ INFO    │ pipeline.enrichment.founder_enricher │   Found founder: Adam Regelmann (photo: yes)
09:21:06 │ INFO    │ pipeline.enrichment.founder_enricher │ Quartzy: extracted 2 founders
09:21:07 │ INFO    │ httpx │ HTTP Request: POST http://127.0.0.1:11434/api/chat "HTTP/1.1 200 OK"
09:21:07 │ INFO    │ pipeline.enrichment.founder_enricher │   Found founder: Iba Masood (photo: yes)
09:21:08 │ INFO    │ httpx │ HTTP Request: POST http://127.0.0.1:11434/api/chat "HTTP/1.1 200 OK"
09:21:08 │ INFO    │ pipeline.enrichment.founder_enricher │   Found founder: Syed Ahmed (photo: yes)
09:21:08 │ INFO    │ pipeline.enrichment.founder_enricher │ Tara AI: extracted 2 founders
09:21:08 │ INFO    │ httpx │ HTTP Request: POST http://127.0.0.1:11434/api/chat "HTTP/1.1 200 OK"
09:21:08 │ INFO    │ pipeline.enrichment.founder_enricher │   Found founder: Mark Datta (photo: yes)
09:21:08 │ INFO    │ pipeline.enrichment.founder_enricher │ Tab: extracted 1 founders
09:21:08 │ INFO    │ httpx │ HTTP Request: POST http://127.0.0.1:11434/api/chat "HTTP/1.1 200 OK"
09:21:08 │ INFO    │ pipeline.enrichment.founder_enricher │   Found founder: Aleem Mawani (photo: yes)
09:21:08 │ INFO    │ pipeline.enrichment.founder_enricher │ Streak: extracted 1 founders
09:21:10 │ INFO    │ pipeline.enrichment.founder_enricher │   Found founder: Allan Shin (photo: yes)
09:21:10 │ INFO    │ pipeline.enrichment.founder_enricher │   Found founder: Kevin Shin (photo: yes)
09:21:10 │ INFO    │ pipeline.enrichment.founder_enricher │ Giveffect: extracted 2 founders
09:21:10 │ INFO    │ httpx │ HTTP Request: POST http://127.0.0.1:11434/api/chat "HTTP/1.1 200 OK"
09:21:10 │ INFO    │ pipeline.enrichment.founder_enricher │   Found founder: Moawia Eldeeb (photo: yes)
09:21:10 │ INFO    │ pipeline.enrichment.founder_enricher │   Found founder: Joshua Augustin (photo: yes)
09:21:10 │ INFO    │ pipeline.enrichment.founder_enricher │ Tempo: extracted 2 founders
09:21:11 │ INFO    │ httpx │ HTTP Request: POST http://127.0.0.1:11434/api/chat "HTTP/1.1 200 OK"
09:21:11 │ INFO    │ pipeline.enrichment.founder_enricher │   Found founder: George Deglin (photo: yes)
09:21:11 │ INFO    │ httpx │ HTTP Request: POST http://127.0.0.1:11434/api/chat "HTTP/1.1 200 OK"
09:21:11 │ INFO    │ pipeline.enrichment.founder_enricher │   Found founder: Long Vo (photo: yes)
09:21:11 │ INFO    │ pipeline.enrichment.founder_enricher │ OneSignal: extracted 2 founders
09:21:12 │ INFO    │ pipeline.enrichment.founder_enricher │   Found founder: Mike Chen (photo: yes)
09:21:12 │ INFO    │ httpx │ HTTP Request: POST http://127.0.0.1:11434/api/chat "HTTP/1.1 200 OK"
09:21:12 │ INFO    │ pipeline.enrichment.founder_enricher │   Found founder: Aaron Kemmer (photo: yes)
09:21:12 │ INFO    │ httpx │ HTTP Request: POST http://127.0.0.1:11434/api/chat "HTTP/1.1 200 OK"
09:21:12 │ INFO    │ pipeline.enrichment.founder_enricher │   Found founder: David Merriman (photo: yes)
09:21:12 │ INFO    │ pipeline.enrichment.founder_enricher │   Found founder: Nic Novak (photo: yes)
09:21:12 │ INFO    │ pipeline.enrichment.founder_enricher │   Found founder: Michael Rubin (photo: yes)
09:21:12 │ INFO    │ pipeline.enrichment.founder_enricher │ Magic: extracted 5 founders
09:21:12 │ INFO    │ pipeline.enrichment.founder_enricher │   Found founder: Mudit Garg (photo: yes)
09:21:12 │ INFO    │ pipeline.enrichment.founder_enricher │   Found founder: Ian Christopher (photo: yes)
09:21:12 │ INFO    │ pipeline.enrichment.founder_enricher │ Qventus: extracted 2 founders
09:21:13 │ INFO    │ pipeline.enrichment.founder_enricher │   Found founder: Vivek Ravisankar (photo: yes)
09:21:13 │ INFO    │ pipeline.enrichment.founder_enricher │   Found founder: Harishankaran (photo: yes)
09:21:13 │ INFO    │ pipeline.enrichment.founder_enricher │ HackerRank: extracted 2 founders
09:21:14 │ INFO    │ pipeline.enrichment.founder_enricher │   Found founder: Geoff Schmidt (photo: yes)
09:21:14 │ INFO    │ pipeline.enrichment.founder_enricher │   Found founder: matt debergalis (photo: yes)
09:21:14 │ INFO    │ pipeline.enrichment.founder_enricher │   Found founder: Nick Martin (photo: yes)
09:21:14 │ INFO    │ pipeline.enrichment.founder_enricher │ Apollo: extracted 3 founders
09:21:15 │ INFO    │ httpx │ HTTP Request: POST http://127.0.0.1:11434/api/chat "HTTP/1.1 200 OK"
09:21:15 │ INFO    │ pipeline.enrichment.founder_enricher │   Found founder: Patrick Hannigan (photo: yes)
09:21:15 │ INFO    │ pipeline.enrichment.founder_enricher │   Found founder: Ian Roberts (photo: yes)
09:21:15 │ INFO    │ pipeline.enrichment.founder_enricher │ Hive: extracted 2 founders
09:21:15 │ INFO    │ pipeline.enrichment.founder_enricher │   Found founder: Noga Leviner (photo: yes)
09:21:15 │ INFO    │ pipeline.enrichment.founder_enricher │   Found founder: Troy Astorino (photo: yes)
09:21:15 │ INFO    │ pipeline.enrichment.founder_enricher │ PicnicAI: extracted 2 founders
09:21:16 │ INFO    │ pipeline.enrichment.founder_enricher │   Found founder: Jessica Livingston (photo: yes)
09:21:16 │ INFO    │ pipeline.enrichment.founder_enricher │ Y Combinator: extracted 1 founders
09:21:17 │ INFO    │ httpx │ HTTP Request: POST http://127.0.0.1:11434/api/chat "HTTP/1.1 200 OK"
09:21:17 │ INFO    │ pipeline.enrichment.founder_enricher │   Found founder: Jim Robeson (photo: yes)
09:21:17 │ INFO    │ pipeline.enrichment.founder_enricher │   Found founder: Adam Saunders (photo: yes)
09:21:17 │ INFO    │ pipeline.enrichment.founder_enricher │ PiinPoint: extracted 2 founders
09:21:17 │ INFO    │ httpx │ HTTP Request: POST http://127.0.0.1:11434/api/chat "HTTP/1.1 200 OK"
09:21:17 │ INFO    │ pipeline.enrichment.founder_enricher │   Found founder: Edith Elliott (photo: yes)
09:21:17 │ INFO    │ pipeline.enrichment.founder_enricher │ Noora Health: extracted 1 founders
09:21:18 │ INFO    │ pipeline.enrichment.founder_enricher │   Found founder: Sameer Shariff (photo: yes)
09:21:18 │ INFO    │ pipeline.enrichment.founder_enricher │ Cambly: extracted 1 founders
09:21:19 │ INFO    │ pipeline.enrichment.founder_enricher │   Found founder: Reham Fagiri (photo: yes)
09:21:19 │ INFO    │ pipeline.enrichment.founder_enricher │   Found founder: kalam dennis (photo: yes)
09:21:19 │ INFO    │ pipeline.enrichment.founder_enricher │ AptDeco: extracted 2 founders
09:21:19 │ WARNING │ pipeline.enrichment.founder_enricher │ No founder photo containers found: lob
09:21:20 │ INFO    │ pipeline.enrichment.founder_enricher │   Found founder: Joe Ariel (photo: yes)
09:21:20 │ INFO    │ pipeline.enrichment.founder_enricher │   Found founder: Joel Gillman (photo: yes)
09:21:20 │ INFO    │ pipeline.enrichment.founder_enricher │   Found founder: Vanessa Torrivilla (photo: yes)
09:21:20 │ INFO    │ pipeline.enrichment.founder_enricher │ Goldbelly: extracted 3 founders
09:21:21 │ INFO    │ httpx │ HTTP Request: POST http://127.0.0.1:11434/api/chat "HTTP/1.1 200 OK"
09:21:21 │ INFO    │ pipeline.enrichment.founder_enricher │   Found founder: Nick Tommarello (photo: yes)
09:21:21 │ INFO    │ pipeline.enrichment.founder_enricher │   Found founder: Greg Belote (photo: yes)
09:21:21 │ INFO    │ pipeline.enrichment.founder_enricher │ Wefunder: extracted 2 founders
09:21:21 │ INFO    │ pipeline.enrichment.founder_enricher │   Found founder: Vivek Shah (photo: yes)
09:21:21 │ INFO    │ pipeline.enrichment.founder_enricher │ SimplyInsured: extracted 1 founders
09:21:22 │ INFO    │ httpx │ HTTP Request: POST http://127.0.0.1:11434/api/chat "HTTP/1.1 200 OK"
09:21:22 │ INFO    │ pipeline.enrichment.founder_enricher │   Found founder: Andrew Seddon (photo: yes)
09:21:22 │ INFO    │ pipeline.enrichment.founder_enricher │ CircuitHub: extracted 1 founders
09:21:23 │ INFO    │ pipeline.enrichment.founder_enricher │   Found founder: Spencer Hewett (photo: yes)
09:21:23 │ INFO    │ pipeline.enrichment.founder_enricher │ RADAR: extracted 1 founders
09:21:24 │ INFO    │ httpx │ HTTP Request: POST http://127.0.0.1:11434/api/chat "HTTP/1.1 200 OK"
09:21:24 │ INFO    │ pipeline.enrichment.founder_enricher │   Found founder: Paul Dix (photo: yes)
09:21:24 │ INFO    │ pipeline.enrichment.founder_enricher │ InfluxData: extracted 1 founders
09:21:24 │ INFO    │ pipeline.enrichment.founder_enricher │   Found founder: Christian Romming (photo: yes)
09:21:24 │ INFO    │ pipeline.enrichment.founder_enricher │ Etleap: extracted 1 founders
09:21:25 │ INFO    │ pipeline.enrichment.founder_enricher │   Found founder: Nitesh Goel (photo: yes)
09:21:25 │ INFO    │ pipeline.enrichment.founder_enricher │ Padlet: extracted 1 founders
09:21:25 │ INFO    │ pipeline.enrichment.founder_enricher │   Found founder: David Petersen (photo: yes)
09:21:25 │ INFO    │ pipeline.enrichment.founder_enricher │ BuildZoom: extracted 1 founders
09:21:26 │ INFO    │ httpx │ HTTP Request: POST http://127.0.0.1:11434/api/chat "HTTP/1.1 200 OK"
09:21:26 │ INFO    │ pipeline.enrichment.founder_enricher │   Found founder: Dan Sugarman (photo: yes)
09:21:26 │ INFO    │ pipeline.enrichment.founder_enricher │ Zentail: extracted 1 founders
09:21:27 │ INFO    │ httpx │ HTTP Request: POST http://127.0.0.1:11434/api/chat "HTTP/1.1 200 OK"
09:21:27 │ INFO    │ pipeline.enrichment.founder_enricher │   Found founder: Chen Peng (photo: yes)
09:21:28 │ INFO    │ httpx │ HTTP Request: POST http://127.0.0.1:11434/api/chat "HTTP/1.1 200 OK"
09:21:28 │ INFO    │ pipeline.enrichment.founder_enricher │   Found founder: Seungmin Hong (photo: yes)
09:21:28 │ INFO    │ httpx │ HTTP Request: POST http://127.0.0.1:11434/api/chat "HTTP/1.1 200 OK"
09:21:28 │ INFO    │ pipeline.enrichment.founder_enricher │   Found founder: Yim Ying (photo: yes)
09:21:28 │ INFO    │ httpx │ HTTP Request: POST http://127.0.0.1:11434/api/chat "HTTP/1.1 200 OK"
09:21:28 │ INFO    │ pipeline.enrichment.founder_enricher │   Found founder: Ahnaf Shahriar (photo: yes)
09:21:28 │ INFO    │ pipeline.enrichment.founder_enricher │ Simantic: extracted 2 founders
09:21:28 │ INFO    │ httpx │ HTTP Request: POST http://127.0.0.1:11434/api/chat "HTTP/1.1 200 OK"
09:21:28 │ INFO    │ pipeline.enrichment.founder_enricher │   Found founder: Liam Zhong (photo: yes)
09:21:28 │ INFO    │ pipeline.enrichment.founder_enricher │ Lambda Robotics: extracted 3 founders
09:21:29 │ INFO    │ httpx │ HTTP Request: POST http://127.0.0.1:11434/api/chat "HTTP/1.1 200 OK"
09:21:29 │ INFO    │ pipeline.enrichment.founder_enricher │   Found founder: Parth Badhwar (photo: yes)
09:21:29 │ INFO    │ pipeline.enrichment.founder_enricher │ Locke: extracted 1 founders
09:21:31 │ INFO    │ httpx │ HTTP Request: POST http://127.0.0.1:11434/api/chat "HTTP/1.1 200 OK"
09:21:31 │ INFO    │ pipeline.enrichment.founder_enricher │   Found founder: Ian Naccarella (photo: yes)
09:21:31 │ INFO    │ httpx │ HTTP Request: POST http://127.0.0.1:11434/api/chat "HTTP/1.1 200 OK"
09:21:31 │ INFO    │ pipeline.enrichment.founder_enricher │   Found founder: Anderson Chen (photo: yes)
09:21:31 │ INFO    │ pipeline.enrichment.founder_enricher │ Operon: extracted 1 founders
09:21:31 │ INFO    │ httpx │ HTTP Request: POST http://127.0.0.1:11434/api/chat "HTTP/1.1 200 OK"
09:21:31 │ INFO    │ pipeline.enrichment.founder_enricher │   Found founder: Eric Riesel (photo: yes)
09:21:32 │ INFO    │ httpx │ HTTP Request: POST http://127.0.0.1:11434/api/chat "HTTP/1.1 200 OK"
09:21:32 │ INFO    │ pipeline.enrichment.founder_enricher │   Found founder: Thomas Aubry (photo: yes)
09:21:32 │ INFO    │ pipeline.enrichment.founder_enricher │ Ooak Data: extracted 1 founders
09:21:32 │ INFO    │ httpx │ HTTP Request: POST http://127.0.0.1:11434/api/chat "HTTP/1.1 200 OK"
09:21:32 │ INFO    │ pipeline.enrichment.founder_enricher │   Found founder: Yankang Yang (photo: yes)
09:21:32 │ INFO    │ pipeline.enrichment.founder_enricher │ 83 Sciences: extracted 3 founders
09:21:34 │ INFO    │ httpx │ HTTP Request: POST http://127.0.0.1:11434/api/chat "HTTP/1.1 200 OK"
09:21:34 │ INFO    │ pipeline.enrichment.founder_enricher │   Found founder: Alex Southmayd (photo: yes)
09:21:34 │ INFO    │ pipeline.enrichment.founder_enricher │ Bloomy: extracted 1 founders
09:21:34 │ INFO    │ httpx │ HTTP Request: POST http://127.0.0.1:11434/api/chat "HTTP/1.1 200 OK"
09:21:34 │ INFO    │ pipeline.enrichment.founder_enricher │   Found founder: Xia Hua (photo: yes)
09:21:34 │ INFO    │ httpx │ HTTP Request: POST http://127.0.0.1:11434/api/chat "HTTP/1.1 200 OK"
09:21:34 │ INFO    │ pipeline.enrichment.founder_enricher │   Found founder: Louis Beaumont (photo: yes)
09:21:34 │ INFO    │ pipeline.enrichment.founder_enricher │ screenpipe: extracted 1 founders
09:21:35 │ INFO    │ httpx │ HTTP Request: POST http://127.0.0.1:11434/api/chat "HTTP/1.1 200 OK"
09:21:35 │ INFO    │ pipeline.enrichment.founder_enricher │   Found founder: Varun Wadhwa (photo: yes)
09:21:35 │ INFO    │ pipeline.enrichment.founder_enricher │ Traceforce: extracted 2 founders
09:21:36 │ INFO    │ httpx │ HTTP Request: POST http://127.0.0.1:11434/api/chat "HTTP/1.1 200 OK"
09:21:36 │ INFO    │ pipeline.enrichment.founder_enricher │   Found founder: Mathieu Perez (photo: yes)
09:21:36 │ INFO    │ httpx │ HTTP Request: POST http://127.0.0.1:11434/api/chat "HTTP/1.1 200 OK"
09:21:36 │ INFO    │ pipeline.enrichment.founder_enricher │   Found founder: Thomas Perez (photo: yes)
09:21:36 │ INFO    │ httpx │ HTTP Request: POST http://127.0.0.1:11434/api/chat "HTTP/1.1 200 OK"
09:21:36 │ INFO    │ pipeline.enrichment.founder_enricher │   Found founder: Nicolas Sebag (photo: yes)
09:21:36 │ INFO    │ pipeline.enrichment.founder_enricher │ COACH: extracted 3 founders
09:21:37 │ INFO    │ httpx │ HTTP Request: POST http://127.0.0.1:11434/api/chat "HTTP/1.1 200 OK"
09:21:37 │ INFO    │ pipeline.enrichment.founder_enricher │   Found founder: Anis Mihrshahi (photo: yes)
09:21:37 │ INFO    │ httpx │ HTTP Request: POST http://127.0.0.1:11434/api/chat "HTTP/1.1 200 OK"
09:21:37 │ INFO    │ pipeline.enrichment.founder_enricher │   Found founder: George Rose (photo: yes)
09:21:37 │ INFO    │ httpx │ HTTP Request: POST http://127.0.0.1:11434/api/chat "HTTP/1.1 200 OK"
09:21:37 │ INFO    │ pipeline.enrichment.founder_enricher │   Found founder: Leon Mojarrabi (photo: yes)
09:21:37 │ INFO    │ pipeline.enrichment.founder_enricher │ Gutgutgoose: extracted 2 founders
09:21:38 │ INFO    │ httpx │ HTTP Request: POST http://127.0.0.1:11434/api/chat "HTTP/1.1 200 OK"
09:21:38 │ INFO    │ pipeline.enrichment.founder_enricher │   Found founder: Lucas Zubillaga (photo: yes)
09:21:38 │ INFO    │ httpx │ HTTP Request: POST http://127.0.0.1:11434/api/chat "HTTP/1.1 200 OK"
09:21:38 │ INFO    │ pipeline.enrichment.founder_enricher │   Found founder: Sean Cole (photo: yes)
09:21:38 │ INFO    │ pipeline.enrichment.founder_enricher │ Parasma: extracted 1 founders
09:21:38 │ INFO    │ httpx │ HTTP Request: POST http://127.0.0.1:11434/api/chat "HTTP/1.1 200 OK"
09:21:38 │ INFO    │ pipeline.enrichment.founder_enricher │   Found founder: Jona van Oord (photo: yes)
09:21:38 │ INFO    │ pipeline.enrichment.founder_enricher │ Rise Reforming: extracted 3 founders
09:21:39 │ INFO    │ httpx │ HTTP Request: POST http://127.0.0.1:11434/api/chat "HTTP/1.1 200 OK"
09:21:39 │ INFO    │ pipeline.enrichment.founder_enricher │   Found founder: Marcus Lima (photo: yes)
09:21:40 │ INFO    │ httpx │ HTTP Request: POST http://127.0.0.1:11434/api/chat "HTTP/1.1 200 OK"
09:21:40 │ INFO    │ pipeline.enrichment.founder_enricher │   Found founder: Rahul Thayil (photo: yes)
09:21:40 │ INFO    │ pipeline.enrichment.founder_enricher │ Torus: extracted 2 founders
09:21:41 │ INFO    │ httpx │ HTTP Request: POST http://127.0.0.1:11434/api/chat "HTTP/1.1 200 OK"
09:21:41 │ INFO    │ pipeline.enrichment.founder_enricher │   Found founder: Alex Musy (photo: yes)
09:21:41 │ INFO    │ httpx │ HTTP Request: POST http://127.0.0.1:11434/api/chat "HTTP/1.1 200 OK"
09:21:41 │ INFO    │ pipeline.enrichment.founder_enricher │   Found founder: Yash Sinha (photo: yes)
09:21:41 │ INFO    │ httpx │ HTTP Request: POST http://127.0.0.1:11434/api/chat "HTTP/1.1 200 OK"
09:21:41 │ INFO    │ pipeline.enrichment.founder_enricher │   Found founder: Paulien Jeunesse (photo: yes)
09:21:41 │ INFO    │ pipeline.enrichment.founder_enricher │ Huscarl: extracted 2 founders
09:21:41 │ INFO    │ httpx │ HTTP Request: POST http://127.0.0.1:11434/api/chat "HTTP/1.1 200 OK"
09:21:41 │ INFO    │ pipeline.enrichment.founder_enricher │   Found founder: Jalaj Shukla (photo: yes)
09:21:41 │ INFO    │ pipeline.enrichment.founder_enricher │ Intelligence Factory: extracted 2 founders
09:21:42 │ INFO    │ pipeline.enrichment.founder_enricher │ Arlo Industries: extracted 0 founders
09:21:43 │ INFO    │ httpx │ HTTP Request: POST http://127.0.0.1:11434/api/chat "HTTP/1.1 200 OK"
09:21:43 │ INFO    │ pipeline.enrichment.founder_enricher │   Found founder: Joshua Wang (photo: yes)
09:21:44 │ INFO    │ httpx │ HTTP Request: POST http://127.0.0.1:11434/api/chat "HTTP/1.1 200 OK"
09:21:44 │ INFO    │ pipeline.enrichment.founder_enricher │   Found founder: Sanmay Sarada (photo: yes)
09:21:44 │ INFO    │ pipeline.enrichment.founder_enricher │ Astraea: extracted 2 founders
09:21:44 │ INFO    │ httpx │ HTTP Request: POST http://127.0.0.1:11434/api/chat "HTTP/1.1 200 OK"
09:21:44 │ INFO    │ pipeline.enrichment.founder_enricher │   Found founder: Rihab Lajmi (photo: yes)
09:21:44 │ INFO    │ httpx │ HTTP Request: POST http://127.0.0.1:11434/api/chat "HTTP/1.1 200 OK"
09:21:44 │ INFO    │ pipeline.enrichment.founder_enricher │   Found founder: Naman Bansal (photo: yes)
09:21:45 │ INFO    │ httpx │ HTTP Request: POST http://127.0.0.1:11434/api/chat "HTTP/1.1 200 OK"
09:21:45 │ INFO    │ pipeline.enrichment.founder_enricher │   Found founder: Badis Zormati (photo: yes)
09:21:45 │ INFO    │ pipeline.enrichment.founder_enricher │ Asendia AI: extracted 2 founders
09:21:45 │ INFO    │ httpx │ HTTP Request: POST http://127.0.0.1:11434/api/chat "HTTP/1.1 200 OK"
09:21:45 │ INFO    │ pipeline.enrichment.founder_enricher │   Found founder: Shreyans Jain (photo: yes)
09:21:45 │ INFO    │ pipeline.enrichment.founder_enricher │ Manicule: extracted 2 founders
09:21:47 │ INFO    │ httpx │ HTTP Request: POST http://127.0.0.1:11434/api/chat "HTTP/1.1 200 OK"
09:21:47 │ INFO    │ pipeline.enrichment.founder_enricher │   Found founder: Manav Modi (photo: yes)
09:21:47 │ INFO    │ httpx │ HTTP Request: POST http://127.0.0.1:11434/api/chat "HTTP/1.1 200 OK"
09:21:47 │ INFO    │ pipeline.enrichment.founder_enricher │   Found founder: Meet Modi (photo: yes)
09:21:47 │ INFO    │ pipeline.enrichment.founder_enricher │ AgentPhone: extracted 2 founders
09:21:48 │ INFO    │ httpx │ HTTP Request: POST http://127.0.0.1:11434/api/chat "HTTP/1.1 200 OK"
09:21:48 │ INFO    │ pipeline.enrichment.founder_enricher │   Found founder: Gus Trigos (photo: yes)
09:21:48 │ INFO    │ httpx │ HTTP Request: POST http://127.0.0.1:11434/api/chat "HTTP/1.1 200 OK"
09:21:48 │ INFO    │ pipeline.enrichment.founder_enricher │   Found founder: Clint Burgess (photo: yes)
09:21:48 │ INFO    │ httpx │ HTTP Request: POST http://127.0.0.1:11434/api/chat "HTTP/1.1 200 OK"
09:21:48 │ INFO    │ pipeline.enrichment.founder_enricher │   Found founder: Carlos Volante (photo: yes)
09:21:48 │ INFO    │ pipeline.enrichment.founder_enricher │ Runtime: extracted 2 founders
09:21:48 │ INFO    │ httpx │ HTTP Request: POST http://127.0.0.1:11434/api/chat "HTTP/1.1 200 OK"
09:21:48 │ INFO    │ pipeline.enrichment.founder_enricher │   Found founder: Bhairav Mehta (photo: yes)
09:21:48 │ INFO    │ pipeline.enrichment.founder_enricher │ CharacterQuilt: extracted 2 founders
09:21:49 │ INFO    │ httpx │ HTTP Request: POST http://127.0.0.1:11434/api/chat "HTTP/1.1 200 OK"
09:21:49 │ INFO    │ pipeline.enrichment.founder_enricher │   Found founder: William Alexander (photo: yes)
09:21:49 │ INFO    │ httpx │ HTTP Request: POST http://127.0.0.1:11434/api/chat "HTTP/1.1 200 OK"
09:21:49 │ INFO    │ pipeline.enrichment.founder_enricher │   Found founder: Marshall Kools (photo: yes)
09:21:49 │ INFO    │ pipeline.enrichment.founder_enricher │ Arzana: extracted 2 founders
09:21:50 │ INFO    │ httpx │ HTTP Request: POST http://127.0.0.1:11434/api/chat "HTTP/1.1 200 OK"
09:21:50 │ INFO    │ pipeline.enrichment.founder_enricher │   Found founder: Ben Shafii (photo: yes)
09:21:50 │ INFO    │ pipeline.enrichment.founder_enricher │ OpenWork: extracted 1 founders
09:21:51 │ INFO    │ httpx │ HTTP Request: POST http://127.0.0.1:11434/api/chat "HTTP/1.1 200 OK"
09:21:51 │ INFO    │ pipeline.enrichment.founder_enricher │   Found founder: Stamatios Floratos (photo: yes)
09:21:51 │ INFO    │ httpx │ HTTP Request: POST http://127.0.0.1:11434/api/chat "HTTP/1.1 200 OK"
09:21:51 │ INFO    │ pipeline.enrichment.founder_enricher │   Found founder: Joseph Humphreys (photo: yes)
09:21:51 │ INFO    │ pipeline.enrichment.founder_enricher │ Eden Robotics: extracted 2 founders
09:21:52 │ INFO    │ httpx │ HTTP Request: POST http://127.0.0.1:11434/api/chat "HTTP/1.1 200 OK"
09:21:52 │ INFO    │ pipeline.enrichment.founder_enricher │   Found founder: Michael Belhassen (photo: yes)
09:21:52 │ INFO    │ pipeline.enrichment.founder_enricher │ ANORIA: extracted 1 founders
09:21:52 │ INFO    │ httpx │ HTTP Request: POST http://127.0.0.1:11434/api/chat "HTTP/1.1 200 OK"
09:21:52 │ INFO    │ pipeline.enrichment.founder_enricher │   Found founder: Sanat Mishra (photo: yes)
09:21:53 │ INFO    │ httpx │ HTTP Request: POST http://127.0.0.1:11434/api/chat "HTTP/1.1 200 OK"
09:21:53 │ INFO    │ pipeline.enrichment.founder_enricher │   Found founder: Parth Patwa (photo: yes)
09:21:53 │ INFO    │ pipeline.enrichment.founder_enricher │ BioStack Platforms: extracted 2 founders
09:21:54 │ INFO    │ httpx │ HTTP Request: POST http://127.0.0.1:11434/api/chat "HTTP/1.1 200 OK"
09:21:54 │ INFO    │ pipeline.enrichment.founder_enricher │   Found founder: Vikram Chennai (photo: yes)
09:21:54 │ INFO    │ pipeline.enrichment.founder_enricher │ Ardent: extracted 1 founders
09:21:54 │ INFO    │ httpx │ HTTP Request: POST http://127.0.0.1:11434/api/chat "HTTP/1.1 200 OK"
09:21:54 │ INFO    │ pipeline.enrichment.founder_enricher │   Found founder: Michael Hodara (photo: yes)
09:21:55 │ INFO    │ httpx │ HTTP Request: POST http://127.0.0.1:11434/api/chat "HTTP/1.1 200 OK"
09:21:55 │ INFO    │ pipeline.enrichment.founder_enricher │   Found founder: Jonny Dimond (photo: yes)
09:21:55 │ INFO    │ httpx │ HTTP Request: POST http://127.0.0.1:11434/api/chat "HTTP/1.1 200 OK"
09:21:55 │ INFO    │ pipeline.enrichment.founder_enricher │   Found founder: Jonathan Hassan (photo: yes)
09:21:55 │ INFO    │ pipeline.enrichment.founder_enricher │ Kuli: extracted 2 founders
09:21:55 │ INFO    │ httpx │ HTTP Request: POST http://127.0.0.1:11434/api/chat "HTTP/1.1 200 OK"
09:21:55 │ INFO    │ pipeline.enrichment.founder_enricher │   Found founder: Andrew Lee (photo: yes)
09:21:55 │ INFO    │ pipeline.enrichment.founder_enricher │ Tasklet: extracted 2 founders
09:21:56 │ INFO    │ httpx │ HTTP Request: POST http://127.0.0.1:11434/api/chat "HTTP/1.1 200 OK"
09:21:56 │ INFO    │ pipeline.enrichment.founder_enricher │   Found founder: George Kalligeros (photo: yes)
09:21:56 │ INFO    │ httpx │ HTTP Request: POST http://127.0.0.1:11434/api/chat "HTTP/1.1 200 OK"
09:21:56 │ INFO    │ pipeline.enrichment.founder_enricher │   Found founder: Dan Keene (photo: yes)
09:21:56 │ INFO    │ pipeline.enrichment.founder_enricher │ Aseon Labs: extracted 2 founders
09:21:57 │ INFO    │ httpx │ HTTP Request: POST http://127.0.0.1:11434/api/chat "HTTP/1.1 200 OK"
09:21:57 │ INFO    │ pipeline.enrichment.founder_enricher │   Found founder: Adi Singh (photo: yes)
09:21:57 │ INFO    │ httpx │ HTTP Request: POST http://127.0.0.1:11434/api/chat "HTTP/1.1 200 OK"
09:21:57 │ INFO    │ pipeline.enrichment.founder_enricher │   Found founder: Sven Myhre (photo: yes)
09:21:57 │ INFO    │ pipeline.enrichment.founder_enricher │ Ara: extracted 2 founders
09:21:57 │ INFO    │ httpx │ HTTP Request: POST http://127.0.0.1:11434/api/chat "HTTP/1.1 200 OK"
09:21:57 │ INFO    │ pipeline.enrichment.founder_enricher │   Found founder: Faizaan Chishtie (photo: yes)
09:21:58 │ INFO    │ httpx │ HTTP Request: POST http://127.0.0.1:11434/api/chat "HTTP/1.1 200 OK"
09:21:58 │ INFO    │ pipeline.enrichment.founder_enricher │   Found founder: Saheed Akinbile (photo: yes)
09:21:58 │ INFO    │ pipeline.enrichment.founder_enricher │ Minicor: extracted 2 founders
09:21:58 │ INFO    │ httpx │ HTTP Request: POST http://127.0.0.1:11434/api/chat "HTTP/1.1 200 OK"
09:21:58 │ INFO    │ pipeline.enrichment.founder_enricher │   Found founder: Oscar Levy (photo: yes)
09:21:58 │ INFO    │ httpx │ HTTP Request: POST http://127.0.0.1:11434/api/chat "HTTP/1.1 200 OK"
09:21:58 │ INFO    │ pipeline.enrichment.founder_enricher │   Found founder: Antonin Parrot (photo: yes)
09:21:58 │ INFO    │ pipeline.enrichment.founder_enricher │ River Markets: extracted 2 founders
09:21:59 │ INFO    │ httpx │ HTTP Request: POST http://127.0.0.1:11434/api/chat "HTTP/1.1 200 OK"
09:21:59 │ INFO    │ pipeline.enrichment.founder_enricher │   Found founder: Gustav Bang (photo: yes)
09:21:59 │ INFO    │ httpx │ HTTP Request: POST http://127.0.0.1:11434/api/chat "HTTP/1.1 200 OK"
09:21:59 │ INFO    │ pipeline.enrichment.founder_enricher │   Found founder: Marc Kaa Brejner (photo: yes)
09:22:00 │ INFO    │ httpx │ HTTP Request: POST http://127.0.0.1:11434/api/chat "HTTP/1.1 200 OK"
09:22:00 │ INFO    │ pipeline.enrichment.founder_enricher │   Found founder: Tine Kühnel (photo: yes)
09:22:00 │ INFO    │ pipeline.enrichment.founder_enricher │ Complir: extracted 3 founders
09:22:00 │ INFO    │ httpx │ HTTP Request: POST http://127.0.0.1:11434/api/chat "HTTP/1.1 200 OK"
09:22:00 │ INFO    │ pipeline.enrichment.founder_enricher │   Found founder: Revanth Bodepudi (photo: yes)
09:22:01 │ INFO    │ httpx │ HTTP Request: POST http://127.0.0.1:11434/api/chat "HTTP/1.1 200 OK"
09:22:01 │ INFO    │ pipeline.enrichment.founder_enricher │   Found founder: Tri Vu (photo: yes)
09:22:01 │ INFO    │ httpx │ HTTP Request: POST http://127.0.0.1:11434/api/chat "HTTP/1.1 200 OK"
09:22:01 │ INFO    │ pipeline.enrichment.founder_enricher │   Found founder: Prerit Oberai (photo: yes)
09:22:01 │ INFO    │ pipeline.enrichment.founder_enricher │ Prototyping.io: extracted 2 founders
09:22:01 │ INFO    │ httpx │ HTTP Request: POST http://127.0.0.1:11434/api/chat "HTTP/1.1 200 OK"
09:22:01 │ INFO    │ pipeline.enrichment.founder_enricher │   Found founder: Luca Menozzi (photo: yes)
09:22:01 │ INFO    │ pipeline.enrichment.founder_enricher │ Lumius: extracted 2 founders
09:22:02 │ INFO    │ httpx │ HTTP Request: POST http://127.0.0.1:11434/api/chat "HTTP/1.1 200 OK"
09:22:02 │ INFO    │ pipeline.enrichment.founder_enricher │   Found founder: Efrain Torres (photo: yes)
09:22:02 │ INFO    │ httpx │ HTTP Request: POST http://127.0.0.1:11434/api/chat "HTTP/1.1 200 OK"
09:22:02 │ INFO    │ pipeline.enrichment.founder_enricher │   Found founder: Parker Jenkins (photo: yes)
09:22:02 │ INFO    │ pipeline.enrichment.founder_enricher │ Adialante: extracted 2 founders
09:22:03 │ INFO    │ httpx │ HTTP Request: POST http://127.0.0.1:11434/api/chat "HTTP/1.1 200 OK"
09:22:03 │ INFO    │ pipeline.enrichment.founder_enricher │   Found founder: Pierre-Eliott Lallemant (photo: yes)
09:22:04 │ INFO    │ httpx │ HTTP Request: POST http://127.0.0.1:11434/api/chat "HTTP/1.1 200 OK"
09:22:04 │ INFO    │ pipeline.enrichment.founder_enricher │   Found founder: Haithem Kchaou (photo: yes)
09:22:04 │ INFO    │ httpx │ HTTP Request: POST http://127.0.0.1:11434/api/chat "HTTP/1.1 200 OK"
09:22:04 │ INFO    │ pipeline.enrichment.founder_enricher │   Found founder: Romàn Czerny (photo: yes)
09:22:04 │ INFO    │ httpx │ HTTP Request: POST http://127.0.0.1:11434/api/chat "HTTP/1.1 200 OK"
09:22:04 │ INFO    │ pipeline.enrichment.founder_enricher │   Found founder: Chehir Dhaouadi (photo: yes)
09:22:04 │ INFO    │ pipeline.enrichment.founder_enricher │ Callab AI: extracted 2 founders
09:22:04 │ INFO    │ httpx │ HTTP Request: POST http://127.0.0.1:11434/api/chat "HTTP/1.1 200 OK"
09:22:04 │ INFO    │ pipeline.enrichment.founder_enricher │   Found founder: Dylan TEIXEIRA (photo: yes)
09:22:04 │ INFO    │ pipeline.enrichment.founder_enricher │ Gojiberry AI: extracted 3 founders
09:22:05 │ INFO    │ httpx │ HTTP Request: POST http://127.0.0.1:11434/api/chat "HTTP/1.1 200 OK"
09:22:05 │ INFO    │ pipeline.enrichment.founder_enricher │   Found founder: Ryan Xue (photo: yes)
09:22:05 │ INFO    │ httpx │ HTTP Request: POST http://127.0.0.1:11434/api/chat "HTTP/1.1 200 OK"
09:22:05 │ INFO    │ pipeline.enrichment.founder_enricher │   Found founder: David Lee (photo: yes)
09:22:05 │ INFO    │ httpx │ HTTP Request: POST http://127.0.0.1:11434/api/chat "HTTP/1.1 200 OK"
09:22:05 │ INFO    │ pipeline.enrichment.founder_enricher │   Found founder: Michael Lemm (photo: yes)
09:22:05 │ INFO    │ pipeline.enrichment.founder_enricher │ Andco: extracted 3 founders
09:22:07 │ INFO    │ httpx │ HTTP Request: POST http://127.0.0.1:11434/api/chat "HTTP/1.1 200 OK"
09:22:07 │ INFO    │ pipeline.enrichment.founder_enricher │   Found founder: Alexis Aftalion (photo: yes)
09:22:07 │ INFO    │ httpx │ HTTP Request: POST http://127.0.0.1:11434/api/chat "HTTP/1.1 200 OK"
09:22:07 │ INFO    │ pipeline.enrichment.founder_enricher │   Found founder: Jeremie Cohen (photo: yes)
09:22:07 │ INFO    │ pipeline.enrichment.founder_enricher │ KelAI: extracted 1 founders
09:22:07 │ INFO    │ httpx │ HTTP Request: POST http://127.0.0.1:11434/api/chat "HTTP/1.1 200 OK"
09:22:07 │ INFO    │ pipeline.enrichment.founder_enricher │   Found founder: Witold de La Chapelle (photo: yes)
09:22:07 │ INFO    │ pipeline.enrichment.founder_enricher │ Standout: extracted 2 founders
09:22:08 │ INFO    │ httpx │ HTTP Request: POST http://127.0.0.1:11434/api/chat "HTTP/1.1 200 OK"
09:22:08 │ INFO    │ pipeline.enrichment.founder_enricher │   Found founder: Marshall Gould (photo: yes)
09:22:08 │ INFO    │ httpx │ HTTP Request: POST http://127.0.0.1:11434/api/chat "HTTP/1.1 200 OK"
09:22:08 │ INFO    │ pipeline.enrichment.founder_enricher │   Found founder: Isaac Tolley (photo: yes)
09:22:08 │ INFO    │ pipeline.enrichment.founder_enricher │ Juno: extracted 2 founders
09:22:09 │ INFO    │ httpx │ HTTP Request: POST http://127.0.0.1:11434/api/chat "HTTP/1.1 200 OK"
09:22:09 │ INFO    │ pipeline.enrichment.founder_enricher │   Found founder: Pierre-Alexandre Kamienny (photo: yes)
09:22:09 │ INFO    │ httpx │ HTTP Request: POST http://127.0.0.1:11434/api/chat "HTTP/1.1 200 OK"
09:22:09 │ INFO    │ pipeline.enrichment.founder_enricher │   Found founder: Tim Sprecher (photo: yes)
09:22:10 │ INFO    │ httpx │ HTTP Request: POST http://127.0.0.1:11434/api/chat "HTTP/1.1 200 OK"
09:22:10 │ INFO    │ pipeline.enrichment.founder_enricher │   Found founder: Parth Ainampudi (photo: yes)
09:22:10 │ INFO    │ httpx │ HTTP Request: POST http://127.0.0.1:11434/api/chat "HTTP/1.1 200 OK"
09:22:10 │ INFO    │ pipeline.enrichment.founder_enricher │   Found founder: Armin Kiani (photo: yes)
09:22:10 │ INFO    │ pipeline.enrichment.founder_enricher │ Hub: extracted 2 founders
09:22:10 │ INFO    │ httpx │ HTTP Request: POST http://127.0.0.1:11434/api/chat "HTTP/1.1 200 OK"
09:22:10 │ INFO    │ pipeline.enrichment.founder_enricher │   Found founder: Corentin Hugot (photo: yes)
09:22:10 │ INFO    │ pipeline.enrichment.founder_enricher │ Kinro: extracted 3 founders
09:22:11 │ INFO    │ httpx │ HTTP Request: POST http://127.0.0.1:11434/api/chat "HTTP/1.1 200 OK"
09:22:11 │ INFO    │ pipeline.enrichment.founder_enricher │   Found founder: Julius Lipp (photo: yes)
09:22:11 │ INFO    │ pipeline.enrichment.founder_enricher │ The Company Company: extracted 1 founders
09:22:12 │ INFO    │ httpx │ HTTP Request: POST http://127.0.0.1:11434/api/chat "HTTP/1.1 200 OK"
09:22:12 │ INFO    │ pipeline.enrichment.founder_enricher │   Found founder: George Postlethwaite (photo: yes)
09:22:13 │ INFO    │ httpx │ HTTP Request: POST http://127.0.0.1:11434/api/chat "HTTP/1.1 200 OK"
09:22:13 │ INFO    │ pipeline.enrichment.founder_enricher │   Found founder: Fred Fooks (photo: yes)
09:22:13 │ INFO    │ pipeline.enrichment.founder_enricher │ Dayjob: extracted 2 founders
09:22:13 │ INFO    │ httpx │ HTTP Request: POST http://127.0.0.1:11434/api/chat "HTTP/1.1 200 OK"
09:22:13 │ INFO    │ pipeline.enrichment.founder_enricher │   Found founder: Noah Levy (photo: yes)
09:22:14 │ INFO    │ httpx │ HTTP Request: POST http://127.0.0.1:11434/api/chat "HTTP/1.1 200 OK"
09:22:14 │ INFO    │ pipeline.enrichment.founder_enricher │   Found founder: Andrew Kurtz (photo: yes)
09:22:14 │ INFO    │ pipeline.enrichment.founder_enricher │ Nine Fives: extracted 2 founders
09:22:14 │ INFO    │ httpx │ HTTP Request: POST http://127.0.0.1:11434/api/chat "HTTP/1.1 200 OK"
09:22:14 │ INFO    │ pipeline.enrichment.founder_enricher │   Found founder: Ben Ong (photo: yes)
09:22:14 │ INFO    │ httpx │ HTTP Request: POST http://127.0.0.1:11434/api/chat "HTTP/1.1 200 OK"
09:22:14 │ INFO    │ pipeline.enrichment.founder_enricher │   Found founder: Benedict Chan (photo: yes)
09:22:15 │ INFO    │ httpx │ HTTP Request: POST http://127.0.0.1:11434/api/chat "HTTP/1.1 200 OK"
09:22:15 │ INFO    │ pipeline.enrichment.founder_enricher │   Found founder: Heng Hong Lee (photo: yes)
09:22:15 │ INFO    │ pipeline.enrichment.founder_enricher │ Lightsprint: extracted 3 founders
09:22:16 │ INFO    │ httpx │ HTTP Request: POST http://127.0.0.1:11434/api/chat "HTTP/1.1 200 OK"
09:22:16 │ INFO    │ pipeline.enrichment.founder_enricher │   Found founder: Rishi Pankhaniya (photo: yes)
09:22:16 │ INFO    │ httpx │ HTTP Request: POST http://127.0.0.1:11434/api/chat "HTTP/1.1 200 OK"
09:22:16 │ INFO    │ pipeline.enrichment.founder_enricher │   Found founder: Sahil Goel (photo: yes)
09:22:16 │ INFO    │ pipeline.enrichment.founder_enricher │ Rudus: extracted 2 founders
09:22:17 │ INFO    │ httpx │ HTTP Request: POST http://127.0.0.1:11434/api/chat "HTTP/1.1 200 OK"
09:22:17 │ INFO    │ pipeline.enrichment.founder_enricher │   Found founder: Connor Loi (photo: yes)
09:22:17 │ INFO    │ httpx │ HTTP Request: POST http://127.0.0.1:11434/api/chat "HTTP/1.1 200 OK"
09:22:17 │ INFO    │ pipeline.enrichment.founder_enricher │   Found founder: Saai Arora (photo: yes)
09:22:17 │ INFO    │ pipeline.enrichment.founder_enricher │ Replicas: extracted 2 founders
09:22:17 │ INFO    │ httpx │ HTTP Request: POST http://127.0.0.1:11434/api/chat "HTTP/1.1 200 OK"
09:22:17 │ INFO    │ pipeline.enrichment.founder_enricher │   Found founder: Pravesh Mansharamani (photo: yes)
09:22:17 │ INFO    │ httpx │ HTTP Request: POST http://127.0.0.1:11434/api/chat "HTTP/1.1 200 OK"
09:22:17 │ INFO    │ pipeline.enrichment.founder_enricher │   Found founder: Eric Liu (photo: yes)
09:22:17 │ INFO    │ pipeline.enrichment.founder_enricher │ Totalis: extracted 2 founders
09:22:19 │ INFO    │ httpx │ HTTP Request: POST http://127.0.0.1:11434/api/chat "HTTP/1.1 200 OK"
09:22:19 │ INFO    │ pipeline.enrichment.founder_enricher │   Found founder: Seiji Yamamoto (photo: yes)
09:22:19 │ INFO    │ httpx │ HTTP Request: POST http://127.0.0.1:11434/api/chat "HTTP/1.1 200 OK"
09:22:19 │ INFO    │ pipeline.enrichment.founder_enricher │   Found founder: Peter Vajda (photo: yes)
09:22:19 │ INFO    │ pipeline.enrichment.founder_enricher │ PerfectBit, Inc.: extracted 2 founders
09:22:19 │ INFO    │ httpx │ HTTP Request: POST http://127.0.0.1:11434/api/chat "HTTP/1.1 200 OK"
09:22:19 │ INFO    │ pipeline.enrichment.founder_enricher │   Found founder: Ethan Byrd (photo: yes)
09:22:19 │ INFO    │ pipeline.enrichment.founder_enricher │ primitive: extracted 1 founders
09:22:20 │ INFO    │ httpx │ HTTP Request: POST http://127.0.0.1:11434/api/chat "HTTP/1.1 200 OK"
09:22:20 │ INFO    │ pipeline.enrichment.founder_enricher │   Found founder: Luke Button (photo: yes)
09:22:20 │ INFO    │ httpx │ HTTP Request: POST http://127.0.0.1:11434/api/chat "HTTP/1.1 200 OK"
09:22:20 │ INFO    │ pipeline.enrichment.founder_enricher │   Found founder: Luke Rosa (photo: yes)
09:22:20 │ INFO    │ pipeline.enrichment.founder_enricher │ Hedge: extracted 2 founders
09:22:21 │ INFO    │ httpx │ HTTP Request: POST http://127.0.0.1:11434/api/chat "HTTP/1.1 200 OK"
09:22:21 │ INFO    │ pipeline.enrichment.founder_enricher │   Found founder: Devi Jha (photo: yes)
09:22:22 │ INFO    │ httpx │ HTTP Request: POST http://127.0.0.1:11434/api/chat "HTTP/1.1 200 OK"
09:22:22 │ INFO    │ pipeline.enrichment.founder_enricher │   Found founder: Iqbol Temirkhojaev (photo: yes)
09:22:22 │ INFO    │ pipeline.enrichment.founder_enricher │ Wayco: extracted 1 founders
09:22:22 │ INFO    │ httpx │ HTTP Request: POST http://127.0.0.1:11434/api/chat "HTTP/1.1 200 OK"
09:22:22 │ INFO    │ pipeline.enrichment.founder_enricher │   Found founder: Jianna Liu (photo: yes)
09:22:22 │ INFO    │ pipeline.enrichment.founder_enricher │ Cardinal: extracted 2 founders
09:22:23 │ INFO    │ httpx │ HTTP Request: POST http://127.0.0.1:11434/api/chat "HTTP/1.1 200 OK"
09:22:23 │ INFO    │ pipeline.enrichment.founder_enricher │   Found founder: Payton Case (photo: yes)
09:22:23 │ INFO    │ httpx │ HTTP Request: POST http://127.0.0.1:11434/api/chat "HTTP/1.1 200 OK"
09:22:23 │ INFO    │ pipeline.enrichment.founder_enricher │   Found founder: Andrew Mello (photo: yes)
09:22:23 │ INFO    │ pipeline.enrichment.founder_enricher │ Dispatch: extracted 2 founders
09:22:24 │ INFO    │ httpx │ HTTP Request: POST http://127.0.0.1:11434/api/chat "HTTP/1.1 200 OK"
09:22:24 │ INFO    │ pipeline.enrichment.founder_enricher │   Found founder: Michael Baron (photo: yes)
09:22:24 │ INFO    │ pipeline.enrichment.founder_enricher │ Aurorin CAD: extracted 1 founders
09:22:24 │ INFO    │ httpx │ HTTP Request: POST http://127.0.0.1:11434/api/chat "HTTP/1.1 200 OK"
09:22:24 │ INFO    │ pipeline.enrichment.founder_enricher │   Found founder: Vlad Baskakov (photo: yes)
09:22:25 │ INFO    │ httpx │ HTTP Request: POST http://127.0.0.1:11434/api/chat "HTTP/1.1 200 OK"
09:22:25 │ INFO    │ pipeline.enrichment.founder_enricher │   Found founder: Yarik Markov (photo: yes)
09:22:25 │ INFO    │ pipeline.enrichment.founder_enricher │ VOYGR: extracted 2 founders
09:22:25 │ INFO    │ httpx │ HTTP Request: POST http://127.0.0.1:11434/api/chat "HTTP/1.1 200 OK"
09:22:25 │ INFO    │ pipeline.enrichment.founder_enricher │   Found founder: Nicolas Walker (photo: yes)
09:22:26 │ INFO    │ httpx │ HTTP Request: POST http://127.0.0.1:11434/api/chat "HTTP/1.1 200 OK"
09:22:26 │ INFO    │ pipeline.enrichment.founder_enricher │   Found founder: Gobhanu Sasankar Korisepati (photo: yes)
09:22:26 │ INFO    │ httpx │ HTTP Request: POST http://127.0.0.1:11434/api/chat "HTTP/1.1 200 OK"
09:22:26 │ INFO    │ pipeline.enrichment.founder_enricher │   Found founder: Pranav Uppiliappan (photo: yes)
09:22:26 │ INFO    │ pipeline.enrichment.founder_enricher │ MochaCare: extracted 2 founders
09:22:26 │ INFO    │ httpx │ HTTP Request: POST http://127.0.0.1:11434/api/chat "HTTP/1.1 200 OK"
09:22:26 │ INFO    │ pipeline.enrichment.founder_enricher │   Found founder: Saatvik Suryajit Korisepati (photo: yes)
09:22:26 │ INFO    │ pipeline.enrichment.founder_enricher │ Vela: extracted 2 founders
09:22:27 │ INFO    │ httpx │ HTTP Request: POST http://127.0.0.1:11434/api/chat "HTTP/1.1 200 OK"
09:22:27 │ INFO    │ pipeline.enrichment.founder_enricher │   Found founder: Will Hall (photo: yes)
09:22:27 │ INFO    │ httpx │ HTTP Request: POST http://127.0.0.1:11434/api/chat "HTTP/1.1 200 OK"
09:22:27 │ INFO    │ pipeline.enrichment.founder_enricher │   Found founder: Arjun Saluja (photo: yes)
09:22:27 │ INFO    │ pipeline.enrichment.founder_enricher │ Booko: extracted 2 founders
09:22:28 │ INFO    │ httpx │ HTTP Request: POST http://127.0.0.1:11434/api/chat "HTTP/1.1 200 OK"
09:22:28 │ INFO    │ pipeline.enrichment.founder_enricher │   Found founder: Miranda Nover (photo: yes)
09:22:28 │ INFO    │ httpx │ HTTP Request: POST http://127.0.0.1:11434/api/chat "HTTP/1.1 200 OK"
09:22:28 │ INFO    │ pipeline.enrichment.founder_enricher │   Found founder: Ryan Walker (photo: yes)
09:22:29 │ INFO    │ httpx │ HTTP Request: POST http://127.0.0.1:11434/api/chat "HTTP/1.1 200 OK"
09:22:29 │ INFO    │ pipeline.enrichment.founder_enricher │   Found founder: Paul Schneider (photo: yes)
09:22:29 │ INFO    │ httpx │ HTTP Request: POST http://127.0.0.1:11434/api/chat "HTTP/1.1 200 OK"
09:22:29 │ INFO    │ pipeline.enrichment.founder_enricher │   Found founder: Javed Qadruddin (photo: yes)
09:22:29 │ INFO    │ pipeline.enrichment.founder_enricher │ General Legal: extracted 2 founders
09:22:29 │ INFO    │ httpx │ HTTP Request: POST http://127.0.0.1:11434/api/chat "HTTP/1.1 200 OK"
09:22:29 │ INFO    │ pipeline.enrichment.founder_enricher │   Found founder: Zac Valles (photo: yes)
09:22:29 │ INFO    │ pipeline.enrichment.founder_enricher │ Fort: extracted 3 founders
09:22:30 │ INFO    │ httpx │ HTTP Request: POST http://127.0.0.1:11434/api/chat "HTTP/1.1 200 OK"
09:22:30 │ INFO    │ pipeline.enrichment.founder_enricher │   Found founder: Mathias Løvring (photo: yes)
09:22:30 │ INFO    │ httpx │ HTTP Request: POST http://127.0.0.1:11434/api/chat "HTTP/1.1 200 OK"
09:22:30 │ INFO    │ pipeline.enrichment.founder_enricher │   Found founder: Gus Levinson (photo: yes)
09:22:31 │ INFO    │ httpx │ HTTP Request: POST http://127.0.0.1:11434/api/chat "HTTP/1.1 200 OK"
09:22:31 │ INFO    │ pipeline.enrichment.founder_enricher │   Found founder: Emil Munk (photo: yes)
09:22:31 │ INFO    │ pipeline.enrichment.founder_enricher │ Balance: extracted 3 founders
09:22:32 │ INFO    │ httpx │ HTTP Request: POST http://127.0.0.1:11434/api/chat "HTTP/1.1 200 OK"
09:22:32 │ INFO    │ pipeline.enrichment.founder_enricher │   Found founder: Kiet Ho (photo: yes)
09:22:32 │ INFO    │ httpx │ HTTP Request: POST http://127.0.0.1:11434/api/chat "HTTP/1.1 200 OK"
09:22:32 │ INFO    │ pipeline.enrichment.founder_enricher │   Found founder: Akash Pavan (photo: yes)
09:22:32 │ INFO    │ httpx │ HTTP Request: POST http://127.0.0.1:11434/api/chat "HTTP/1.1 200 OK"
09:22:32 │ INFO    │ pipeline.enrichment.founder_enricher │   Found founder: Satya Patel (photo: yes)
09:22:33 │ INFO    │ httpx │ HTTP Request: POST http://127.0.0.1:11434/api/chat "HTTP/1.1 200 OK"
09:22:33 │ INFO    │ pipeline.enrichment.founder_enricher │   Found founder: Sarman Aulakh (photo: yes)
09:22:33 │ INFO    │ pipeline.enrichment.founder_enricher │ Chasi: extracted 2 founders
09:22:33 │ INFO    │ httpx │ HTTP Request: POST http://127.0.0.1:11434/api/chat "HTTP/1.1 200 OK"
09:22:33 │ INFO    │ pipeline.enrichment.founder_enricher │   Found founder: Avi Peltz (photo: yes)
09:22:33 │ INFO    │ pipeline.enrichment.founder_enricher │ Superset: extracted 3 founders
09:22:33 │ INFO    │ httpx │ HTTP Request: POST http://127.0.0.1:11434/api/chat "HTTP/1.1 200 OK"
09:22:33 │ INFO    │ pipeline.enrichment.founder_enricher │   Found founder: Dylan Ma (photo: yes)
09:22:34 │ INFO    │ httpx │ HTTP Request: POST http://127.0.0.1:11434/api/chat "HTTP/1.1 200 OK"
09:22:34 │ INFO    │ pipeline.enrichment.founder_enricher │   Found founder: Naren Yenuganti (photo: yes)
09:22:34 │ INFO    │ pipeline.enrichment.founder_enricher │ Polymath: extracted 2 founders
09:22:35 │ INFO    │ httpx │ HTTP Request: POST http://127.0.0.1:11434/api/chat "HTTP/1.1 200 OK"
09:22:35 │ INFO    │ pipeline.enrichment.founder_enricher │   Found founder: Akshay Narisetti (photo: yes)
09:22:36 │ INFO    │ httpx │ HTTP Request: POST http://127.0.0.1:11434/api/chat "HTTP/1.1 200 OK"
09:22:36 │ INFO    │ pipeline.enrichment.founder_enricher │   Found founder: Gabriel Dymowski (photo: yes)
09:22:36 │ INFO    │ pipeline.enrichment.founder_enricher │ Pocket: extracted 2 founders
09:22:36 │ INFO    │ httpx │ HTTP Request: POST http://127.0.0.1:11434/api/chat "HTTP/1.1 200 OK"
09:22:36 │ INFO    │ pipeline.enrichment.founder_enricher │   Found founder: Kartik Sawhney (photo: yes)
09:22:36 │ INFO    │ httpx │ HTTP Request: POST http://127.0.0.1:11434/api/chat "HTTP/1.1 200 OK"
09:22:36 │ INFO    │ pipeline.enrichment.founder_enricher │   Found founder: Vineeth Kumar (photo: yes)
09:22:37 │ INFO    │ httpx │ HTTP Request: POST http://127.0.0.1:11434/api/chat "HTTP/1.1 200 OK"
09:22:37 │ INFO    │ pipeline.enrichment.founder_enricher │   Found founder: Raj Patel (photo: yes)
09:22:37 │ INFO    │ httpx │ HTTP Request: POST http://127.0.0.1:11434/api/chat "HTTP/1.1 200 OK"
09:22:37 │ INFO    │ pipeline.enrichment.founder_enricher │   Found founder: Shakul Raj Sonker (photo: yes)
09:22:37 │ INFO    │ pipeline.enrichment.founder_enricher │ Samora AI: extracted 3 founders
09:22:37 │ INFO    │ httpx │ HTTP Request: POST http://127.0.0.1:11434/api/chat "HTTP/1.1 200 OK"
09:22:37 │ INFO    │ pipeline.enrichment.founder_enricher │   Found founder: Rushil Agarwal (photo: yes)
09:22:37 │ INFO    │ httpx │ HTTP Request: POST http://127.0.0.1:11434/api/chat "HTTP/1.1 200 OK"
09:22:37 │ INFO    │ pipeline.enrichment.founder_enricher │   Found founder: Samay Maini (photo: yes)
09:22:38 │ INFO    │ httpx │ HTTP Request: POST http://127.0.0.1:11434/api/chat "HTTP/1.1 200 OK"
09:22:38 │ INFO    │ pipeline.enrichment.founder_enricher │   Found founder: Shloke Patel (photo: yes)
09:22:38 │ INFO    │ pipeline.enrichment.founder_enricher │ Human Archive: extracted 4 founders
09:22:39 │ INFO    │ httpx │ HTTP Request: POST http://127.0.0.1:11434/api/chat "HTTP/1.1 200 OK"
09:22:39 │ INFO    │ pipeline.enrichment.founder_enricher │   Found founder: Jochen Madler (photo: yes)
09:22:39 │ INFO    │ httpx │ HTTP Request: POST http://127.0.0.1:11434/api/chat "HTTP/1.1 200 OK"
09:22:39 │ INFO    │ pipeline.enrichment.founder_enricher │   Found founder: Vincent Jeltsch (photo: yes)
09:22:39 │ INFO    │ pipeline.enrichment.founder_enricher │ Sitefire: extracted 2 founders
09:22:40 │ INFO    │ httpx │ HTTP Request: POST http://127.0.0.1:11434/api/chat "HTTP/1.1 200 OK"
09:22:40 │ INFO    │ pipeline.enrichment.founder_enricher │   Found founder: Russell Smith (photo: yes)
09:22:40 │ INFO    │ httpx │ HTTP Request: POST http://127.0.0.1:11434/api/chat "HTTP/1.1 200 OK"
09:22:40 │ INFO    │ pipeline.enrichment.founder_enricher │   Found founder: Zaki GW (photo: yes)
09:22:40 │ INFO    │ httpx │ HTTP Request: POST http://127.0.0.1:11434/api/chat "HTTP/1.1 200 OK"
09:22:40 │ INFO    │ pipeline.enrichment.founder_enricher │   Found founder: Roman Khomenko (photo: yes)
09:22:41 │ INFO    │ httpx │ HTTP Request: POST http://127.0.0.1:11434/api/chat "HTTP/1.1 200 OK"
09:22:41 │ INFO    │ pipeline.enrichment.founder_enricher │   Found founder: Hanbo Xie (photo: yes)
09:22:41 │ INFO    │ pipeline.enrichment.founder_enricher │ Revion: extracted 2 founders
09:22:41 │ INFO    │ httpx │ HTTP Request: POST http://127.0.0.1:11434/api/chat "HTTP/1.1 200 OK"
09:22:41 │ INFO    │ pipeline.enrichment.founder_enricher │   Found founder: Bogdan Pyzh (photo: yes)
09:22:41 │ INFO    │ pipeline.enrichment.founder_enricher │ 9 Mothers: extracted 3 founders
09:22:42 │ INFO    │ httpx │ HTTP Request: POST http://127.0.0.1:11434/api/chat "HTTP/1.1 200 OK"
09:22:42 │ INFO    │ pipeline.enrichment.founder_enricher │   Found founder: Drake Goodman (photo: yes)
09:22:42 │ INFO    │ httpx │ HTTP Request: POST http://127.0.0.1:11434/api/chat "HTTP/1.1 200 OK"
09:22:42 │ INFO    │ pipeline.enrichment.founder_enricher │   Found founder: Kent Goodman (photo: yes)
09:22:42 │ INFO    │ httpx │ HTTP Request: POST http://127.0.0.1:11434/api/chat "HTTP/1.1 200 OK"
09:22:42 │ INFO    │ pipeline.enrichment.founder_enricher │   Found founder: Esteban Vizcaino (photo: yes)
09:22:42 │ INFO    │ pipeline.enrichment.founder_enricher │ Maywood: extracted 3 founders
09:22:43 │ INFO    │ httpx │ HTTP Request: POST http://127.0.0.1:11434/api/chat "HTTP/1.1 200 OK"
09:22:43 │ INFO    │ pipeline.enrichment.founder_enricher │   Found founder: Charu Sharma (photo: yes)
09:22:44 │ INFO    │ httpx │ HTTP Request: POST http://127.0.0.1:11434/api/chat "HTTP/1.1 200 OK"
09:22:44 │ INFO    │ pipeline.enrichment.founder_enricher │   Found founder: Matthew Le Maitre (photo: yes)
09:22:44 │ INFO    │ httpx │ HTTP Request: POST http://127.0.0.1:11434/api/chat "HTTP/1.1 200 OK"
09:22:44 │ INFO    │ pipeline.enrichment.founder_enricher │   Found founder: Michael M (photo: yes)
09:22:44 │ INFO    │ pipeline.enrichment.founder_enricher │ Fenrock AI: extracted 2 founders
09:22:44 │ INFO    │ httpx │ HTTP Request: POST http://127.0.0.1:11434/api/chat "HTTP/1.1 200 OK"
09:22:44 │ INFO    │ pipeline.enrichment.founder_enricher │   Found founder: Alexander Le Maitre (photo: yes)
09:22:44 │ INFO    │ pipeline.enrichment.founder_enricher │ Seeing Systems: extracted 2 founders
09:22:45 │ INFO    │ httpx │ HTTP Request: POST http://127.0.0.1:11434/api/chat "HTTP/1.1 200 OK"
09:22:45 │ INFO    │ pipeline.enrichment.founder_enricher │   Found founder: Shoya Matsumori (photo: yes)
09:22:45 │ INFO    │ httpx │ HTTP Request: POST http://127.0.0.1:11434/api/chat "HTTP/1.1 200 OK"
09:22:45 │ INFO    │ pipeline.enrichment.founder_enricher │   Found founder: Takuya Norisugi (photo: yes)
09:22:45 │ INFO    │ pipeline.enrichment.founder_enricher │ Jinba: extracted 2 founders
09:22:46 │ INFO    │ httpx │ HTTP Request: POST http://127.0.0.1:11434/api/chat "HTTP/1.1 200 OK"
09:22:46 │ INFO    │ pipeline.enrichment.founder_enricher │   Found founder: Saksham Aggarwal (photo: yes)
09:22:47 │ INFO    │ httpx │ HTTP Request: POST http://127.0.0.1:11434/api/chat "HTTP/1.1 200 OK"
09:22:47 │ INFO    │ pipeline.enrichment.founder_enricher │   Found founder: Ishan Sharma (photo: yes)
09:22:47 │ INFO    │ pipeline.enrichment.founder_enricher │ Cardboard: extracted 2 founders
09:22:47 │ INFO    │ httpx │ HTTP Request: POST http://127.0.0.1:11434/api/chat "HTTP/1.1 200 OK"
09:22:47 │ INFO    │ pipeline.enrichment.founder_enricher │   Found founder: Chetan Mishra (photo: yes)
09:22:47 │ INFO    │ pipeline.enrichment.founder_enricher │ Rhizome AI: extracted 1 founders
09:22:48 │ INFO    │ httpx │ HTTP Request: POST http://127.0.0.1:11434/api/chat "HTTP/1.1 200 OK"
09:22:48 │ INFO    │ pipeline.enrichment.founder_enricher │   Found founder: Eli Bullock-Papa (photo: yes)
09:22:48 │ INFO    │ httpx │ HTTP Request: POST http://127.0.0.1:11434/api/chat "HTTP/1.1 200 OK"
09:22:48 │ INFO    │ pipeline.enrichment.founder_enricher │   Found founder: Ryan Zhang (photo: yes)
09:22:48 │ INFO    │ pipeline.enrichment.founder_enricher │ Pax Historia: extracted 2 founders
09:22:49 │ INFO    │ httpx │ HTTP Request: POST http://127.0.0.1:11434/api/chat "HTTP/1.1 200 OK"
09:22:49 │ INFO    │ pipeline.enrichment.founder_enricher │   Found founder: Ahmad Khan (photo: yes)
09:22:49 │ INFO    │ httpx │ HTTP Request: POST http://127.0.0.1:11434/api/chat "HTTP/1.1 200 OK"
09:22:49 │ INFO    │ pipeline.enrichment.founder_enricher │   Found founder: Huzaifa Ahmad (photo: yes)
09:22:49 │ INFO    │ httpx │ HTTP Request: POST http://127.0.0.1:11434/api/chat "HTTP/1.1 200 OK"
09:22:49 │ INFO    │ pipeline.enrichment.founder_enricher │   Found founder: Prama Yudhistira (photo: yes)
09:22:49 │ INFO    │ pipeline.enrichment.founder_enricher │ Parameter (fka Hex Security): extracted 3 founders
09:22:50 │ INFO    │ httpx │ HTTP Request: POST http://127.0.0.1:11434/api/chat "HTTP/1.1 200 OK"
09:22:50 │ INFO    │ pipeline.enrichment.founder_enricher │   Found founder: Wye Yew Ho (photo: yes)
09:22:50 │ INFO    │ httpx │ HTTP Request: POST http://127.0.0.1:11434/api/chat "HTTP/1.1 200 OK"
09:22:50 │ INFO    │ pipeline.enrichment.founder_enricher │   Found founder: Zi Zhang (photo: yes)
09:22:50 │ INFO    │ pipeline.enrichment.founder_enricher │ Proximitty: extracted 2 founders
09:22:50 │ INFO    │ httpx │ HTTP Request: POST http://127.0.0.1:11434/api/chat "HTTP/1.1 200 OK"
09:22:50 │ INFO    │ pipeline.enrichment.founder_enricher │   Found founder: Oskar Block (photo: yes)
09:22:51 │ INFO    │ httpx │ HTTP Request: POST http://127.0.0.1:11434/api/chat "HTTP/1.1 200 OK"
09:22:51 │ INFO    │ pipeline.enrichment.founder_enricher │   Found founder: Oscar Adamsson (photo: yes)
09:22:51 │ INFO    │ httpx │ HTTP Request: POST http://127.0.0.1:11434/api/chat "HTTP/1.1 200 OK"
09:22:51 │ INFO    │ pipeline.enrichment.founder_enricher │   Found founder: Tobias Estreen (photo: yes)
09:22:52 │ INFO    │ httpx │ HTTP Request: POST http://127.0.0.1:11434/api/chat "HTTP/1.1 200 OK"
09:22:52 │ INFO    │ pipeline.enrichment.founder_enricher │   Found founder: Petrus Werner (photo: yes)
09:22:52 │ INFO    │ pipeline.enrichment.founder_enricher │ Stilta: extracted 4 founders
09:22:52 │ INFO    │ httpx │ HTTP Request: POST http://127.0.0.1:11434/api/chat "HTTP/1.1 200 OK"
09:22:52 │ INFO    │ pipeline.enrichment.founder_enricher │   Found founder: Jade Checlair (photo: yes)
09:22:53 │ INFO    │ httpx │ HTTP Request: POST http://127.0.0.1:11434/api/chat "HTTP/1.1 200 OK"
09:22:53 │ INFO    │ pipeline.enrichment.founder_enricher │   Found founder: Leeav Lipton (photo: yes)
09:22:53 │ INFO    │ pipeline.enrichment.founder_enricher │ Terranox AI: extracted 2 founders
09:22:53 │ INFO    │ httpx │ HTTP Request: POST http://127.0.0.1:11434/api/chat "HTTP/1.1 200 OK"
09:22:53 │ INFO    │ pipeline.enrichment.founder_enricher │   Found founder: Swen Koller (photo: yes)
09:22:54 │ INFO    │ httpx │ HTTP Request: POST http://127.0.0.1:11434/api/chat "HTTP/1.1 200 OK"
09:22:54 │ INFO    │ pipeline.enrichment.founder_enricher │   Found founder: Jack Collins (photo: yes)
09:22:54 │ INFO    │ pipeline.enrichment.founder_enricher │ Ventura: extracted 2 founders
09:22:54 │ INFO    │ httpx │ HTTP Request: POST http://127.0.0.1:11434/api/chat "HTTP/1.1 200 OK"
09:22:54 │ INFO    │ pipeline.enrichment.founder_enricher │   Found founder: Ai Daniil Bekirov (photo: yes)
09:22:54 │ INFO    │ pipeline.enrichment.founder_enricher │ Sparkles: extracted 1 founders
09:22:55 │ INFO    │ httpx │ HTTP Request: POST http://127.0.0.1:11434/api/chat "HTTP/1.1 200 OK"
09:22:55 │ INFO    │ pipeline.enrichment.founder_enricher │   Found founder: Vedant Singh (photo: yes)
09:22:55 │ INFO    │ pipeline.enrichment.founder_enricher │ Salus: extracted 1 founders
09:22:56 │ INFO    │ httpx │ HTTP Request: POST http://127.0.0.1:11434/api/chat "HTTP/1.1 200 OK"
09:22:56 │ INFO    │ pipeline.enrichment.founder_enricher │   Found founder: Pamir Ehsas (photo: yes)
09:22:56 │ INFO    │ httpx │ HTTP Request: POST http://127.0.0.1:11434/api/chat "HTTP/1.1 200 OK"
09:22:56 │ INFO    │ pipeline.enrichment.founder_enricher │   Found founder: Stefan Mandaric (photo: yes)
09:22:56 │ INFO    │ pipeline.enrichment.founder_enricher │ Moritz: extracted 2 founders
09:22:57 │ INFO    │ httpx │ HTTP Request: POST http://127.0.0.1:11434/api/chat "HTTP/1.1 200 OK"
09:22:57 │ INFO    │ pipeline.enrichment.founder_enricher │   Found founder: Shourya Vir Jain (photo: yes)
09:22:57 │ INFO    │ httpx │ HTTP Request: POST http://127.0.0.1:11434/api/chat "HTTP/1.1 200 OK"
09:22:57 │ INFO    │ pipeline.enrichment.founder_enricher │   Found founder: Richard Zhou (photo: yes)
09:22:57 │ INFO    │ httpx │ HTTP Request: POST http://127.0.0.1:11434/api/chat "HTTP/1.1 200 OK"
09:22:57 │ INFO    │ pipeline.enrichment.founder_enricher │   Found founder: Vansh Ramani (photo: yes)
09:22:57 │ INFO    │ pipeline.enrichment.founder_enricher │ RamAIn: extracted 2 founders
09:22:58 │ INFO    │ httpx │ HTTP Request: POST http://127.0.0.1:11434/api/chat "HTTP/1.1 200 OK"
09:22:58 │ INFO    │ pipeline.enrichment.founder_enricher │   Found founder: Ray Xu (photo: yes)
09:22:58 │ INFO    │ pipeline.enrichment.founder_enricher │ Aemon: extracted 2 founders
09:22:58 │ INFO    │ httpx │ HTTP Request: POST http://127.0.0.1:11434/api/chat "HTTP/1.1 200 OK"
09:22:58 │ INFO    │ pipeline.enrichment.founder_enricher │   Found founder: George Zhai (photo: yes)
09:22:58 │ INFO    │ pipeline.enrichment.founder_enricher │ AutoSitu: extracted 1 founders
09:23:00 │ INFO    │ httpx │ HTTP Request: POST http://127.0.0.1:11434/api/chat "HTTP/1.1 200 OK"
09:23:00 │ INFO    │ pipeline.enrichment.founder_enricher │   Found founder: Veer Shah (photo: yes)
09:23:00 │ INFO    │ pipeline.enrichment.founder_enricher │ Cumulus Labs: extracted 1 founders
09:23:00 │ INFO    │ httpx │ HTTP Request: POST http://127.0.0.1:11434/api/chat "HTTP/1.1 200 OK"
09:23:00 │ INFO    │ pipeline.enrichment.founder_enricher │   Found founder: Ali Khalatpour (photo: yes)
09:23:01 │ INFO    │ httpx │ HTTP Request: POST http://127.0.0.1:11434/api/chat "HTTP/1.1 200 OK"
09:23:01 │ INFO    │ pipeline.enrichment.founder_enricher │   Found founder: Keyvan Moghadam (photo: yes)
09:23:01 │ INFO    │ pipeline.enrichment.founder_enricher │ Piris Labs: extracted 2 founders
09:23:01 │ INFO    │ httpx │ HTTP Request: POST http://127.0.0.1:11434/api/chat "HTTP/1.1 200 OK"
09:23:01 │ INFO    │ pipeline.enrichment.founder_enricher │   Found founder: David van Dijk (photo: yes)
09:23:02 │ INFO    │ httpx │ HTTP Request: POST http://127.0.0.1:11434/api/chat "HTTP/1.1 200 OK"
09:23:02 │ INFO    │ pipeline.enrichment.founder_enricher │   Found founder: Ivan Vrkic (photo: yes)
09:23:02 │ INFO    │ pipeline.enrichment.founder_enricher │ CellType: extracted 2 founders
09:23:02 │ INFO    │ httpx │ HTTP Request: POST http://127.0.0.1:11434/api/chat "HTTP/1.1 200 OK"
09:23:02 │ INFO    │ pipeline.enrichment.founder_enricher │   Found founder: David Roberts (photo: yes)
09:23:03 │ INFO    │ httpx │ HTTP Request: POST http://127.0.0.1:11434/api/chat "HTTP/1.1 200 OK"
09:23:03 │ INFO    │ pipeline.enrichment.founder_enricher │   Found founder: Andrew Reiter (photo: yes)
09:23:04 │ INFO    │ httpx │ HTTP Request: POST http://127.0.0.1:11434/api/chat "HTTP/1.1 200 OK"
09:23:04 │ INFO    │ pipeline.enrichment.founder_enricher │   Found founder: Vishnu Tejus (photo: yes)
09:23:04 │ INFO    │ pipeline.enrichment.founder_enricher │ 10x Science: extracted 3 founders
09:23:04 │ INFO    │ httpx │ HTTP Request: POST http://127.0.0.1:11434/api/chat "HTTP/1.1 200 OK"
09:23:04 │ INFO    │ pipeline.enrichment.founder_enricher │   Found founder: Lyem Ningthou (photo: yes)
09:23:04 │ INFO    │ pipeline.enrichment.founder_enricher │ Asimov: extracted 1 founders
09:23:05 │ INFO    │ httpx │ HTTP Request: POST http://127.0.0.1:11434/api/chat "HTTP/1.1 200 OK"
09:23:05 │ INFO    │ pipeline.enrichment.founder_enricher │   Found founder: Caleb Chan (photo: yes)
09:23:05 │ INFO    │ httpx │ HTTP Request: POST http://127.0.0.1:11434/api/chat "HTTP/1.1 200 OK"
09:23:05 │ INFO    │ pipeline.enrichment.founder_enricher │   Found founder: Gavin Brennen (photo: yes)
09:23:05 │ INFO    │ httpx │ HTTP Request: POST http://127.0.0.1:11434/api/chat "HTTP/1.1 200 OK"
09:23:06 │ INFO    │ pipeline.enrichment.founder_enricher │   Found founder: Gatik Trivedi (photo: yes)
09:23:06 │ INFO    │ pipeline.enrichment.founder_enricher │ Lance: extracted 3 founders
09:23:07 │ INFO    │ httpx │ HTTP Request: POST http://127.0.0.1:11434/api/chat "HTTP/1.1 200 OK"
09:23:07 │ INFO    │ pipeline.enrichment.founder_enricher │   Found founder: Meng Fei Shen (photo: yes)
09:23:07 │ INFO    │ httpx │ HTTP Request: POST http://127.0.0.1:11434/api/chat "HTTP/1.1 200 OK"
09:23:07 │ INFO    │ pipeline.enrichment.founder_enricher │   Found founder: Sanchit Monga (photo: yes)
09:23:07 │ INFO    │ httpx │ HTTP Request: POST http://127.0.0.1:11434/api/chat "HTTP/1.1 200 OK"
09:23:07 │ INFO    │ pipeline.enrichment.founder_enricher │   Found founder: Christina Huang (photo: yes)
09:23:07 │ INFO    │ pipeline.enrichment.founder_enricher │ Ruma Care: extracted 2 founders
09:23:08 │ INFO    │ httpx │ HTTP Request: POST http://127.0.0.1:11434/api/chat "HTTP/1.1 200 OK"
09:23:08 │ INFO    │ pipeline.enrichment.founder_enricher │   Found founder: Shubham Malhotra (photo: yes)
09:23:08 │ INFO    │ pipeline.enrichment.founder_enricher │ RunAnywhere: extracted 2 founders
09:23:09 │ INFO    │ httpx │ HTTP Request: POST http://127.0.0.1:11434/api/chat "HTTP/1.1 200 OK"
09:23:09 │ INFO    │ pipeline.enrichment.founder_enricher │   Found founder: Hemanth Sarabu (photo: yes)
09:23:09 │ INFO    │ httpx │ HTTP Request: POST http://127.0.0.1:11434/api/chat "HTTP/1.1 200 OK"
09:23:09 │ INFO    │ pipeline.enrichment.founder_enricher │   Found founder: Elton Shon (photo: yes)
09:23:09 │ INFO    │ pipeline.enrichment.founder_enricher │ One Robot: extracted 2 founders
09:23:09 │ INFO    │ httpx │ HTTP Request: POST http://127.0.0.1:11434/api/chat "HTTP/1.1 200 OK"
09:23:09 │ INFO    │ pipeline.enrichment.founder_enricher │   Found founder: Alberto Rosas (photo: yes)
09:23:10 │ INFO    │ httpx │ HTTP Request: POST http://127.0.0.1:11434/api/chat "HTTP/1.1 200 OK"
09:23:10 │ INFO    │ pipeline.enrichment.founder_enricher │   Found founder: Alejandro Rosas (photo: yes)
09:23:10 │ INFO    │ pipeline.enrichment.founder_enricher │ Didit: extracted 2 founders
09:23:10 │ INFO    │ httpx │ HTTP Request: POST http://127.0.0.1:11434/api/chat "HTTP/1.1 200 OK"
09:23:10 │ INFO    │ pipeline.enrichment.founder_enricher │   Found founder: Matin Tamizi (photo: yes)
09:23:10 │ INFO    │ pipeline.enrichment.founder_enricher │ Imperfect: extracted 1 founders
09:23:11 │ INFO    │ httpx │ HTTP Request: POST http://127.0.0.1:11434/api/chat "HTTP/1.1 200 OK"
09:23:11 │ INFO    │ pipeline.enrichment.founder_enricher │   Found founder: Aaron Chen (photo: yes)
09:23:11 │ INFO    │ httpx │ HTTP Request: POST http://127.0.0.1:11434/api/chat "HTTP/1.1 200 OK"
09:23:11 │ INFO    │ pipeline.enrichment.founder_enricher │   Found founder: He Song (photo: yes)
09:23:11 │ INFO    │ pipeline.enrichment.founder_enricher │ Payna: extracted 2 founders
09:23:12 │ INFO    │ httpx │ HTTP Request: POST http://127.0.0.1:11434/api/chat "HTTP/1.1 200 OK"
09:23:12 │ INFO    │ pipeline.enrichment.founder_enricher │   Found founder: George Favvas (photo: yes)
09:23:12 │ INFO    │ httpx │ HTTP Request: POST http://127.0.0.1:11434/api/chat "HTTP/1.1 200 OK"
09:23:12 │ INFO    │ pipeline.enrichment.founder_enricher │   Found founder: Zeeshan Ahmed (photo: yes)
09:23:13 │ INFO    │ httpx │ HTTP Request: POST http://127.0.0.1:11434/api/chat "HTTP/1.1 200 OK"
09:23:13 │ INFO    │ pipeline.enrichment.founder_enricher │   Found founder: Caitlin Swift (photo: yes)
09:23:13 │ INFO    │ pipeline.enrichment.founder_enricher │ Clara: extracted 3 founders
09:23:13 │ INFO    │ httpx │ HTTP Request: POST http://127.0.0.1:11434/api/chat "HTTP/1.1 200 OK"
09:23:13 │ INFO    │ pipeline.enrichment.founder_enricher │   Found founder: Bryant Chou (photo: yes)
09:23:13 │ INFO    │ pipeline.enrichment.founder_enricher │ Ploy: extracted 1 founders
09:23:14 │ INFO    │ httpx │ HTTP Request: POST http://127.0.0.1:11434/api/chat "HTTP/1.1 200 OK"
09:23:14 │ INFO    │ pipeline.enrichment.founder_enricher │   Found founder: Joseph Zhang (photo: yes)
09:23:14 │ INFO    │ httpx │ HTTP Request: POST http://127.0.0.1:11434/api/chat "HTTP/1.1 200 OK"
09:23:14 │ INFO    │ pipeline.enrichment.founder_enricher │   Found founder: Sophia Kim (photo: yes)
09:23:14 │ INFO    │ pipeline.enrichment.founder_enricher │ CatchBack Cards: extracted 2 founders
09:23:15 │ INFO    │ httpx │ HTTP Request: POST http://127.0.0.1:11434/api/chat "HTTP/1.1 200 OK"
09:23:15 │ INFO    │ pipeline.enrichment.founder_enricher │   Found founder: Georgia Witchel (photo: yes)
09:23:15 │ INFO    │ pipeline.enrichment.founder_enricher │ Mantis: extracted 1 founders
09:23:16 │ INFO    │ httpx │ HTTP Request: POST http://127.0.0.1:11434/api/chat "HTTP/1.1 200 OK"
09:23:16 │ INFO    │ pipeline.enrichment.founder_enricher │   Found founder: Andres Santanilla (photo: yes)
09:23:16 │ INFO    │ httpx │ HTTP Request: POST http://127.0.0.1:11434/api/chat "HTTP/1.1 200 OK"
09:23:16 │ INFO    │ pipeline.enrichment.founder_enricher │   Found founder: Akshay Guthal (photo: yes)
09:23:16 │ INFO    │ pipeline.enrichment.founder_enricher │ item: extracted 2 founders
09:23:17 │ INFO    │ httpx │ HTTP Request: POST http://127.0.0.1:11434/api/chat "HTTP/1.1 200 OK"
09:23:17 │ INFO    │ pipeline.enrichment.founder_enricher │   Found founder: Sri Raghu Malireddi (photo: yes)
09:23:17 │ INFO    │ httpx │ HTTP Request: POST http://127.0.0.1:11434/api/chat "HTTP/1.1 200 OK"
09:23:17 │ INFO    │ pipeline.enrichment.founder_enricher │   Found founder: Harsha Nalluru (photo: yes)
09:23:17 │ INFO    │ pipeline.enrichment.founder_enricher │ Moss: extracted 2 founders
09:23:17 │ INFO    │ httpx │ HTTP Request: POST http://127.0.0.1:11434/api/chat "HTTP/1.1 200 OK"
09:23:17 │ INFO    │ pipeline.enrichment.founder_enricher │   Found founder: Dominik Helmreich (photo: yes)
09:23:18 │ INFO    │ httpx │ HTTP Request: POST http://127.0.0.1:11434/api/chat "HTTP/1.1 200 OK"
09:23:18 │ INFO    │ pipeline.enrichment.founder_enricher │   Found founder: Oliver Knapp (photo: yes)
09:23:18 │ INFO    │ pipeline.enrichment.founder_enricher │ Clicks Health: extracted 2 founders
09:23:18 │ INFO    │ httpx │ HTTP Request: POST http://127.0.0.1:11434/api/chat "HTTP/1.1 200 OK"
09:23:18 │ INFO    │ pipeline.enrichment.founder_enricher │   Found founder: Mitch Duncombe (photo: yes)
09:23:19 │ INFO    │ httpx │ HTTP Request: POST http://127.0.0.1:11434/api/chat "HTTP/1.1 200 OK"
09:23:19 │ INFO    │ pipeline.enrichment.founder_enricher │   Found founder: Keenan Venuti (photo: yes)
09:23:19 │ INFO    │ pipeline.enrichment.founder_enricher │ Vector Legal: extracted 2 founders
09:23:20 │ INFO    │ httpx │ HTTP Request: POST http://127.0.0.1:11434/api/chat "HTTP/1.1 200 OK"
09:23:20 │ INFO    │ pipeline.enrichment.founder_enricher │   Found founder: Saad Jamal (photo: yes)
09:23:20 │ INFO    │ httpx │ HTTP Request: POST http://127.0.0.1:11434/api/chat "HTTP/1.1 200 OK"
09:23:20 │ INFO    │ pipeline.enrichment.founder_enricher │   Found founder: Abdullah Nauman (photo: yes)
09:23:20 │ INFO    │ pipeline.enrichment.founder_enricher │ Antigen: extracted 2 founders
09:23:20 │ INFO    │ httpx │ HTTP Request: POST http://127.0.0.1:11434/api/chat "HTTP/1.1 200 OK"
09:23:20 │ INFO    │ pipeline.enrichment.founder_enricher │   Found founder: Lucas Mantovani (photo: yes)
09:23:21 │ INFO    │ httpx │ HTTP Request: POST http://127.0.0.1:11434/api/chat "HTTP/1.1 200 OK"
09:23:21 │ INFO    │ pipeline.enrichment.founder_enricher │   Found founder: Lucas Tucker (photo: yes)
09:23:21 │ INFO    │ pipeline.enrichment.founder_enricher │ Velvet: extracted 2 founders
09:23:21 │ INFO    │ httpx │ HTTP Request: POST http://127.0.0.1:11434/api/chat "HTTP/1.1 200 OK"
09:23:21 │ INFO    │ pipeline.enrichment.founder_enricher │   Found founder: Frederik Hansen (photo: yes)
09:23:21 │ INFO    │ httpx │ HTTP Request: POST http://127.0.0.1:11434/api/chat "HTTP/1.1 200 OK"
09:23:21 │ INFO    │ pipeline.enrichment.founder_enricher │   Found founder: Soren Biltoft-Knudsen (photo: yes)
09:23:21 │ INFO    │ pipeline.enrichment.founder_enricher │ DiligenceSquared: extracted 2 founders
09:23:22 │ INFO    │ httpx │ HTTP Request: POST http://127.0.0.1:11434/api/chat "HTTP/1.1 200 OK"
09:23:22 │ INFO    │ pipeline.enrichment.founder_enricher │   Found founder: Ali Attar (photo: yes)
09:23:23 │ INFO    │ httpx │ HTTP Request: POST http://127.0.0.1:11434/api/chat "HTTP/1.1 200 OK"
09:23:23 │ INFO    │ pipeline.enrichment.founder_enricher │   Found founder: Stephan Koenigstorfer (photo: yes)
09:23:23 │ INFO    │ httpx │ HTTP Request: POST http://127.0.0.1:11434/api/chat "HTTP/1.1 200 OK"
09:23:23 │ INFO    │ pipeline.enrichment.founder_enricher │   Found founder: Stephan Wolski (photo: yes)
09:23:23 │ INFO    │ pipeline.enrichment.founder_enricher │ Lightberry: extracted 3 founders
09:23:24 │ INFO    │ httpx │ HTTP Request: POST http://127.0.0.1:11434/api/chat "HTTP/1.1 200 OK"
09:23:24 │ INFO    │ pipeline.enrichment.founder_enricher │   Found founder: Hudson Liao (photo: yes)
09:23:24 │ INFO    │ pipeline.enrichment.founder_enricher │ The Hog: extracted 1 founders
09:23:24 │ INFO    │ httpx │ HTTP Request: POST http://127.0.0.1:11434/api/chat "HTTP/1.1 200 OK"
09:23:24 │ INFO    │ pipeline.enrichment.founder_enricher │   Found founder: Santosh Vallabhaneni (photo: yes)
09:23:25 │ INFO    │ httpx │ HTTP Request: POST http://127.0.0.1:11434/api/chat "HTTP/1.1 200 OK"
09:23:25 │ INFO    │ pipeline.enrichment.founder_enricher │   Found founder: Tarun Vallabhaneni (photo: yes)
09:23:25 │ INFO    │ pipeline.enrichment.founder_enricher │ Rovi Health: extracted 2 founders
09:23:26 │ INFO    │ httpx │ HTTP Request: POST http://127.0.0.1:11434/api/chat "HTTP/1.1 200 OK"
09:23:26 │ INFO    │ pipeline.enrichment.founder_enricher │   Found founder: Bram Schork (photo: yes)
09:23:26 │ INFO    │ pipeline.enrichment.founder_enricher │ General Astronautics: extracted 1 founders
09:23:27 │ INFO    │ httpx │ HTTP Request: POST http://127.0.0.1:11434/api/chat "HTTP/1.1 200 OK"
09:23:27 │ INFO    │ pipeline.enrichment.founder_enricher │   Found founder: Chalmers Brown (photo: yes)
09:23:28 │ INFO    │ httpx │ HTTP Request: POST http://127.0.0.1:11434/api/chat "HTTP/1.1 200 OK"
09:23:28 │ INFO    │ pipeline.enrichment.founder_enricher │   Found founder: Shirsendu Halder (photo: yes)
09:23:29 │ INFO    │ httpx │ HTTP Request: POST http://127.0.0.1:11434/api/chat "HTTP/1.1 200 OK"
09:23:29 │ INFO    │ pipeline.enrichment.founder_enricher │   Found founder: Ben Brimacombe (photo: yes)
09:23:29 │ INFO    │ pipeline.enrichment.founder_enricher │ Exonic: extracted 1 founders
09:23:29 │ INFO    │ httpx │ HTTP Request: POST http://127.0.0.1:11434/api/chat "HTTP/1.1 200 OK"
09:23:29 │ INFO    │ pipeline.enrichment.founder_enricher │   Found founder: Zack Leman (photo: yes)
09:23:29 │ INFO    │ pipeline.enrichment.founder_enricher │ Jarmin: extracted 3 founders
09:23:30 │ INFO    │ httpx │ HTTP Request: POST http://127.0.0.1:11434/api/chat "HTTP/1.1 200 OK"
09:23:30 │ INFO    │ pipeline.enrichment.founder_enricher │   Found founder: Pablo Omenaca (photo: yes)
09:23:30 │ INFO    │ httpx │ HTTP Request: POST http://127.0.0.1:11434/api/chat "HTTP/1.1 200 OK"
09:23:30 │ INFO    │ pipeline.enrichment.founder_enricher │   Found founder: Toni Lopez (photo: yes)
09:23:30 │ INFO    │ pipeline.enrichment.founder_enricher │ Karumi: extracted 2 founders
09:23:31 │ INFO    │ httpx │ HTTP Request: POST http://127.0.0.1:11434/api/chat "HTTP/1.1 200 OK"
09:23:31 │ INFO    │ pipeline.enrichment.founder_enricher │   Found founder: Henry Kwan (photo: yes)
09:23:31 │ INFO    │ pipeline.enrichment.founder_enricher │ Icarus: extracted 1 founders
09:23:31 │ INFO    │ httpx │ HTTP Request: POST http://127.0.0.1:11434/api/chat "HTTP/1.1 200 OK"
09:23:31 │ INFO    │ pipeline.enrichment.founder_enricher │   Found founder: Nimit Maru (photo: yes)
09:23:32 │ INFO    │ httpx │ HTTP Request: POST http://127.0.0.1:11434/api/chat "HTTP/1.1 200 OK"
09:23:32 │ INFO    │ pipeline.enrichment.founder_enricher │   Found founder: Rush Sadiwala (photo: yes)
09:23:32 │ INFO    │ pipeline.enrichment.founder_enricher │ Sava: extracted 2 founders
09:23:33 │ INFO    │ httpx │ HTTP Request: POST http://127.0.0.1:11434/api/chat "HTTP/1.1 200 OK"
09:23:33 │ INFO    │ pipeline.enrichment.founder_enricher │   Found founder: Tobias Herber (photo: yes)
09:23:33 │ INFO    │ pipeline.enrichment.founder_enricher │ Metorial: extracted 1 founders
09:23:33 │ INFO    │ httpx │ HTTP Request: POST http://127.0.0.1:11434/api/chat "HTTP/1.1 200 OK"
09:23:33 │ INFO    │ pipeline.enrichment.founder_enricher │   Found founder: Prashant Shishodia (photo: yes)
09:23:34 │ INFO    │ httpx │ HTTP Request: POST http://127.0.0.1:11434/api/chat "HTTP/1.1 200 OK"
09:23:34 │ INFO    │ pipeline.enrichment.founder_enricher │   Found founder: Gautam Jha (photo: yes)
09:23:34 │ INFO    │ pipeline.enrichment.founder_enricher │ Kalpa Labs: extracted 2 founders
09:23:34 │ INFO    │ httpx │ HTTP Request: POST http://127.0.0.1:11434/api/chat "HTTP/1.1 200 OK"
09:23:34 │ INFO    │ pipeline.enrichment.founder_enricher │   Found founder: Lorcan O Cathain (photo: yes)
09:23:35 │ INFO    │ httpx │ HTTP Request: POST http://127.0.0.1:11434/api/chat "HTTP/1.1 200 OK"
09:23:35 │ INFO    │ pipeline.enrichment.founder_enricher │   Found founder: Michael Sukkarieh (photo: yes)
09:23:35 │ INFO    │ httpx │ HTTP Request: POST http://127.0.0.1:11434/api/chat "HTTP/1.1 200 OK"
09:23:35 │ INFO    │ pipeline.enrichment.founder_enricher │   Found founder: Stefan Kruger (photo: yes)
09:23:35 │ INFO    │ pipeline.enrichment.founder_enricher │ Lua Global Inc: extracted 2 founders
09:23:35 │ INFO    │ httpx │ HTTP Request: POST http://127.0.0.1:11434/api/chat "HTTP/1.1 200 OK"
09:23:35 │ INFO    │ pipeline.enrichment.founder_enricher │   Found founder: Brendan Kellam (photo: yes)
09:23:35 │ INFO    │ pipeline.enrichment.founder_enricher │ Sourcebot: extracted 2 founders
09:23:36 │ INFO    │ httpx │ HTTP Request: POST http://127.0.0.1:11434/api/chat "HTTP/1.1 200 OK"
09:23:36 │ INFO    │ pipeline.enrichment.founder_enricher │   Found founder: William Fairbairn (photo: yes)
09:23:36 │ INFO    │ httpx │ HTTP Request: POST http://127.0.0.1:11434/api/chat "HTTP/1.1 200 OK"
09:23:36 │ INFO    │ pipeline.enrichment.founder_enricher │   Found founder: Hung Hoang (photo: yes)
09:23:36 │ INFO    │ pipeline.enrichment.founder_enricher │ Zalos: extracted 2 founders
09:23:37 │ INFO    │ httpx │ HTTP Request: POST http://127.0.0.1:11434/api/chat "HTTP/1.1 200 OK"
09:23:37 │ INFO    │ pipeline.enrichment.founder_enricher │   Found founder: Jun Kim (photo: yes)
09:23:37 │ INFO    │ httpx │ HTTP Request: POST http://127.0.0.1:11434/api/chat "HTTP/1.1 200 OK"
09:23:37 │ INFO    │ pipeline.enrichment.founder_enricher │   Found founder: Chanhee Lee (photo: yes)
09:23:38 │ INFO    │ httpx │ HTTP Request: POST http://127.0.0.1:11434/api/chat "HTTP/1.1 200 OK"
09:23:38 │ INFO    │ pipeline.enrichment.founder_enricher │   Found founder: Sanghun Lee (photo: yes)
09:23:38 │ INFO    │ pipeline.enrichment.founder_enricher │ Aside: extracted 3 founders
09:23:38 │ INFO    │ httpx │ HTTP Request: POST http://127.0.0.1:11434/api/chat "HTTP/1.1 200 OK"
09:23:38 │ INFO    │ pipeline.enrichment.founder_enricher │   Found founder: David Maulick (photo: yes)
09:23:38 │ INFO    │ httpx │ HTTP Request: POST http://127.0.0.1:11434/api/chat "HTTP/1.1 200 OK"
09:23:38 │ INFO    │ pipeline.enrichment.founder_enricher │   Found founder: Devin Cintron (photo: yes)
09:23:38 │ INFO    │ pipeline.enrichment.founder_enricher │ Scott AI: extracted 2 founders
09:23:39 │ INFO    │ httpx │ HTTP Request: POST http://127.0.0.1:11434/api/chat "HTTP/1.1 200 OK"
09:23:39 │ INFO    │ pipeline.enrichment.founder_enricher │   Found founder: Sky Yang (photo: yes)
09:23:39 │ INFO    │ httpx │ HTTP Request: POST http://127.0.0.1:11434/api/chat "HTTP/1.1 200 OK"
09:23:39 │ INFO    │ pipeline.enrichment.founder_enricher │   Found founder: Neo Lee (photo: yes)
09:23:39 │ INFO    │ pipeline.enrichment.founder_enricher │ Imagine AI: extracted 2 founders
09:23:40 │ INFO    │ httpx │ HTTP Request: POST http://127.0.0.1:11434/api/chat "HTTP/1.1 200 OK"
09:23:40 │ INFO    │ pipeline.enrichment.founder_enricher │   Found founder: Ludovic Granger (photo: yes)
09:23:41 │ INFO    │ httpx │ HTTP Request: POST http://127.0.0.1:11434/api/chat "HTTP/1.1 200 OK"
09:23:41 │ INFO    │ pipeline.enrichment.founder_enricher │   Found founder: Milan Stankovic (photo: yes)
09:23:41 │ INFO    │ pipeline.enrichment.founder_enricher │ Leadbay: extracted 2 founders
09:23:41 │ INFO    │ httpx │ HTTP Request: POST http://127.0.0.1:11434/api/chat "HTTP/1.1 200 OK"
09:23:41 │ INFO    │ pipeline.enrichment.founder_enricher │   Found founder: Sergio Charles (photo: yes)
09:23:42 │ INFO    │ httpx │ HTTP Request: POST http://127.0.0.1:11434/api/chat "HTTP/1.1 200 OK"
09:23:42 │ INFO    │ pipeline.enrichment.founder_enricher │   Found founder: Luigi Charles (photo: yes)
09:23:42 │ INFO    │ pipeline.enrichment.founder_enricher │ Thesis: extracted 2 founders
09:23:42 │ INFO    │ httpx │ HTTP Request: POST http://127.0.0.1:11434/api/chat "HTTP/1.1 200 OK"
09:23:42 │ INFO    │ pipeline.enrichment.founder_enricher │   Found founder: Anas Bouassami (photo: yes)
09:23:43 │ INFO    │ httpx │ HTTP Request: POST http://127.0.0.1:11434/api/chat "HTTP/1.1 200 OK"
09:23:43 │ INFO    │ pipeline.enrichment.founder_enricher │   Found founder: Pierre-Habte Nouvellon (photo: yes)
09:23:43 │ INFO    │ pipeline.enrichment.founder_enricher │ Bravi: extracted 2 founders
09:23:43 │ INFO    │ httpx │ HTTP Request: POST http://127.0.0.1:11434/api/chat "HTTP/1.1 200 OK"
09:23:43 │ INFO    │ pipeline.enrichment.founder_enricher │   Found founder: Koby Conrad (photo: yes)
09:23:43 │ INFO    │ pipeline.enrichment.founder_enricher │ Sunflower: extracted 1 founders
09:23:45 │ INFO    │ httpx │ HTTP Request: POST http://127.0.0.1:11434/api/chat "HTTP/1.1 200 OK"
09:23:45 │ INFO    │ pipeline.enrichment.founder_enricher │   Found founder: Vivek Nair (photo: yes)
09:23:45 │ INFO    │ pipeline.enrichment.founder_enricher │ Multifactor: extracted 1 founders
09:23:45 │ INFO    │ httpx │ HTTP Request: POST http://127.0.0.1:11434/api/chat "HTTP/1.1 200 OK"
09:23:45 │ INFO    │ pipeline.enrichment.founder_enricher │   Found founder: Zhisen An (photo: yes)
09:23:45 │ INFO    │ httpx │ HTTP Request: POST http://127.0.0.1:11434/api/chat "HTTP/1.1 200 OK"
09:23:45 │ INFO    │ pipeline.enrichment.founder_enricher │   Found founder: Kai Cui (photo: yes)
09:23:46 │ INFO    │ httpx │ HTTP Request: POST http://127.0.0.1:11434/api/chat "HTTP/1.1 200 OK"
09:23:46 │ INFO    │ pipeline.enrichment.founder_enricher │   Found founder: Aman Mishra (photo: yes)
09:23:46 │ INFO    │ httpx │ HTTP Request: POST http://127.0.0.1:11434/api/chat "HTTP/1.1 200 OK"
09:23:46 │ INFO    │ pipeline.enrichment.founder_enricher │   Found founder: Shijie Wang (photo: yes)
09:23:46 │ INFO    │ pipeline.enrichment.founder_enricher │ Allus AI: extracted 3 founders
09:23:46 │ INFO    │ httpx │ HTTP Request: POST http://127.0.0.1:11434/api/chat "HTTP/1.1 200 OK"
09:23:46 │ INFO    │ pipeline.enrichment.founder_enricher │   Found founder: Adnan Abbas (photo: yes)
09:23:46 │ INFO    │ pipeline.enrichment.founder_enricher │ Unsiloed AI: extracted 2 founders
09:23:47 │ INFO    │ httpx │ HTTP Request: POST http://127.0.0.1:11434/api/chat "HTTP/1.1 200 OK"
09:23:47 │ INFO    │ pipeline.enrichment.founder_enricher │   Found founder: Ben Koska (photo: yes)
09:23:47 │ INFO    │ httpx │ HTTP Request: POST http://127.0.0.1:11434/api/chat "HTTP/1.1 200 OK"
09:23:47 │ INFO    │ pipeline.enrichment.founder_enricher │   Found founder: Luk Koska (photo: yes)
09:23:47 │ INFO    │ httpx │ HTTP Request: POST http://127.0.0.1:11434/api/chat "HTTP/1.1 200 OK"
09:23:47 │ INFO    │ pipeline.enrichment.founder_enricher │   Found founder: Tom Koska (photo: yes)
09:23:47 │ INFO    │ pipeline.enrichment.founder_enricher │ SF Tensor: extracted 3 founders
09:23:48 │ INFO    │ pipeline.enrichment.founder_enricher │ AnswerThis: extracted 0 founders
09:23:49 │ INFO    │ httpx │ HTTP Request: POST http://127.0.0.1:11434/api/chat "HTTP/1.1 200 OK"
09:23:49 │ INFO    │ pipeline.enrichment.founder_enricher │   Found founder: Jonathan Tyshler (photo: yes)
09:23:49 │ INFO    │ httpx │ HTTP Request: POST http://127.0.0.1:11434/api/chat "HTTP/1.1 200 OK"
09:23:49 │ INFO    │ pipeline.enrichment.founder_enricher │   Found founder: Ethan Boyers (photo: yes)
09:23:49 │ INFO    │ pipeline.enrichment.founder_enricher │ Semble AI: extracted 2 founders
09:23:50 │ INFO    │ httpx │ HTTP Request: POST http://127.0.0.1:11434/api/chat "HTTP/1.1 200 OK"
09:23:50 │ INFO    │ pipeline.enrichment.founder_enricher │   Found founder: Ray Wang (photo: yes)
09:23:50 │ INFO    │ httpx │ HTTP Request: POST http://127.0.0.1:11434/api/chat "HTTP/1.1 200 OK"
09:23:50 │ INFO    │ pipeline.enrichment.founder_enricher │   Found founder: Zoey Zhang (photo: yes)
09:23:50 │ INFO    │ pipeline.enrichment.founder_enricher │ Flick: extracted 2 founders
09:23:50 │ INFO    │ httpx │ HTTP Request: POST http://127.0.0.1:11434/api/chat "HTTP/1.1 200 OK"
09:23:50 │ INFO    │ pipeline.enrichment.founder_enricher │   Found founder: Jun Park (photo: yes)
09:23:50 │ INFO    │ pipeline.enrichment.founder_enricher │ hillclimb: extracted 1 founders
09:23:51 │ INFO    │ httpx │ HTTP Request: POST http://127.0.0.1:11434/api/chat "HTTP/1.1 200 OK"
09:23:51 │ INFO    │ pipeline.enrichment.founder_enricher │   Found founder: Oleg Kostour (photo: yes)
09:23:51 │ INFO    │ httpx │ HTTP Request: POST http://127.0.0.1:11434/api/chat "HTTP/1.1 200 OK"
09:23:51 │ INFO    │ pipeline.enrichment.founder_enricher │   Found founder: Aram Aghababyan (photo: yes)
09:23:52 │ INFO    │ httpx │ HTTP Request: POST http://127.0.0.1:11434/api/chat "HTTP/1.1 200 OK"
09:23:52 │ INFO    │ pipeline.enrichment.founder_enricher │   Found founder: Anton Krutiansky (photo: yes)
09:23:52 │ INFO    │ pipeline.enrichment.founder_enricher │ AtlasGrid: extracted 3 founders
09:23:52 │ INFO    │ httpx │ HTTP Request: POST http://127.0.0.1:11434/api/chat "HTTP/1.1 200 OK"
09:23:52 │ INFO    │ pipeline.enrichment.founder_enricher │   Found founder: Sebastian Fischer (photo: yes)
09:23:53 │ INFO    │ httpx │ HTTP Request: POST http://127.0.0.1:11434/api/chat "HTTP/1.1 200 OK"
09:23:53 │ INFO    │ pipeline.enrichment.founder_enricher │   Found founder: Tobias Fischer (photo: yes)
09:23:53 │ INFO    │ pipeline.enrichment.founder_enricher │ Wardstone: extracted 2 founders
09:23:53 │ INFO    │ httpx │ HTTP Request: POST http://127.0.0.1:11434/api/chat "HTTP/1.1 200 OK"
09:23:53 │ INFO    │ pipeline.enrichment.founder_enricher │   Found founder: Anna Zhang (photo: yes)
09:23:54 │ INFO    │ httpx │ HTTP Request: POST http://127.0.0.1:11434/api/chat "HTTP/1.1 200 OK"
09:23:54 │ INFO    │ pipeline.enrichment.founder_enricher │   Found founder: Tiger Wang (photo: yes)
09:23:54 │ INFO    │ pipeline.enrichment.founder_enricher │ Nessie: extracted 2 founders
09:23:54 │ INFO    │ httpx │ HTTP Request: POST http://127.0.0.1:11434/api/chat "HTTP/1.1 200 OK"
09:23:54 │ INFO    │ pipeline.enrichment.founder_enricher │   Found founder: Sai Gurrapu (photo: yes)
09:23:54 │ INFO    │ httpx │ HTTP Request: POST http://127.0.0.1:11434/api/chat "HTTP/1.1 200 OK"
09:23:54 │ INFO    │ pipeline.enrichment.founder_enricher │   Found founder: Aayush Naik (photo: yes)
09:23:54 │ INFO    │ pipeline.enrichment.founder_enricher │ Hypercubic: extracted 2 founders
09:23:55 │ INFO    │ httpx │ HTTP Request: POST http://127.0.0.1:11434/api/chat "HTTP/1.1 200 OK"
09:23:55 │ INFO    │ pipeline.enrichment.founder_enricher │   Found founder: Sean O'Bannon (photo: yes)
09:23:55 │ INFO    │ httpx │ HTTP Request: POST http://127.0.0.1:11434/api/chat "HTTP/1.1 200 OK"
09:23:55 │ INFO    │ pipeline.enrichment.founder_enricher │   Found founder: Max Minsker (photo: yes)
09:23:55 │ INFO    │ pipeline.enrichment.founder_enricher │ Cranston AI: extracted 2 founders
09:23:56 │ INFO    │ httpx │ HTTP Request: POST http://127.0.0.1:11434/api/chat "HTTP/1.1 200 OK"
09:23:56 │ INFO    │ pipeline.enrichment.founder_enricher │   Found founder: Abhimanyu Yadav (photo: yes)
09:23:56 │ INFO    │ httpx │ HTTP Request: POST http://127.0.0.1:11434/api/chat "HTTP/1.1 200 OK"
09:23:56 │ INFO    │ pipeline.enrichment.founder_enricher │   Found founder: Ritanshu Dokania (photo: yes)
09:23:56 │ INFO    │ pipeline.enrichment.founder_enricher │ Trelium: extracted 2 founders
09:23:57 │ INFO    │ httpx │ HTTP Request: POST http://127.0.0.1:11434/api/chat "HTTP/1.1 200 OK"
09:23:57 │ INFO    │ pipeline.enrichment.founder_enricher │   Found founder: Kevin Xie (photo: yes)
09:23:57 │ INFO    │ pipeline.enrichment.founder_enricher │ Soren: extracted 1 founders
09:23:57 │ INFO    │ httpx │ HTTP Request: POST http://127.0.0.1:11434/api/chat "HTTP/1.1 200 OK"
09:23:57 │ INFO    │ pipeline.enrichment.founder_enricher │   Found founder: Gauri Agarwal (photo: yes)
09:23:58 │ INFO    │ httpx │ HTTP Request: POST http://127.0.0.1:11434/api/chat "HTTP/1.1 200 OK"
09:23:58 │ INFO    │ pipeline.enrichment.founder_enricher │   Found founder: Mehul Agarwal (photo: yes)
09:23:58 │ INFO    │ pipeline.enrichment.founder_enricher │ Koyal: extracted 2 founders
09:23:59 │ INFO    │ httpx │ HTTP Request: POST http://127.0.0.1:11434/api/chat "HTTP/1.1 200 OK"
09:23:59 │ INFO    │ pipeline.enrichment.founder_enricher │   Found founder: Andy Lee (photo: yes)
09:23:59 │ INFO    │ httpx │ HTTP Request: POST http://127.0.0.1:11434/api/chat "HTTP/1.1 200 OK"
09:23:59 │ INFO    │ pipeline.enrichment.founder_enricher │   Found founder: Sri Somasundaram (photo: yes)
09:23:59 │ INFO    │ pipeline.enrichment.founder_enricher │ Deeptrace: extracted 2 founders
09:24:00 │ INFO    │ httpx │ HTTP Request: POST http://127.0.0.1:11434/api/chat "HTTP/1.1 200 OK"
09:24:00 │ INFO    │ pipeline.enrichment.founder_enricher │   Found founder: Gurish Sharma (photo: yes)
09:24:00 │ INFO    │ httpx │ HTTP Request: POST http://127.0.0.1:11434/api/chat "HTTP/1.1 200 OK"
09:24:00 │ INFO    │ pipeline.enrichment.founder_enricher │   Found founder: Conor Brennan-Burke (photo: yes)
09:24:00 │ INFO    │ httpx │ HTTP Request: POST http://127.0.0.1:11434/api/chat "HTTP/1.1 200 OK"
09:24:00 │ INFO    │ pipeline.enrichment.founder_enricher │   Found founder: Edison Chiu (photo: yes)
09:24:00 │ INFO    │ httpx │ HTTP Request: POST http://127.0.0.1:11434/api/chat "HTTP/1.1 200 OK"
09:24:00 │ INFO    │ pipeline.enrichment.founder_enricher │   Found founder: Bright Xu (photo: yes)
09:24:00 │ INFO    │ pipeline.enrichment.founder_enricher │ Aspect: extracted 3 founders
09:24:01 │ INFO    │ httpx │ HTTP Request: POST http://127.0.0.1:11434/api/chat "HTTP/1.1 200 OK"
09:24:01 │ INFO    │ pipeline.enrichment.founder_enricher │   Found founder: Manu Ebert (photo: yes)
09:24:01 │ INFO    │ pipeline.enrichment.founder_enricher │ Hyperspell: extracted 2 founders
09:24:01 │ INFO    │ httpx │ HTTP Request: POST http://127.0.0.1:11434/api/chat "HTTP/1.1 200 OK"
09:24:01 │ INFO    │ pipeline.enrichment.founder_enricher │   Found founder: Prateek Sachan (photo: yes)
09:24:02 │ INFO    │ httpx │ HTTP Request: POST http://127.0.0.1:11434/api/chat "HTTP/1.1 200 OK"
09:24:02 │ INFO    │ pipeline.enrichment.founder_enricher │   Found founder: Maitreya Wagh (photo: yes)
09:24:02 │ INFO    │ pipeline.enrichment.founder_enricher │ Bolna AI: extracted 2 founders
09:24:02 │ INFO    │ httpx │ HTTP Request: POST http://127.0.0.1:11434/api/chat "HTTP/1.1 200 OK"
09:24:02 │ INFO    │ pipeline.enrichment.founder_enricher │   Found founder: Amir Hanna (photo: yes)
09:24:03 │ INFO    │ httpx │ HTTP Request: POST http://127.0.0.1:11434/api/chat "HTTP/1.1 200 OK"
09:24:03 │ INFO    │ pipeline.enrichment.founder_enricher │   Found founder: Erik Dahl (photo: yes)
09:24:03 │ INFO    │ httpx │ HTTP Request: POST http://127.0.0.1:11434/api/chat "HTTP/1.1 200 OK"
09:24:03 │ INFO    │ pipeline.enrichment.founder_enricher │   Found founder: Julia Hudea (photo: yes)
09:24:03 │ INFO    │ pipeline.enrichment.founder_enricher │ Parrot: extracted 3 founders
09:24:03 │ INFO    │ httpx │ HTTP Request: POST http://127.0.0.1:11434/api/chat "HTTP/1.1 200 OK"
09:24:03 │ INFO    │ pipeline.enrichment.founder_enricher │   Found founder: Ismail Jeilani (photo: yes)
09:24:03 │ INFO    │ httpx │ HTTP Request: POST http://127.0.0.1:11434/api/chat "HTTP/1.1 200 OK"
09:24:03 │ INFO    │ pipeline.enrichment.founder_enricher │   Found founder: Elias Kassell (photo: yes)
09:24:03 │ INFO    │ pipeline.enrichment.founder_enricher │ Brickwise: extracted 2 founders
09:24:04 │ INFO    │ httpx │ HTTP Request: POST http://127.0.0.1:11434/api/chat "HTTP/1.1 200 OK"
09:24:04 │ INFO    │ pipeline.enrichment.founder_enricher │   Found founder: Raymond Zhao (photo: yes)
09:24:04 │ INFO    │ httpx │ HTTP Request: POST http://127.0.0.1:11434/api/chat "HTTP/1.1 200 OK"
09:24:04 │ INFO    │ pipeline.enrichment.founder_enricher │   Found founder: Issy Greenslade (photo: yes)
09:24:04 │ INFO    │ httpx │ HTTP Request: POST http://127.0.0.1:11434/api/chat "HTTP/1.1 200 OK"
09:24:04 │ INFO    │ pipeline.enrichment.founder_enricher │   Found founder: Brandon Abreu Smith (photo: yes)
09:24:04 │ INFO    │ pipeline.enrichment.founder_enricher │ Structured AI: extracted 3 founders
09:24:05 │ INFO    │ httpx │ HTTP Request: POST http://127.0.0.1:11434/api/chat "HTTP/1.1 200 OK"
09:24:05 │ INFO    │ pipeline.enrichment.founder_enricher │   Found founder: Julius Körfgen (photo: yes)
09:24:05 │ INFO    │ httpx │ HTTP Request: POST http://127.0.0.1:11434/api/chat "HTTP/1.1 200 OK"
09:24:05 │ INFO    │ pipeline.enrichment.founder_enricher │   Found founder: Marvin Abdel-Massih (photo: yes)
09:24:05 │ INFO    │ httpx │ HTTP Request: POST http://127.0.0.1:11434/api/chat "HTTP/1.1 200 OK"
09:24:05 │ INFO    │ pipeline.enrichment.founder_enricher │   Found founder: Lukas Vollmer (photo: yes)
09:24:05 │ INFO    │ pipeline.enrichment.founder_enricher │ Uplane: extracted 3 founders
09:24:06 │ INFO    │ httpx │ HTTP Request: POST http://127.0.0.1:11434/api/chat "HTTP/1.1 200 OK"
09:24:06 │ INFO    │ pipeline.enrichment.founder_enricher │   Found founder: Madhav Lavakare (photo: yes)
09:24:06 │ INFO    │ httpx │ HTTP Request: POST http://127.0.0.1:11434/api/chat "HTTP/1.1 200 OK"
09:24:06 │ INFO    │ pipeline.enrichment.founder_enricher │   Found founder: Nirbhay Narang (photo: yes)
09:24:06 │ INFO    │ pipeline.enrichment.founder_enricher │ AirCaps: extracted 2 founders
09:24:07 │ INFO    │ httpx │ HTTP Request: POST http://127.0.0.1:11434/api/chat "HTTP/1.1 200 OK"
09:24:07 │ INFO    │ pipeline.enrichment.founder_enricher │   Found founder: Lucas Otterling (photo: yes)
09:24:07 │ INFO    │ httpx │ HTTP Request: POST http://127.0.0.1:11434/api/chat "HTTP/1.1 200 OK"
09:24:07 │ INFO    │ pipeline.enrichment.founder_enricher │   Found founder: Linus Bein Fahlander (photo: yes)
09:24:07 │ INFO    │ pipeline.enrichment.founder_enricher │ Brickanta: extracted 2 founders
09:24:07 │ INFO    │ httpx │ HTTP Request: POST http://127.0.0.1:11434/api/chat "HTTP/1.1 200 OK"
09:24:07 │ INFO    │ pipeline.enrichment.founder_enricher │   Found founder: Don Muir (photo: yes)
09:24:07 │ INFO    │ pipeline.enrichment.founder_enricher │ F2: extracted 1 founders
09:24:09 │ INFO    │ httpx │ HTTP Request: POST http://127.0.0.1:11434/api/chat "HTTP/1.1 200 OK"
09:24:09 │ INFO    │ pipeline.enrichment.founder_enricher │   Found founder: Zane Hengsperger (photo: yes)
09:24:09 │ INFO    │ pipeline.enrichment.founder_enricher │ Nox Metals: extracted 1 founders
09:24:09 │ INFO    │ httpx │ HTTP Request: POST http://127.0.0.1:11434/api/chat "HTTP/1.1 200 OK"
09:24:09 │ INFO    │ pipeline.enrichment.founder_enricher │   Found founder: Peggy Wang (photo: yes)
09:24:10 │ INFO    │ httpx │ HTTP Request: POST http://127.0.0.1:11434/api/chat "HTTP/1.1 200 OK"
09:24:10 │ INFO    │ pipeline.enrichment.founder_enricher │   Found founder: Hammad Malik (photo: yes)
09:24:10 │ INFO    │ httpx │ HTTP Request: POST http://127.0.0.1:11434/api/chat "HTTP/1.1 200 OK"
09:24:10 │ INFO    │ pipeline.enrichment.founder_enricher │   Found founder: Mathew Matakovic (photo: yes)
09:24:10 │ INFO    │ pipeline.enrichment.founder_enricher │ Digipals: extracted 2 founders
09:24:10 │ INFO    │ httpx │ HTTP Request: POST http://127.0.0.1:11434/api/chat "HTTP/1.1 200 OK"
09:24:10 │ INFO    │ pipeline.enrichment.founder_enricher │   Found founder: Zaid Qureshi (photo: yes)
09:24:10 │ INFO    │ pipeline.enrichment.founder_enricher │ Uplift AI: extracted 2 founders
09:24:11 │ INFO    │ pipeline.enrichment.founder_enricher │ Luminal: extracted 0 founders
09:24:12 │ INFO    │ httpx │ HTTP Request: POST http://127.0.0.1:11434/api/chat "HTTP/1.1 200 OK"
09:24:12 │ INFO    │ pipeline.enrichment.founder_enricher │   Found founder: Tunga Bayrak (photo: yes)
09:24:13 │ INFO    │ httpx │ HTTP Request: POST http://127.0.0.1:11434/api/chat "HTTP/1.1 200 OK"
09:24:13 │ INFO    │ pipeline.enrichment.founder_enricher │   Found founder: Joseph Jacob (photo: yes)
09:24:13 │ INFO    │ httpx │ HTTP Request: POST http://127.0.0.1:11434/api/chat "HTTP/1.1 200 OK"
09:24:13 │ INFO    │ pipeline.enrichment.founder_enricher │   Found founder: Tomas Nepala (photo: yes)
09:24:13 │ INFO    │ pipeline.enrichment.founder_enricher │ Freya: extracted 2 founders
09:24:13 │ INFO    │ httpx │ HTTP Request: POST http://127.0.0.1:11434/api/chat "HTTP/1.1 200 OK"
09:24:13 │ INFO    │ pipeline.enrichment.founder_enricher │   Found founder: Rhea Karimpanal (photo: yes)
09:24:13 │ INFO    │ httpx │ HTTP Request: POST http://127.0.0.1:11434/api/chat "HTTP/1.1 200 OK"
09:24:13 │ INFO    │ pipeline.enrichment.founder_enricher │   Found founder: Abhay Kalra (photo: yes)
09:24:13 │ INFO    │ pipeline.enrichment.founder_enricher │ Avent: extracted 1 founders
09:24:14 │ INFO    │ httpx │ HTTP Request: POST http://127.0.0.1:11434/api/chat "HTTP/1.1 200 OK"
09:24:14 │ INFO    │ pipeline.enrichment.founder_enricher │   Found founder: Chandru Shanumugasundaram (photo: yes)
09:24:14 │ INFO    │ pipeline.enrichment.founder_enricher │ burnt: extracted 3 founders
09:24:15 │ INFO    │ httpx │ HTTP Request: POST http://127.0.0.1:11434/api/chat "HTTP/1.1 200 OK"
09:24:15 │ INFO    │ pipeline.enrichment.founder_enricher │   Found founder: Joshua March (photo: yes)
09:24:16 │ INFO    │ httpx │ HTTP Request: POST http://127.0.0.1:11434/api/chat "HTTP/1.1 200 OK"
09:24:16 │ INFO    │ pipeline.enrichment.founder_enricher │   Found founder: David Schlesinger (photo: yes)
09:24:16 │ INFO    │ httpx │ HTTP Request: POST http://127.0.0.1:11434/api/chat "HTTP/1.1 200 OK"
09:24:16 │ INFO    │ pipeline.enrichment.founder_enricher │   Found founder: Winston Chi (photo: yes)
09:24:16 │ INFO    │ httpx │ HTTP Request: POST http://127.0.0.1:11434/api/chat "HTTP/1.1 200 OK"
09:24:16 │ INFO    │ pipeline.enrichment.founder_enricher │   Found founder: Joseph Stein (photo: yes)
09:24:16 │ INFO    │ pipeline.enrichment.founder_enricher │ Veritus: extracted 3 founders
09:24:16 │ INFO    │ httpx │ HTTP Request: POST http://127.0.0.1:11434/api/chat "HTTP/1.1 200 OK"
09:24:16 │ INFO    │ pipeline.enrichment.founder_enricher │   Found founder: Alex Xi (photo: yes)
09:24:16 │ INFO    │ pipeline.enrichment.founder_enricher │ NOSO LABS: extracted 2 founders
09:24:17 │ INFO    │ httpx │ HTTP Request: POST http://127.0.0.1:11434/api/chat "HTTP/1.1 200 OK"
09:24:17 │ INFO    │ pipeline.enrichment.founder_enricher │   Found founder: Tanner Jones (photo: yes)
09:24:17 │ INFO    │ httpx │ HTTP Request: POST http://127.0.0.1:11434/api/chat "HTTP/1.1 200 OK"
09:24:17 │ INFO    │ pipeline.enrichment.founder_enricher │   Found founder: Chris Minge (photo: yes)
09:24:17 │ INFO    │ httpx │ HTTP Request: POST http://127.0.0.1:11434/api/chat "HTTP/1.1 200 OK"
09:24:17 │ INFO    │ pipeline.enrichment.founder_enricher │   Found founder: Aleksander Mekhanik (photo: yes)
09:24:17 │ INFO    │ pipeline.enrichment.founder_enricher │ Vulcan Technologies: extracted 3 founders
09:24:18 │ INFO    │ httpx │ HTTP Request: POST http://127.0.0.1:11434/api/chat "HTTP/1.1 200 OK"
09:24:18 │ INFO    │ pipeline.enrichment.founder_enricher │   Found founder: Luke Shiels (photo: yes)
09:24:18 │ INFO    │ pipeline.enrichment.founder_enricher │ Interfere: extracted 1 founders
09:24:19 │ INFO    │ httpx │ HTTP Request: POST http://127.0.0.1:11434/api/chat "HTTP/1.1 200 OK"
09:24:19 │ INFO    │ pipeline.enrichment.founder_enricher │   Found founder: Eshan Dosani (photo: yes)
09:24:19 │ INFO    │ httpx │ HTTP Request: POST http://127.0.0.1:11434/api/chat "HTTP/1.1 200 OK"
09:24:19 │ INFO    │ pipeline.enrichment.founder_enricher │   Found founder: Kyle Jung (photo: yes)
09:24:19 │ INFO    │ pipeline.enrichment.founder_enricher │ Perspectives Health: extracted 2 founders
09:24:20 │ INFO    │ httpx │ HTTP Request: POST http://127.0.0.1:11434/api/chat "HTTP/1.1 200 OK"
09:24:20 │ INFO    │ pipeline.enrichment.founder_enricher │   Found founder: Thomas Shelley (photo: yes)
09:24:20 │ INFO    │ httpx │ HTTP Request: POST http://127.0.0.1:11434/api/chat "HTTP/1.1 200 OK"
09:24:20 │ INFO    │ pipeline.enrichment.founder_enricher │   Found founder: Patrick Fay (photo: yes)
09:24:20 │ INFO    │ pipeline.enrichment.founder_enricher │ Magnetic: extracted 2 founders
09:24:21 │ INFO    │ httpx │ HTTP Request: POST http://127.0.0.1:11434/api/chat "HTTP/1.1 200 OK"
09:24:21 │ INFO    │ pipeline.enrichment.founder_enricher │   Found founder: Saurav Kumar (photo: yes)
09:24:21 │ INFO    │ httpx │ HTTP Request: POST http://127.0.0.1:11434/api/chat "HTTP/1.1 200 OK"
09:24:21 │ INFO    │ pipeline.enrichment.founder_enricher │   Found founder: Veer Juneja (photo: yes)
09:24:21 │ INFO    │ pipeline.enrichment.founder_enricher │ Fleetline: extracted 2 founders
09:24:22 │ INFO    │ httpx │ HTTP Request: POST http://127.0.0.1:11434/api/chat "HTTP/1.1 200 OK"
09:24:22 │ INFO    │ pipeline.enrichment.founder_enricher │   Found founder: Glenn Töws (photo: yes)
09:24:22 │ INFO    │ httpx │ HTTP Request: POST http://127.0.0.1:11434/api/chat "HTTP/1.1 200 OK"
09:24:22 │ INFO    │ pipeline.enrichment.founder_enricher │   Found founder: Julian Goetze (photo: yes)
09:24:22 │ INFO    │ pipeline.enrichment.founder_enricher │ stagewise: extracted 2 founders
09:24:23 │ INFO    │ httpx │ HTTP Request: POST http://127.0.0.1:11434/api/chat "HTTP/1.1 200 OK"
09:24:23 │ INFO    │ pipeline.enrichment.founder_enricher │   Found founder: John Ferrara (photo: yes)
09:24:23 │ INFO    │ pipeline.enrichment.founder_enricher │ Juxta: extracted 1 founders
09:24:24 │ INFO    │ httpx │ HTTP Request: POST http://127.0.0.1:11434/api/chat "HTTP/1.1 200 OK"
09:24:24 │ INFO    │ pipeline.enrichment.founder_enricher │   Found founder: Jerry Qian (photo: yes)
09:24:25 │ INFO    │ httpx │ HTTP Request: POST http://127.0.0.1:11434/api/chat "HTTP/1.1 200 OK"
09:24:25 │ INFO    │ pipeline.enrichment.founder_enricher │   Found founder: Bora Mutluoglu (photo: yes)
09:24:25 │ INFO    │ pipeline.enrichment.founder_enricher │ Reacher: extracted 2 founders
09:24:25 │ INFO    │ httpx │ HTTP Request: POST http://127.0.0.1:11434/api/chat "HTTP/1.1 200 OK"
09:24:25 │ INFO    │ pipeline.enrichment.founder_enricher │   Found founder: Peter Tribelhorn (photo: yes)
09:24:26 │ INFO    │ httpx │ HTTP Request: POST http://127.0.0.1:11434/api/chat "HTTP/1.1 200 OK"
09:24:26 │ INFO    │ pipeline.enrichment.founder_enricher │   Found founder: Chia-Lun Wu (photo: yes)
09:24:26 │ INFO    │ pipeline.enrichment.founder_enricher │ Hera: extracted 2 founders
09:24:26 │ INFO    │ httpx │ HTTP Request: POST http://127.0.0.1:11434/api/chat "HTTP/1.1 200 OK"
09:24:26 │ INFO    │ pipeline.enrichment.founder_enricher │   Found founder: Alejandro Salinas (photo: yes)
09:24:27 │ INFO    │ httpx │ HTTP Request: POST http://127.0.0.1:11434/api/chat "HTTP/1.1 200 OK"
09:24:27 │ INFO    │ pipeline.enrichment.founder_enricher │   Found founder: Joshua Chang (photo: yes)
09:24:27 │ INFO    │ pipeline.enrichment.founder_enricher │ Locata: extracted 2 founders
09:24:28 │ INFO    │ httpx │ HTTP Request: POST http://127.0.0.1:11434/api/chat "HTTP/1.1 200 OK"
09:24:28 │ INFO    │ pipeline.enrichment.founder_enricher │   Found founder: Ayaan Parikh (photo: yes)
09:24:28 │ INFO    │ httpx │ HTTP Request: POST http://127.0.0.1:11434/api/chat "HTTP/1.1 200 OK"
09:24:28 │ INFO    │ pipeline.enrichment.founder_enricher │   Found founder: Rahul Vijayan (photo: yes)
09:24:28 │ INFO    │ pipeline.enrichment.founder_enricher │ Convexia: extracted 2 founders
09:24:29 │ INFO    │ httpx │ HTTP Request: POST http://127.0.0.1:11434/api/chat "HTTP/1.1 200 OK"
09:24:29 │ INFO    │ pipeline.enrichment.founder_enricher │   Found founder: Amayr Babar (photo: yes)
09:24:29 │ INFO    │ httpx │ HTTP Request: POST http://127.0.0.1:11434/api/chat "HTTP/1.1 200 OK"
09:24:29 │ INFO    │ pipeline.enrichment.founder_enricher │   Found founder: Ivan Chub (photo: yes)
09:24:29 │ INFO    │ httpx │ HTTP Request: POST http://127.0.0.1:11434/api/chat "HTTP/1.1 200 OK"
09:24:29 │ INFO    │ pipeline.enrichment.founder_enricher │   Found founder: Ali Sareini (photo: yes)
09:24:29 │ INFO    │ pipeline.enrichment.founder_enricher │ Nautilus: extracted 2 founders
09:24:29 │ INFO    │ httpx │ HTTP Request: POST http://127.0.0.1:11434/api/chat "HTTP/1.1 200 OK"
09:24:29 │ INFO    │ pipeline.enrichment.founder_enricher │   Found founder: Nalu Concepcion (photo: yes)
09:24:30 │ INFO    │ httpx │ HTTP Request: POST http://127.0.0.1:11434/api/chat "HTTP/1.1 200 OK"
09:24:30 │ INFO    │ pipeline.enrichment.founder_enricher │   Found founder: Tony Goss (photo: yes)
09:24:30 │ INFO    │ pipeline.enrichment.founder_enricher │ Idler: extracted 3 founders
09:24:30 │ INFO    │ httpx │ HTTP Request: POST http://127.0.0.1:11434/api/chat "HTTP/1.1 200 OK"
09:24:30 │ INFO    │ pipeline.enrichment.founder_enricher │   Found founder: Yujian Yao (photo: yes)
09:24:30 │ INFO    │ httpx │ HTTP Request: POST http://127.0.0.1:11434/api/chat "HTTP/1.1 200 OK"
09:24:30 │ INFO    │ pipeline.enrichment.founder_enricher │   Found founder: Edward Look (photo: yes)
09:24:30 │ INFO    │ pipeline.enrichment.founder_enricher │ Floot: extracted 2 founders
09:24:31 │ INFO    │ httpx │ HTTP Request: POST http://127.0.0.1:11434/api/chat "HTTP/1.1 200 OK"
09:24:31 │ INFO    │ pipeline.enrichment.founder_enricher │   Found founder: Rishabh Chanana (photo: yes)
09:24:32 │ INFO    │ httpx │ HTTP Request: POST http://127.0.0.1:11434/api/chat "HTTP/1.1 200 OK"
09:24:32 │ INFO    │ pipeline.enrichment.founder_enricher │   Found founder: Chris Hailey (photo: yes)
09:24:32 │ INFO    │ pipeline.enrichment.founder_enricher │ OS3: extracted 2 founders
09:24:32 │ INFO    │ httpx │ HTTP Request: POST http://127.0.0.1:11434/api/chat "HTTP/1.1 200 OK"
09:24:32 │ INFO    │ pipeline.enrichment.founder_enricher │   Found founder: Riya Jagetia (photo: yes)
09:24:33 │ INFO    │ httpx │ HTTP Request: POST http://127.0.0.1:11434/api/chat "HTTP/1.1 200 OK"
09:24:33 │ INFO    │ pipeline.enrichment.founder_enricher │   Found founder: Satya Vasanth Tumati (photo: yes)
09:24:33 │ INFO    │ pipeline.enrichment.founder_enricher │ Socratix AI: extracted 2 founders
09:24:34 │ INFO    │ httpx │ HTTP Request: POST http://127.0.0.1:11434/api/chat "HTTP/1.1 200 OK"
09:24:34 │ INFO    │ pipeline.enrichment.founder_enricher │   Found founder: Aoden Teo (photo: yes)
09:24:34 │ INFO    │ httpx │ HTTP Request: POST http://127.0.0.1:11434/api/chat "HTTP/1.1 200 OK"
09:24:34 │ INFO    │ pipeline.enrichment.founder_enricher │   Found founder: Neha Suresh (photo: yes)
09:24:34 │ INFO    │ httpx │ HTTP Request: POST http://127.0.0.1:11434/api/chat "HTTP/1.1 200 OK"
09:24:34 │ INFO    │ pipeline.enrichment.founder_enricher │   Found founder: Cassidy Dalva (photo: yes)
09:24:34 │ INFO    │ pipeline.enrichment.founder_enricher │ Miso Labs: extracted 2 founders
09:24:35 │ INFO    │ httpx │ HTTP Request: POST http://127.0.0.1:11434/api/chat "HTTP/1.1 200 OK"
09:24:35 │ INFO    │ pipeline.enrichment.founder_enricher │   Found founder: Akash Thakur (photo: yes)
09:24:35 │ INFO    │ pipeline.enrichment.founder_enricher │ ProcIndex: extracted 2 founders
09:24:35 │ INFO    │ httpx │ HTTP Request: POST http://127.0.0.1:11434/api/chat "HTTP/1.1 200 OK"
09:24:35 │ INFO    │ pipeline.enrichment.founder_enricher │   Found founder: Jonas Morgner (photo: yes)
09:24:35 │ INFO    │ httpx │ HTTP Request: POST http://127.0.0.1:11434/api/chat "HTTP/1.1 200 OK"
09:24:35 │ INFO    │ pipeline.enrichment.founder_enricher │   Found founder: Linus Boehm (photo: yes)
09:24:36 │ INFO    │ httpx │ HTTP Request: POST http://127.0.0.1:11434/api/chat "HTTP/1.1 200 OK"
09:24:36 │ INFO    │ pipeline.enrichment.founder_enricher │   Found founder: Lorenz Neuner (photo: yes)
09:24:36 │ INFO    │ pipeline.enrichment.founder_enricher │ Finto: extracted 3 founders
09:24:36 │ INFO    │ httpx │ HTTP Request: POST http://127.0.0.1:11434/api/chat "HTTP/1.1 200 OK"
09:24:36 │ INFO    │ pipeline.enrichment.founder_enricher │   Found founder: Jai Relan (photo: yes)
09:24:37 │ INFO    │ httpx │ HTTP Request: POST http://127.0.0.1:11434/api/chat "HTTP/1.1 200 OK"
09:24:37 │ INFO    │ pipeline.enrichment.founder_enricher │   Found founder: Anya Singh (photo: yes)
09:24:37 │ INFO    │ pipeline.enrichment.founder_enricher │ Relling: extracted 2 founders
09:24:37 │ INFO    │ httpx │ HTTP Request: POST http://127.0.0.1:11434/api/chat "HTTP/1.1 200 OK"
09:24:37 │ INFO    │ pipeline.enrichment.founder_enricher │   Found founder: Pietro Zullo (photo: yes)
09:24:38 │ INFO    │ httpx │ HTTP Request: POST http://127.0.0.1:11434/api/chat "HTTP/1.1 200 OK"
09:24:38 │ INFO    │ pipeline.enrichment.founder_enricher │   Found founder: Luigi Pederzani (photo: yes)
09:24:38 │ INFO    │ pipeline.enrichment.founder_enricher │ Manufact: extracted 2 founders
09:24:38 │ INFO    │ httpx │ HTTP Request: POST http://127.0.0.1:11434/api/chat "HTTP/1.1 200 OK"
09:24:38 │ INFO    │ pipeline.enrichment.founder_enricher │   Found founder: Amulya Balakrishnan (photo: yes)
09:24:38 │ INFO    │ pipeline.enrichment.founder_enricher │ Novaflow: extracted 1 founders
09:24:39 │ INFO    │ httpx │ HTTP Request: POST http://127.0.0.1:11434/api/chat "HTTP/1.1 200 OK"
09:24:39 │ INFO    │ pipeline.enrichment.founder_enricher │   Found founder: Jason Cornelius (photo: yes)
09:24:40 │ INFO    │ httpx │ HTTP Request: POST http://127.0.0.1:11434/api/chat "HTTP/1.1 200 OK"
09:24:40 │ INFO    │ pipeline.enrichment.founder_enricher │   Found founder: Steve Messinger (photo: yes)
09:24:40 │ INFO    │ pipeline.enrichment.founder_enricher │ Perseus Defense: extracted 2 founders
09:24:40 │ INFO    │ httpx │ HTTP Request: POST http://127.0.0.1:11434/api/chat "HTTP/1.1 200 OK"
09:24:40 │ INFO    │ pipeline.enrichment.founder_enricher │   Found founder: Herman Båverud Olsson (photo: yes)
09:24:40 │ INFO    │ httpx │ HTTP Request: POST http://127.0.0.1:11434/api/chat "HTTP/1.1 200 OK"
09:24:40 │ INFO    │ pipeline.enrichment.founder_enricher │   Found founder: Sorena Amini (photo: yes)
09:24:41 │ INFO    │ httpx │ HTTP Request: POST http://127.0.0.1:11434/api/chat "HTTP/1.1 200 OK"
09:24:41 │ INFO    │ pipeline.enrichment.founder_enricher │   Found founder: Linus Malmén (photo: yes)
09:24:41 │ INFO    │ pipeline.enrichment.founder_enricher │ Solva: extracted 3 founders
09:24:42 │ INFO    │ pipeline │ Storing companies in SQLite...
09:24:42 │ INFO    │ pipeline │ Exporting to JSON...
09:24:42 │ INFO    │ pipeline.storage.export │ Exported 276 companies to /Users/yatharth/job_hunt/data/companies.json (avg completeness: 99%)
09:24:42 │ INFO    │ pipeline │ Pipeline complete in 415.56s
